business_id,growth_proxy_active_months,growth_proxy_review_volume_trend
--OS_I7dnABrXvRCCuWOGQ,5,
--sXnWH9Xm6_NvIjyuA99w,22,0.0020180598544398366
-0M0b-XhtFagyLmsBtOe8w,13,-0.007928913192071086
-0PN_KFPtbnLQZEeb23XiA,11,-0.0013145082765335925
-0TffRSXXIlBYVbb5AwfTg,104,-0.04436146377893951
-0eUa8TsXFFy0FCxHYmrjg,22,0.01204950065132436
-0fvhILrC9UsQ6gLNpZlTQ,10,0.009090909090909101
-0x-MbRbsi9YoPxB873qcw,5,
-1B9pP_CrRBJYPICE5WbRA,111,-0.11614455929929772
-1DxQ1CxSc_JCxzKm9bglg,10,1.6462937811252354e-05
-1b2kNOowsPrPpBOK4lNkQ,9,0.1696969696969697
-1yftDfgOUlxe_IACM5PFg,18,-0.010921880784894481
-1yt2mk60wWuQz9hPVKZCA,16,-0.002543407487791644
-2-ih3mE8KPyeKVIzpBfPQ,24,-0.1668520578420467
-2vZHP5Ej9FroxJo8qYJXA,5,
-2xzyHY8uWnLmyQkkfwMuQ,14,0.00018123451553507576
-32hOCwsuKd04WO-HQyYFg,44,-0.007291861494532351
-3ArWZfDjfab8qVHf3WVtg,5,
-3Z9SadSY-w_ckVGQ0dedQ,8,-0.012588943623426383
-3e3CP3FFc-rvJj_-_airw,52,0.0007909108028372353
-3m_nXlyvdKAVNNmVirpGQ,14,-9.373828271466067e-05
-40qQXB8JsneSiDqXMjoeg,11,-0.022727272727272714
-49SvmoGFrpZj5jmT1n4Sg,4,
-4HMjEGQgduIMMTe0WPQBA,99,-0.008204698527279172
-4N4YEobjG89VQsEgqZshg,7,-0.38333333333333336
-4dYswJy7SPcbcERvitmIg,30,0.0018560822387207313
-4zwfrKm21Rf89pTJRhG9w,6,-0.003619909502262443
-54X2p-t4_toIoem4k_SvA,10,0.0015012510425354455
-5LzSdkohuiRPOLi0GGCJQ,7,0.0003376422921088172
-5Rah4ZvWsDu4oilUZxhtw,143,-0.003748733535967578
-5ink0kIoVfuS5Zi_6QBnQ,55,-0.0007943323314727348
-5jh7Rgm_jP2SclLrZG80A,12,0.00035538788537373817
-5uzjjKUA-kt81j605d5Jg,72,0.004811050876388866
-63ytt5vkWof-M9NDGTkng,15,-0.0030474840538625082
-6AjXJIUlbGSUohUzg9-iA,13,-0.0021205173163092515
-6MEKOmFu6jckT3pruSxHg,22,-0.0028072502210433246
-6nQZ-QCkAyNHdtaxOxDpQ,39,-0.036878751500600236
-7KyK-QIAjFicDhpifwbPw,16,0.0004773507035950475
-8-8mbxQEpZx8Zs_nrzljA,14,0.010847975553857907
-8iiwnBs4yu4s1yLkWzU9Q,19,0.0019667832167832165
-9CvbWc-vPYsoioAgZii4Q,11,-0.02818532818532819
-ATiAtTikuGuqvaW2O6tNA,150,0.014688448537211097
-AanHawaDlzWHQjrqRRWig,36,-0.0007103811371136358
-AbzJTLQdbdQrhRzQLgsKA,8,0.1010989010989011
-Ah-gbZpa-IiQVIrhKRhhA,42,-0.028775510204081634
-BLVl824WRLFIm_uiHmkbA,57,-0.001838610827374872
-Be75AsLHhBrrDYZwfwSCA,5,
-BhSR6dAry5-2x3ndjX_9w,41,-0.03577989677193596
-Bhoyo7LL97tgt9Hze0Saw,14,0.0008574123295892998
-BjXcRcvDqOQ23eUKx6hjg,80,-0.03418589565378557
-Bl2AA2Ujp1EBp0hEw6sIA,26,3.265009976419378e-05
-CIZAVxbJ9RDWl9Xx9kzOg,15,-0.005987762237762237
-CRjqZ4GxZ6lIa_qMj7-yw,51,0.002720607239535864
-Cf4TdTeHqdk3ZmK9_4p3w,16,0.0002452945893674228
-CoVlGcw8nOmkp_ASc_DIQ,28,-0.01777844929616479
-DGsnMlRrR_tv8avrpQLQw,178,0.005190470772448244
-D_3emciINpjvYXsHCf8OA,28,0.0005600248899951111
-E5FEJIZdmwV7A1XGdhUeA,17,0.00014580447619741936
-F04D8Q5oACUCW_zEMkS1A,8,-0.0005245095835393907
-FMI0_EhMjwXaAgHVGuG2Q,29,-0.1092375366568915
-FSNRWP_3twzsH-qliHcZQ,9,-0.0035287579883300914
-FrAoc8_01YaTiwc1zByOA,3,
-HFXvEB8mBf7jZRd2on-zA,5,
-HewctWQ0P3HqKCr76bU-g,67,-0.0010667140761811637
-HxLFWKVgXSU8JlR21PBkg,9,-0.048484848484848485
-IRJAg0tkspFukxKY87TBA,12,-0.019230769230769225
-IZpkWsJKfq35eJLzaUcvA,47,-0.0017070308332444262
-Is2hkDjuguxmahjh8Spjw,38,0.0020015735641227394
-IxZMOReWDCJDD-A2N92_Q,42,0.0025525435872940042
-K80PQ45I5AeYWSCcEcy6g,13,0.0001995370739883473
-KWel73upKHxstRCr9JGLw,70,-0.001566075735507682
-KncfNxXHo2DA46fR39K5w,10,0.00038197097020626426
-KoF5X8toS6VBY3DvNeuDA,15,0.0024427160604834496
-L70iK2xSuBo1zsS9NP_Wg,7,-0.0001469291801351752
-LmhsdQproqCf5EQoD06rQ,5,
-LmyoKvQ3WPptdXTtVtwmw,5,
-LoYGjfeHbGklgmiJU9EMQ,16,-0.03227016885553471
-LpG-lx52Mjp7jyJ8YZHZQ,8,-0.0005667383232362718
-M4bstf1eZI1cltbABQO5g,5,
-MkngKKkTIVfnUbq2S1ucQ,12,-0.534965034965035
-N1WjsJUama2LpA668ctbA,16,-0.0009287011956372033
-NBNpfXO_WlUJFprqDtcSg,90,-0.009557301133220588
-NFHQ0ePNYu6SrwekdhcBw,9,-0.011538461538461537
-NG3pA9LEXCxt0Fjd_aYYA,31,-0.0025073028237585205
-NQgfwpVyvDlA7pmmeNwrg,25,0.0010277492291880781
-OIUunijjcq_ZzyyQhPPFQ,156,0.013963865167691377
-OPowcQMNgdjzofWhD9uvw,16,-0.004836415362731152
-Om8XgP9GZ4UUFbgTRI4YQ,63,-0.028744909292854507
-Or44IdY51Ukd618kikmtA,87,-0.035929288103201146
-PMXnNJ1D67NkAupRHNkpQ,22,0.0011644154634373543
-PqeUUIN8Qgqhv5KMiRfHA,24,-0.003931505387816068
-Q9gvLmYlv68lT9Z2kH09g,9,-0.01303475935828877
-QG6KSRQKTQ80--wqrnLTg,8,-0.0011487194306975394
-QI8Qi8XWH3D8y8ethnajA,178,0.06918707213258023
-QwHN9KoluPcA0YFllwFYQ,10,-1.8433179723502327e-05
-R3PWE4ycIc-xElcPqqetw,24,-0.0007360128802254037
-R8qYNbQq8g1abR5IpGgWw,5,
-RJfiKv_UsYol83dkfqpHQ,6,-0.001208733096623102
-RckAAIJ-_KH0AzqrekYuw,38,-0.10106382978723405
-RpUSbVtSGO9LZwMzGogww,9,-1.6166666666666667
-RzbRfPnKcwTixtokN-p6A,5,
-SkwJp45TBbqxYzuYHcerA,5,
-TTYvZ6HvJESApv1drFgkA,7,-0.0005282112845138056
-TW-0EqgnzUNHzV9VPSLoQ,4,
-TZgzh-CIUQuPCSopuvXgA,6,-0.0004059250818971662
-T_lkOvaK39R-Ufg6VUyxg,75,-0.04899578477560129
-TdNv5o5J2JjTmIuAbIWzw,12,-0.0017577359349511246
-Ti5pwj6mA99khsxxur8aQ,32,-0.03643048128342246
-U1GtVyd_kUo9a2P6pYFsQ,51,0.0007609859282093613
-UJ7ZTb3zfmqZogmy3fnGg,130,0.008781375816300976
-UgmhgFa6biagbAXEPpNhA,17,-0.003949870887168399
-V0vIgo6196MDn_x3ZaYmA,77,0.012291857450568157
-VEGatH4Ea3anbCS4wjgIQ,65,-0.012733273327332737
-VGUpTEsCUE9gJk50gbU6w,19,-0.0006251981261667431
-VH4B5o1sjZueC6go9FB1g,13,-0.001334642794188008
-VOl3gWKvEsjk5-Kht1xWg,6,0.005911330049261083
-Wyh5nrgFXVlkkbb1xC1yg,6,0.0008166715913194786
-X6ITNozAhXT4uVBjdCBUA,13,-0.0020180646172534727
-XClcHTlMjH-PBqV2l_KXA,20,0.0015711289010659707
-XFGOFiHD8AE3ihfErB-uQ,5,
-XIkgyZ3Uk1-Jp3zBFuapQ,9,0.04043478260869565
-Xbd9fxhkZtKVmIUi7me1Q,9,-0.003337041156840934
-YTipfQ0Yj0iF7m921rhmQ,12,0.0017339161218076077
-ZeEseRyVaUDYq2QimamBg,26,0.002303523035230351
-_0w82rV27l51N3ABkCI0A,79,0.00846776724624945
-_mCgBtlEGbzbTsjnuXm3Q,5,
-aZnEYYTqwE5Hc5YKp_HjQ,18,-0.0006171751013930527
-aeZuatjCDMV1X4gCTz9Ug,6,0.00049209010716629
-amg4-vvrHNPIzRDKF2Axg,18,0.0006506144142847263
-b6YqNf1yR1ZJbDCsygrxQ,14,0.0011072834645669291
-b8iNhBez0hRu478nIDhyg,21,-0.22332015810276679
-c7kNz3HjL3xc0LNBkTM8w,14,-0.007246376811594203
-cEFKAznWmI0cledNOIQ7w,85,-0.08494740317939528
-cLmu1wRg6DXCTl_MDo8EA,19,-0.03378487340751492
-cSHu3A9IalZn8s7NGJagw,64,-0.0028848027094666487
-cvHG83A7-kepbveSr4HYg,23,0.0063841421736158584
-e0akuVf-9zC6vBbQyT0Ng,5,
-eM3RSN178MaJouPTNkXJg,4,
-esrlwUKa3cQWouOr5y9Rw,32,-0.002121994266534722
-f9-YAj51rq1CUscVRwXEQ,21,-0.007040328092959671
-fCB9irkaglTWG7rBhcODg,4,
-fjIX9bvBKwXjQWfdgiWpQ,18,-0.1495726495726496
-fqjV6QqrKLUxpYCJoSsOQ,7,0.00044081442544414144
-fs09akgCKv5rTTy7iUHUg,72,-0.05403964456596034
-g1TzOsvh__DXii1R7K00A,13,-0.00775215337593776
-gWSPVXmvDBbOA0f-hIaeA,4,
-hCwC548xGJObF9NLeN5JA,5,
-hQIY99jDf1So2cZufUDMw,8,0.022138836772983117
-hsR1sWeD9Vw_nh5Qym2fg,111,0.0033732840080770965
-iejZ38ttViiaaHIAl5iYg,4,
-ilTnXu41RrxQITuolQhmQ,10,0.0030915287244401165
-jdKfTfO0RiZxagql-Tcfg,22,0.001271538489325579
-jjdFyiXbyldHOmpAXg-1Q,30,-0.0057435971534877
-k0SQn1uQVn0FN61uXYMsw,9,0.00689655172413793
-k1iNvlyQZkZ14Hcqzlk4Q,16,-0.011785758361100828
-k8xRvR5UUSjOaefkVgzLA,17,0.004887112112993554
-kTsfH9tz1EOyVrsV_oR8g,18,1.7987411740101547e-19
-kX4WpZWN_6Xp2mVsYoKVg,69,0.0014434480012465152
-kYESienondGaj9TFadkUg,63,-0.01042294362334243
-knsZfjC1tulGgNQ70NNGA,8,0.0007138857782754758
-l2U6S5kBlwHcXRr2pCPNg,21,-0.010767616932000495
-lOZM47MomBU4JYkzvN4Ww,30,0.0008126247052421549
-lT5o2BF6ZvSsh8PvpVOgQ,27,-0.04091836734693879
-lVEVi3vtQ8_L9kKT0bBwQ,45,-0.04682539682539682
-m4JBdAxvzOlGFZMjSQMMA,24,0.0005866089919507043
-mIlmp5l4hKlp1tvHRdvTg,165,0.10744664720821803
-mVpEeb0zGMv81_IWoXT5g,76,0.005303592079827313
-mY6tC7PXYOL40vc_SYX4g,7,0.0018759018759018761
-mc0GB26tKLQhxKpuR3xUw,6,-0.2976190476190476
-mxgEmVaB0Izs2-qaWJZ1A,5,
-nIXhxPvxST6bTuj9jo1UQ,31,-0.3449197860962567
-n_beuzQuajaezPD2PyQvA,15,-0.00337637046497806
-ols5tgh9GslgqmFvTOsDw,9,-0.0049330514446793506
-ooQlxiWp21ubVBlLSzM2w,6,-0.0012857977790765639
-p4zQq3RvGKohvLCa2kdag,7,0.0003306565895134625
-pPtjsbwgoJjOaI5g5NFNg,5,
-puKoJtGHpbPv87jZTR0zQ,5,
-qAsm0KkOERjvIMUynPTtA,37,-0.028493894165535955
-qBwKdTHaYClas69Y5biWQ,22,-0.2697947214076246
-qE-vxoQK-Ve-dMgHA9kSg,9,-0.015587044534412956
-qIAPgwbbiIWk7gOkqXgOA,22,0.0002449779519843215
-qP1L9kx0FoH-kFwHXEwbw,8,-0.0005844535359438921
-qWhas31o61V6vC6yo6NWw,32,0.0011449835408615999
-qXlrp191oly3g2hMvdZZw,36,0.0019329914436902315
-qZ3GVQpEa02BXg1ehzaMQ,12,-0.019758064516129027
-qn6GdZtOI-EqDbGq8Mq6A,9,-0.002657807308970099
-qpFT-RgBE2QXVcSjq57lQ,57,0.0024608978807452095
-qr5uBcrMsISGTjAzGKJ_g,21,0.0017218619066750845
-rBLDkfHNXV8LzofwLcjHw,11,-0.10526315789473685
-rDhWLQJ28L2ttkaftdZNQ,30,-0.12636320531057374
-rGocJekjtLnrn3MYKxJVg,5,
-rVeTFLcXZkE7HlaNXwFxA,55,0.00037031761857285315
-rme923YftBvVWv9omz8Ng,12,-0.0025961624541195436
-rvNMxUaQsJltsn0ftqpbQ,7,-0.0008108396457911022
-s4YiQuUM21pScGCrzW2KQ,19,-0.01131808985761729
-sRtgVuwRz7JJQaHiLV9zw,10,0.0003988035892323034
-sTrihdzACrsOSu1FYdfxQ,31,-0.43084028846932987
-sgYO5GUfGSkKneroisqjQ,42,-0.06251643093748356
-t1hxZ6X-XaIU4BBUQCXGA,7,0.005653170359052713
-t5dx3X0O63jCUuFEd-FcA,97,0.008398053559343881
-tQ0lqgfY8i5avBVyUMYWw,9,-1.6
-trR0p3U6i4MEzj0MwpQ6A,32,0.0027397735953885688
-tx2Fb2MWnEqiCmr23uOrQ,7,-0.0012195121951219514
-uPvL8kLaSzG-KxkSKL6RA,5,
-v1Ia8G_G00SuygAm6koUg,40,0.0016071735359480387
-v22Vz1chVp8VL4pnSj5RA,10,-0.004207688701359587
-v8dtO9BZmKidXLMohiQhQ,143,-0.0009159690036089169
-vB-ZzO1wuPaNhUExK56qQ,9,-0.0012080942313500481
-w3QfCAsyxnZxOWhOMAC6Q,60,0.0048754806811939205
-wkXI95IPxvIJhq2kaeskA,10,-0.0006026934530423575
-wtiB82sm2qhoJ64plIJZw,12,-0.00042558086036346895
-wwhD6SwDOJZlbZkHlIchQ,26,-0.5056410256410256
-x5Vz35KrGQewp4Wdw_uOQ,9,0.0009675858732462502
-xMyD5JSvirlYKBcwbLsEw,14,0.0027550441617373
-xRCCsf4QUp7jTjEHngPsQ,5,
-xV7ESuXJglzA_kdd8a7Mw,64,0.008660044279864417
-xov4QrIEkyNrSArhjmjZQ,34,0.0015377320146321646
-xxFeiRIn6XGs9n8YnR2BQ,7,0.004273709483793517
-yukfO02FkmJ35NBBgAh9A,7,0.0002770013346427944
-yxOY_fhwp4uss-8rGTGcA,5,
-zAfvusy7S9gRPDl6LsanQ,5,
-zCalZY32BXWUckU6AXCPg,8,-0.000758734935950125
-zsr3CEpjUKWvRNl9c7ecw,5,
0-7N3z_cb3Z1xMGDrbez6w,136,0.0035222154657981804
0-JRAY0LpBazDuA9761U5w,76,-0.06128691983122363
0-Lihni2Ak2RL6RwHb4fpw,9,-0.0032724080134088926
0-PClaUWGphUvuTH8wQ51w,26,-0.1263368983957219
0-l1nKLNgCfY583tezCZsA,6,0.0026098901098901097
0-tNITJZLzSARsR_rtkgvw,29,0.003354688410017472
006GkdbyGrW9rs8jBSjokQ,13,-0.0003734043572653584
00AGVWzkxNLGb-7ZrwAOIA,55,0.00012440389798880398
00Tcf1hTCb4uFSK99xI_hg,8,0.00018502193054059017
00Vn4VUTWl71_cFPziRQNQ,38,0.009809598741148702
00rIcvqmfci_oJWkOqPqmg,69,0.006395264766274955
00vHxQtHAIf7FnjGZuepfg,44,0.0012584138132865086
00xkSHUJxe0wL4wnPJTvWQ,7,0.010364145658263305
014TTYpoCTRxQ4rljxMmbQ,11,-0.0030730192733138244
018ixB-WinNmflwX2UvS1g,12,0.00031268321282001147
01YFYYmevGER3VJ1xFtUcA,27,-0.0529692082111437
01Ym9dytHULJdqich0_YIg,11,0.006877828054298641
01mP5a06zQpaYOakfaVBOQ,48,0.001526239357612687
02RvIa2kWpChi9zNSuwTHA,16,-0.009310092892182443
02nUjwVmJGTgGyiIi-hklg,4,
02nb6CI8w-2EoSEkQdk2Wg,74,0.0020497522311599546
02qFLwwFi8T804rHcYh7Zw,103,-0.0019260097065326729
0346ZLBXCnsGief7r2kmQQ,16,-0.0004689221085759245
03K9F1xumPgdRiohRrXyfw,8,-0.000151315137253265
03Z0iTZ29-Mh02OXE7sPBQ,10,-0.016129032258064512
03cvVjbkCOtiIt51M-MLFg,54,9.575591423942914e-05
03jQGGJ2ch0uHTtW-UUUqg,164,0.021671852465146087
03qRiWY2GZ8AJChPv41wCQ,12,0.0009103840682788048
03z1PDwgKroME5MWr763rw,5,
04UD14gamNjLY0IDYVhHJg,128,-0.0010964047175329539
04o5yH6y_49RkLuEaiW5mg,39,0.0017841740801892603
04srD0j0OwEA_VcVfM76lw,10,-0.0007377598926894702
04vmwMgr5bmT8tGokHrLEg,12,-0.06811145510835916
05J_7mQg7dPuaSB_BBYEOQ,12,-0.589010989010989
05Qh_SDHZEoyw_USlnqeHQ,6,0.03736263736263737
05ev984NYfimRN0UiFrxaA,169,0.01025134520612776
064WcuNRDGE_HDDt4BASpQ,30,0.0019411622859898724
06z3o3yL4ditpwjINSA39Q,13,-0.00018099547511312244
0798Us9C0Aw0OCuf9lUFJQ,4,
07JLsUInZr5OSiYH2XVi4g,8,-0.0020551038843721766
07LPxCT59Gwg57tmzQdirg,5,
07TTRbfJlLDzc1lneXEe3A,6,-6.998512816026604e-05
082TpJTMVghSFRJsU9eVdQ,7,-0.058823529411764705
082Z772_Ig8SXp9DibYCAA,29,-0.00599250936329588
08fkgKXeLTFmE35fCydRpA,36,0.015052977712824262
09yzPKqhvm_kJo6S5vsS3w,30,0.0012108008059151857
0AS0Ru_5pg_4FgvFBWXOYw,18,0.0010546964772316888
0AX9PGwHwH-bc2zjt5cM4A,10,0.003182234432234432
0Ae7F98kmeA01VJCIdD8vw,27,-0.047071702244116026
0Asm98-Ilk1QlHqBqfWF-g,6,-0.06813186813186813
0B-292FbrT54wIxZjoxhPw,9,-0.004394079555966698
0BJy9The-xE_M912gkwDHQ,7,0.005618247298919568
0C85wdzr9lQmGzh30CBMxw,7,-0.002227085677296056
0CEUpFtaKhxbmrbSdP9MUQ,18,-0.12982456140350876
0CMLdEd7i9iqg7LyQxd43w,24,-0.010858531483589158
0CSiz9Q_xuZ9YNq8KLRcSg,21,0.0012134336438478915
0DQ_EwydoUVS0YJxvQRMXg,9,-0.0017687074829931969
0De2juaQqHNUYs-vNEj9RA,14,0.002387885847408271
0Dw5cikYionDC-RKLxY2Aw,21,0.0012519090105297
0Dw9eqJsbfuVKsgAoc9NZg,2,
0E-dYP3hTrtgFDGRyBbOwA,35,-0.0004385342637138696
0EMIzcRDDq_8hqHWDQbaLg,8,0.0017566467715680954
0EpCmB1qbtH6Xh1RgBnQaQ,13,-0.02142857142857143
0F1WFFm8TJde117UZPbkfA,11,0.00033242935876126307
0FKcaGqieDQAC4g17Qf1HQ,6,0.02889576883384933
0FMOvA2Noq-gieWfnXB7aQ,11,-0.08241758241758242
0Fdn_98lawOYiFPh68HUUg,106,-0.006826817432704633
0FzbiQyBnFnH1OkMol_mgQ,8,-0.038183694530443756
0G-bDbhGK92i2tfyQEYMwQ,6,0.0003225286244154168
0G4RIJw89Bj4FT7IWYnZ7A,17,-0.0077362139723571805
0HDWFQ0PtF-BSDy1JMyQKg,5,
0IEn6AxLNFfdfuwd2bQlbQ,109,-0.002296099444261699
0IFmbpwP1JiWVCG7z9KORw,32,0.007396304786535787
0Ig9lXNnfBL7U2ct5oIF6A,18,-0.0017042896649302193
0IheZIsRS5tejvxocP18mQ,9,0.0009477290952832251
0JkkF-9XPth8ej-MWISChQ,15,-0.00012870884703969652
0JoB3ThhI-DS78-1Ks1EUQ,61,-0.01295680075077407
0K4RwxdAcViifyU3Htzxww,119,-0.001491431157400424
0K66djyR4yvBG4mEW5y_xw,7,0.018633540372670808
0KEMPs7BD_WHI6zGpDcKjw,100,-0.0077438639721915245
0KNskvMPP0A8XLPF-ORRGQ,8,0.006606334841628959
0KU6dANHsL1_xPVd6anm0Q,8,0.0010033444816053513
0KiuFnhBlUcOqLlIE3JO-A,12,-0.000198989744374713
0LLqluhzWOkz2H0GmSY_Sg,4,
0LNV8iJg_g3_1ujwaeHZ-Q,47,0.0005375956992344064
0LpmLt3d6BK_ljVOadrMVQ,10,0.0008383743276882796
0Lug9lpS3mdky77wsr3wmQ,8,0.0005224148627028442
0MEx9QE4UwII2hkxOtc8CQ,27,-0.009756097560975608
0MqOEmf84nhurrynm-_rtQ,4,
0NEzfA--v4LqAanLllzIrA,21,0.0003522557918981168
0NFnwQk-eNs8F4qz9pSW8w,6,0.00022380710811375362
0NQZc7V3Uysw4TFR7igOfA,7,0.15000000000000002
0Nqa0zPHoB_GVucVMd9f6w,37,0.0018719770100985571
0OGyJbq8m_T6OX8AV0fhQA,15,-0.0012802731249333193
0OVkfxmZg637nt-A5URM2Q,13,-0.17333333333333334
0OnGNrVVf6550018D02ntg,27,0.0016439256945586058
0OsR9lO16jxa0xWUY57s9g,43,-0.25147272261589687
0PDe8TxXHoROxpu-jH8e6A,55,-0.12051824431517716
0PTuPOOXkmoP0s5STUBY1w,11,-0.17857142857142852
0QdcIaX7Mp9cXLXt-zv1BQ,6,0.03676470588235294
0Qea74cLG3aZNCWC5L_6jA,17,-0.1607692307692308
0QmgzzPVNHeNL76B8rwTKA,5,
0R2yKDNMUztQwgo8pG4z-Q,82,-0.014881606115186925
0RFgosnz7_DfyTUASpVuFQ,20,-0.0018954018954018947
0RSws84Im4CsZ-W9biXv2g,9,-0.009815765629719116
0RcD7PpjWTMcN86NwzgBag,41,0.0018696820420958356
0RuvlgTnKFbX3IK0ZOOocA,118,0.038247893681592586
0S3TvsmbCeOZ9UitnpRd1A,106,-0.03842026355243432
0SGizd7Kg__usThreMJRLQ,16,-0.002921129503407984
0SQPs-d2gauqscEKPgK7xg,6,0.0012813046010483403
0SWqECZ39P2MlmeXbKnUjg,89,0.0052534925795437535
0SmsiKfGOoFdXO-j23AVWA,15,0.000842517147203013
0Sv4WR04RTjvCutQjtTepQ,20,0.0005599104143337068
0TAkS6vEkkHI8lrF-GBR3w,5,
0TcywESn4hFVrOcWBwd8wg,13,0.0014920473874250244
0U4PsGJynuzEBrEn1HaU7w,12,0.00025780670941961254
0UCh75Aoz8YMe9nrnjawwg,20,-0.0018298761419656149
0UCrWo2CihjxkZniTcQGpg,10,0.0013398936871238413
0UeRtEKxY-ghJplTzgVNKw,7,0.00315604909409702
0VhuD6zy8D-vj2xtgvVIQg,14,-0.0009418211396035795
0Vlu-fEXfCJnX2JKZG1-CQ,13,-0.00045519203413940256
0VuRnlO-QcljahvvVXrEVQ,45,-0.016949658321148274
0WIlsDUUFuUKcDfJPaHRkA,54,0.00524141860133884
0WJRKvGsX3NdoNdZuDFlWg,6,-0.05830039525691699
0WazipZOwJa63JGwOMubBg,4,
0WnfHcKIzFgf3kAIP4NEbQ,14,-0.0019764231840815054
0WoBBx-XzFD2wET6lJKVKw,37,0.0035361571625405572
0X5TTmfBPPY98Ra2CcSw0Q,47,-0.17540816326530612
0X8oDzOK9HMMP3I7cwwYsg,17,-1.4985988101125311e-05
0XFmfcyzFXS9NsW12Ycpzg,15,0.005768732175265753
0Y4YhMXpnL1qfu648jv9vg,5,
0YRnT6Ka8byQlp30-ylRMA,24,-0.0003384250119694895
0YaJvKyISJ74IrTqehgYdg,14,0.0026830009112078558
0Yo0wD-eImLSf8diTTHjOg,20,-0.01070808412116535
0Z4psJe-0zSggtZjSaOJ9g,8,-0.005172347978776195
0Z8ps_OfcR9eJaV2JtxigA,68,-0.014504932407745702
0ZFqCbsfVqbSRHrcwF5x_g,9,-0.000946618924147014
0ZQVSAC4uwZR1JXmDrh9CQ,6,-0.00014064697609001423
0ZytGgeMBuyrGdU8ebN-Aw,18,-0.008520862634786684
0_8t99ot99wmc-k42fC4rw,23,0.008060663039625177
0_DvJq6ywKf6qpiassAGqw,6,-0.0008503846681380073
0_yT3MVCgVrdfzyhi2VRpA,5,
0a8t_Th0jtWUMmtq0q2dqA,19,-0.0266798418972332
0aTNHayaZKiD_4QNo4M9lA,11,0.002027943570265871
0ak-7uV9Nb7nF_l-mMCysA,56,-0.13002818077444944
0bClMPygqjmGYspg--VyIA,6,0.00021104373146688747
0bNbWkKmVxJmJuOZCtG7OQ,14,-0.0025328330206378993
0bb_b3Neemt_LOZfxhnFXA,11,0.004395604395604396
0bvtIbpsqBJZpRKSPwIfNw,139,0.014757183763614342
0cHDa2cXCF4PZzO2krXypg,10,0.00061229093487158
0d7nPS5dv42stQqdZbh08g,7,-0.0005223987405181052
0dBIX6e31XhUSMqL7SoATg,30,-0.00314872937126658
0dGldeEVtqx8CG1XdygmAQ,20,0.0029461091234347053
0dYj-LAC1qI8GJtShjj0YA,9,0.011379800853485063
0dfspevYKsugYiU1UVl94Q,5,
0dzW328vFS78FjYMA62tRg,14,0.001195908733280881
0eGCiVf9kDhQ29xXXBSkAQ,4,
0eJ6GTYQerMPEndBIQmXAQ,8,0.025691699604743087
0eOCn6kZSck6cpfm6-_RhQ,42,-0.02414027919645897
0eV_6ebzBTWcQXGji0QGkA,27,-0.1795497185741088
0eiWm17ZfGDJT68k-nOoLw,11,-0.00043939820022497177
0f-W5-8cGFp8lU_IzL3RLQ,7,0.12307692307692308
0f4snVRBbsomhoGkFD7GUA,68,0.0015280634734058185
0fGD3Ea30DywMORW6vD2Yw,12,0.005751597666018339
0feKq4uYJXW8BbVn8u7pkg,17,-0.0024251456442216496
0gM31ZJkgi9pYfYrgbhj-Q,10,-0.009130434782608698
0gRyrnCfbXXOnDqOszHuAg,15,0.000628844839371154
0h4Oo6W8mG4HEYQzZRkoOA,38,-0.017358633138827087
0hPp_rLhzOVZ0YRbojvSeQ,47,0.005333333333333332
0hVf3a0oq8ckB8JIDwSgig,40,-0.006114559225752158
0iVXOxmY96LgM6sa5tg8ZQ,10,0.00909090909090909
0ibDG6ULKef2IzbRcyMzAg,9,0.008547008547008546
0ievJ8EHvr1YjXA1_I-YUg,15,-0.34411764705882353
0ijmmbTvd8fcLclFVdpIsQ,18,-0.26565217391304347
0ikOz5a37dSa4dBGmEmdrg,6,-0.0009054325955734409
0jJf0DNHvYI0itdQSezsgg,16,0.0009630212431156568
0jPp69hbYMOzRYbhLEzCjQ,19,-0.12807881773399013
0jQPPEppYjGQ2higy6JvCg,131,0.006240277345659806
0jfIDaLE1TlsTvVMEkA3dg,6,0.00027935190358368574
0jgz7W-ytCK-LmN84G1hVg,9,-0.007149321266968324
0k8DG6BPaVKCRfnWJZhLUA,27,0.001710644007155635
0kLivwqFCIAb2V7Vhndpow,38,-0.010415835262191718
0kUdO-fSYai9pVaRFrFCeQ,7,-0.0014224751066856324
0knCwcE4p82vEyhpht7X4A,18,-0.002760397497239602
0lFkJT6DqT3eMnpW9gP_bw,30,0.010462196979050908
0lGN91IoLe02MtEu9Xtf1w,20,0.004311524128496627
0lQKj8f1CJSdLJRLYEsqnQ,7,0.0029160895239483857
0lcyi1tnVldDB8rxKraZSQ,10,-0.016566626650660266
0ll5CZSx6qVVV2TJPcW6mA,9,0.012254901960784314
0m5uP9SGYT7w6liaBROwXw,16,0.006111535523300228
0mijbNf-7wiKJ9xto1pAyg,39,-0.38054968287526425
0mq2S1lNMy7rtR3eGVjSYg,6,-0.011459129106187928
0n6rbrYy_zlr9N1WnEmr9Q,5,
0nFhxTqIlkIAJypUkON-rQ,53,-0.00026349704935482374
0nwOwZGlB4v6XfuPLd-HWA,69,-0.008832759316000015
0o8k654DD4h8ywBOXP1GRA,67,3.653635367190374e-05
0oNiXwMtqXIrI0QEJphn1Q,8,-0.07598039215686275
0oSSjekU-3GR8gselReWnA,155,0.01936052065918318
0obzlnnuK6Mf0yc6aZBu1A,53,0.0009107070853224024
0p5Q__lOXxnp74afXHP5tg,30,-0.031613508442776744
0pH8MrLJIO1LbHWs39PWlQ,18,0.0019496204278812968
0pnIIgi4sm96CllW0DhXug,50,-0.03047895500725689
0pzCUHzYxd69lgKfssaRyQ,65,-0.0011735906112751097
0qbMXG1Aw3a2beoQhU52lQ,24,-0.01724581724581725
0qcm4F3ejr-Q1B5M39rgUA,14,-8.204406938584154e-05
0sb5sHF_BNcUzDxuia-D1w,62,-0.0519503412152804
0sfbiy6s2U_AfDx04gwfog,6,-0.0037772909269471935
0swbH3HFkIX9SvMkRwCMSA,16,0.002118563194258884
0tJbuiMAkcbzd6LkbAMZyg,10,-0.0003935493341297118
0tamJjc_EA4uLJOhb9dtgw,37,0.004720473898556088
0u49g32B_Gfz4G3SOltxgw,6,-0.002058319039451115
0u7UZC-5t_v8AS8AXTFASw,30,-0.12471042471042469
0uWnByfZNCs0MU1Ag10ujw,7,0.0021726700971983993
0uvzocFq0L_OMx4CF1g81g,11,-0.003377110694183866
0v5gedzRunqlbgtj3u1QCQ,54,6.961364427427771e-05
0vU_OcoHU_hcEfNTpDyOvA,10,-0.0006610206012000628
0vXMkbz-7AdMqw9G0ZJWTA,9,-0.0021769714920399858
0vfmJXYVLZAMpUuNJx6ejw,15,-0.027667984189723323
0w_FJ-oa1NnjWYiUQdG-Ow,9,-0.0034965034965034965
0wlZLeOAxvxqRrpRlo6PpQ,8,-0.17846153846153842
0wreSpWN2YuG4pLVDespcg,7,0.0011197620505642553
0xIhMfCFH94RXTFGx_Mhtw,42,-0.11507097553609179
0xadnlAs2uV7Ax-7RViZEw,5,
0xmV6WSKyq0SFUa_uZKocw,4,
0y0qPSILVuwmj-hxkJJ0Bg,12,-0.14
0yN1rxCrEKqQIUk-nqyWVw,11,-3.1877793291637214e-05
0yNUjszQ0kOphvZs_kvvqA,14,-1.4285714285714282
0yW90oISSiOYmJBiu9RFuw,19,0.0023167672022633853
0yqpaakk5iM70s1c-L-lkA,57,0.007084652810915344
0z6wOy39zBALHmj-aFxB7g,5,
0zJxOq0zaIilWFWR59YvfQ,27,0.00112112971709365
0zQtELENNywry4zSxQBWlg,11,-0.26223776223776224
0zWAsCBzvuCI_Ydx7yH1Jw,53,-0.012066069428891378
0zWYKUPvImD7ufl1RQ1jhw,108,0.010341533317411035
0zf4KKZqbqoxiuKzeZLDdg,53,0.0016582679010898865
0zwoiosqg2_VgqtOuQGS9A,18,-0.12706766917293236
1-KxvPja7GvoCYVIgxgAOw,19,-0.0025320056899004275
1-OSwGhAUi7w9T4Ru-IRjA,13,-0.011198945981554676
1-fNb0DyGtCuD4qg2uA7bQ,40,0.0008160816081608157
1-lPo-XrL9cWVCuAokb_zg,7,-0.0003007518796992481
1-zkyTwnpeZn9MmBpGSrqQ,8,-0.0008097165991902846
10CVsckZKfUFO1LnXfMZ6A,28,-0.017617127496159755
10fGe6z0yZwESO3uE1NXlw,6,-0.0034782608695652175
10lSxsZ17WU14dmPcqvrIg,29,-0.012634786685419595
10wt8eSXI_PZfl9dRIiWmg,71,0.0032326909798506063
111xH-Jad3rSZBgGRjcxaw,27,0.0020748388383895065
115Vnqj_18yog_PWIV0JzA,12,-0.0018966334755808434
118HJGOCCgVJ6DhbgUDbbA,11,0.0012318029115341545
1197WeMfKy-gUOOukAPEEQ,11,0.0018133872773904562
11HXgzo47w5e5pziFXpTNg,24,-0.012765957446808508
11RhBs31p7Hv6RAFXs8YaQ,1,
11uo3yawm_d1DWCCMpM1tw,45,0.0012312117715857181
11x7dlRp4ACo3tnYnHZMaA,5,
12G2rEudBUiAcFUd5DGhpA,9,-0.003135888501742161
12VKtbzIL5tfb3LCOLk43Q,8,-0.000170697012802276
12kD46cnLyMXUQTCI2N0ug,9,-0.00024009603841536572
12rhY0NEtsiy_9S0oug2mA,52,-6.512072141355361e-05
14ZGwnDyydXdSBsLXpSUrA,134,-0.00012756627466613577
14yQhAOxTs1zzIc4GDK6Iw,32,-0.001309987585084978
15JFk0bn7HJ9g9-N7tXl_Q,116,0.010771821339880147
15eVb-rIKkWyWjcAvYmmPg,9,0.000812231247013856
166raYAseTAPUrKxowCngg,29,-0.0008773630140480096
16qbviRwUTJHwJok-2rUSw,5,
16vIo7ReRv8U-vLFmJqolg,23,0.0008738781294284361
174kozBQWghnKum2YbFVGQ,5,
17MK8qagV374AuUA4sXuIA,146,-0.0010053950883524153
17PrL-uGEg4kPvxZpYe00g,25,0.01708683473389356
17Y8circEnkMMXKfLo8Ztg,105,0.0030138826690550846
17ad1R5nKxtOq4_PSALWgw,13,0.005494505494505494
18790ccUVHejWqCmkoSJjA,88,0.0022995969547693683
18kkPUHXsYj9qfMtiLlgJw,11,-0.009914529914529917
18xZwAzzShCRW_d8ZPpV5w,19,0.0011476005584989384
19aqkl42CAi2V0vH8UJSfg,55,0.0018344331724613411
1A9dgZTsGhuDmWvspSQQDQ,6,-0.0028388278388278387
1AaipxJSx0QlzAbjSjKVTA,14,0.003627622377622378
1AjSLvf5nZAet1bTqAZCKA,19,-0.0008542013217641508
1AqUAR932UJgGwr6FGfPkw,7,-0.019480519480519477
1BEXYIqtRq6lZAdfzqicfg,6,-0.0007047216349541927
1Bby_pb1ZBojRRcslDk1gA,56,-0.01998199819981998
1CCG0WYSoR8ejdgD5-Gaqg,124,-0.00027348217393466487
1CTNhKEqGbmG5r-sBbDoLg,120,0.00273540501244486
1CUjF57FbndLyNlJ1jvdlQ,5,
1Ck2drCXGh1h5bhc9aIRpg,151,0.009471980890370055
1DFvkUjtsqNRNlORaUYlFQ,22,-0.0038905586565526457
1DMKphVyyy9gNYELxEZwUQ,7,0.00020703933747412016
1DjntFLW5hHKYYz4aP4yfQ,5,
1DkolDhbc0kydORZCIp7Fw,30,-0.019489944018245903
1DwfadxGPydTonvpeU68Mw,4,
1EEL5DATdF7odIRhVpf48A,3,
1ENdYUfYzDu9yyI3-MVklA,38,-0.05392557022809124
1FCxJuEH_3tmxUDVPv1qfw,29,-0.1747273589378853
1F_lKVOdC8UN-5UOQ-FSGA,24,-0.0025727872615930927
1FeB0RbAz9kdoZsTf05arw,14,0.0004937902139757596
1FliMoYQnq72HRxEIPY0_A,10,-0.003585759412618458
1GSWARDKGoe2FWF1QeFqgA,33,-0.00932924753149472
1GaPHKxZxpeVShIJBv8ICw,23,0.00010161224766291848
1GawRltBBRlfZyVo4znu7g,10,0.0016947881514810653
1GgAouXbrim6ZmvaymRqtg,5,
1Ggw9DE7s9h4q9sRo-f3oA,37,0.00018683606469866007
1GtznWHocNxSCunIKUzcmg,44,-0.008858099566064169
1H8ReY5GlGcHJz7umVidkg,12,-0.0028975232341291244
1I58IN0Ar5Qd3WnE1smgVg,11,0.004267161410018552
1IHHPsg_ljjjs4LoKemvRg,6,-0.008188153310104529
1I_8yrXfkqXeTA9wtzE-eA,8,0.0044596912521440825
1JGfNy-SMPQK86PNWPjJvA,5,
1JTT6PBYcoVwiUdhsSLDEg,24,-0.057369743132647276
1KYspvONE-f1RBIQlpunXw,5,
1KxvbQoLUSnYlgxzJ3FEJw,16,-0.019230769230769232
1LAOf6vASiAXKc9-jGv32g,61,-0.0013149784261351964
1LAjvhM5Mf4JUQUBVXbbsg,9,-8.534850640113778e-05
1LMwMGW9jIJhQSfwcdtmiw,5,
1LhpU1alopR_l-bWVQPkUA,48,0.004058586762075135
1M7b87GZXWOTjQTq3cxRBw,35,-0.02148337595907928
1MIya9yZmgh5wDry-PkmQw,42,-0.04608504018667358
1MPWKk7dBGUUKoys3sBKPA,15,0.001516207737887766
1MSqiroAeu3ZeOWjtls8Dg,12,0.0040086339808818984
1MVoJvPhP5SkrJGCxuriaQ,5,
1MbwLxXrQk7H1FOidg8hoA,37,-0.054693877551020405
1MgX6qN2tghHt_UrX3CFew,5,
1MzQZ7lSQ35_ZRmrTGRC5A,7,-0.0025035561877667137
1N7RWvz2c_e640PsvnSc0A,133,-0.003581568878655147
1NCUTTp6rIyXpwUDVv9qOA,93,-0.0005456758046434952
1NMz64NAM9ED-x6-dbVxdw,112,0.00032013056305316666
1NjKYyE9lArMil98wTklkg,9,-0.0019278669933780193
1O-cOXmPlowTmoGgMi2Vtg,62,0.004629310868552681
1O5hLeYPaU06dhZpjNVb_A,7,0.0025486250838363516
1OQpdtSuaLD2jNTyPtug1A,6,-0.0010936431989063563
1OfhM-ZKvcpxyxptCCzEwA,64,-0.09942791291105897
1PIu-evesG5ZQQoHtXUXiQ,10,0.0015549796371714176
1Q9kJXg3CzZQVFNGv8swlA,11,0.0014483019184752947
1QYCVx7Rvqbr7NZF5ZJRaw,8,0.00032401125939126386
1Qg-7eOwpE5gUApeSwnkxg,30,0.0007042906125474923
1QlgJVS-WEb9KGS42sQMIA,5,
1QpYfl158aRcOWLcyTQgew,10,-0.002197802197802195
1QprdzNzcYKRcSTIfh5BGw,8,-0.1758241758241758
1RReuaDA18lalPMY5VCvyg,24,-0.006506524750309834
1RUStfReoIm_8NzWXKSbCA,52,-0.03072552447552449
1RYggF8JhyXLrKQr6-8i2Q,6,0.0004899216125419933
1RhquR9-ODyfNxMNUnXmxA,7,0.0010775001995370736
1RlXxjxXcWUEkyKzQQpUVg,7,0.0007873326918029917
1Ro-D1owLupjxyjqwOl-yg,8,-0.0031888997078870496
1Sk3-T3lQPDsmLEHMCUZHQ,6,-0.006006674082313681
1TMkNxmaJuMCZh1osxizPA,80,-0.0395299938157081
1TOdCvqS_Ui51Ql3TbQ9oQ,10,-0.002016806722689075
1U7T6r0LiwvD_fZEcp3JBQ,5,
1UKBAgYxI9Qax3AA4ULw_w,13,-0.23774509803921576
1UNJeHTsS7WS9RxRzHw06g,127,-0.05592033184988176
1UNorskttXSWuEcgzKzXcA,143,-0.013376623376623384
1VoNUv9KM4y1SHmn0xbNaA,41,0.0043143506939984436
1Vq7DR9FRh_ud2EMA3ldpw,44,0.006386019044246893
1WAGu6OZiH3hkH16G9JCXw,7,0.00021300538541917853
1WKvYtPoYKqzDhIduuHkqg,15,-0.0013925570228091244
1XBxnolv7ZpHQBVE_gBAWg,21,-0.013499658236500343
1XQxLkCIN3FwNBnv3Sdw0Q,22,0.007806013971853801
1XaQZyreWusmSTBcuDKgnA,7,0.002393162393162396
1XxEqx1h0xpPLkqiqQn3QA,22,0.004950071005116876
1YbHnoddvsGXRvhkcTRkiw,9,0.03766233766233767
1YkxGFLXEJIW4oLgEUcqKw,20,0.0007304868694985207
1YnUIpvSy4bODX8fxXFyYQ,13,-0.003273809523809524
1Z3ZxIKVGOXZCCXdlbkKAA,43,0.00036908190875197927
1ZOyc39cRMNmEFvTOvQ_Uw,9,-0.002004811547714515
1ZUH-1hctJlQZnbKsPro3A,16,-0.0015815138602117474
1ZgE6rlUr2YD697vFjVoQg,62,0.0033037138300296203
1_BzX6o0O6w_9yx9NczMrg,44,0.0022076135537897014
1aGgKz-sYfWrSYE6zbu7-g,14,-0.002626107889265785
1aOjfsDJOZMCKOi0xro3Xw,10,-0.0017875383043922373
1an1iRHmUZLui_qDaDBMSg,4,
1ap4i9AtWHttUdCiUcXsOQ,51,-0.01134654818865345
1b81nmM0JQJc2ogciZzfhw,12,-0.0034428016754968157
1bk-5nC9nCCdvq9BD29Saw,5,
1bsQMS1SeLxcqXrJQYVfGQ,7,-0.0021608643457382945
1cCqCwtRVMKUwBXjkXJE1w,14,-0.004039829302987199
1cjR9b6qWme6ipVIffWlow,9,-0.05461538461538461
1cncsHKApeW1ubd5d9HoJw,105,-0.058066029786432535
1e1qCk-tKAkFn-or-o-h0A,26,-0.3291388554546449
1el_4ywdqa2lIsI1YPEbsg,16,-0.09316770186335403
1fGaY2WlGv2l4as6UkMFrg,81,-0.036275812255742855
1fIcH6EfKXuE5gi7WiRcAg,8,0.0012414800389483934
1fYDqAf9z66U_dpxbLz3qQ,12,-0.00013144749986855264
1fZSiIItAjn8JiDm9HUYvw,5,
1fdEPgWt5fs3G1pr6RA-Hg,34,0.001271329711696684
1g9l21XtPm_t0erf_Tt4AA,13,-0.06304985337243402
1gWKVWJN2Hy8Hw7WJz5POA,4,
1gcgTI28LNjrFmMuxSkHpA,8,0.0010402219140083217
1hFBAjRLIq82kz5R9kRxfw,48,0.002435801093519215
1hMteDtsI0JMNBCtKpb24A,55,0.007360667612042317
1hQobBzUoF-H26URYtT2WA,44,0.0008132624335314356
1hiDEOPijnrWhDdx1z1yAQ,16,0.0009393652218730776
1hsj3R3cqe8x6EG0nzt6TQ,32,0.0018822989475251021
1i0NDQ2VUchckortEI_GeA,20,-0.10756302521008401
1i78w_Du0UIgwnD7iFckQQ,6,0.0014036596315077326
1iE5POC7JT8fKs2tZ-CJnA,30,0.0018263962318561954
1iFeA_iosPL9pWa3acFKJA,18,0.0007283614102506814
1iQpAAWmGp6yJCNr-7DMRQ,107,0.0060932364843253855
1ir6Kjb-d4Vg_dViVvR-rQ,66,-0.05754805438349742
1jb7qNrb7y24jRWy9Mrs3w,3,
1jpzmHp3tNwrRk8Sh_eV9g,6,-0.0011813236541008128
1ju18Y3tWAFIP5mhk32UoA,18,-0.00743281875357347
1k-TBTpaBnxaKXlR4qSA6g,20,-0.0028945036308806564
1k-jn75foQrO-YLy6gWXLw,7,-0.0006211439246098148
1k3SQfqkQHzaDihUBG2_og,22,0.001127819548872181
1kMT0Sb67WORROJCPOuL0Q,4,
1kRUUIg0EsHQndMfMC2x9g,99,0.0040135920417610545
1klRUBB6LfKCotq75BVmbA,30,-0.19258124521282413
1klxZPiU2BrJdbX6XfxslA,8,-0.1923076923076923
1lBAIOyr2sBZf2dBwmpqQw,5,
1lUfhypIZhfP8UmZBh6bxg,33,-0.0015200491544893543
1lcY7PZ6xA486kZ989vrQA,5,
1mGOAW7QODA3TEPl1bGkSA,15,-0.002839856772441043
1mHwt5rp9aKqUcFsNTBVVQ,32,0.00039988926143529497
1m_Lh7vCDP4H8MoyO45JCw,28,-0.010318546023060387
1myzUtTeh1D9HaJzRMu9Zw,23,-0.0027341079972658926
1nK_pMoriYMXfx2GHVdtkQ,4,
1nXNyhtAS2y-e4O14LJBRQ,6,-3.7007434154171884e-18
1npV2fmMM2Kalr55p5hwyQ,7,-0.00046626792719789065
1o0C_fqBgnQCiWn4A0R68g,34,0.0008922969675845248
1pDauBMngzqWG4ZTPMEY1Q,53,-0.042991092358180966
1pJPTjuNKieF3-Z8aMgSxA,8,0.0014430014430014426
1pZ-gkuPzYARrljU3YRt_A,14,0.0017627357659086905
1pkuCWlH3iEuUAQVHpIuHQ,9,0.00037737629133449647
1pmhPQOG5PQBZSUJcUQWmA,6,-0.003671482161385585
1qBemRZEO3XMlpyKZavTvg,37,0.03321754233608337
1qM6Es6A2N21bm7boRwKxQ,28,0.0008091099790230749
1qZBvcMWD_p-MINXW9HYYQ,9,0.0009442977421671349
1qciFQiO1RJ83Oh7DRioKQ,50,0.0006130592263892327
1qexUlZZRWIaPWlvGNnmcA,5,
1qw5dIsQPNGLOwnuP7Wj1g,65,-0.07422103213242455
1rV9jfXbwVpLDLcKYTCY_w,37,-0.0039018952062430333
1rfNEXrSkGXSd8LG27ncMA,8,-0.001536273115220484
1rj-epXF4KW2z2U7FGISKw,8,0.026831785345717236
1rv2GqTyH3wH1m3R1L_2lA,8,0.00031332995135925553
1szGXy6XbgvQ1bdp5Ev3SA,29,-0.0026269880943879365
1tTv3J1_b_pYLv2eGIn35g,6,-0.06666666666666667
1t_QZpj9jTg-VSQDnWM7PQ,5,
1tkXPP1K1jBIgIthy6idwQ,28,7.845678043743462e-05
1tlRVhbz4l-tkEZLCQK_Ow,8,0.006097560975609757
1trZ_fJYb4u2NiTusqzqTg,5,
1tsKceJuY-0KD7V-JavtNA,8,6.492269870674007e-06
1u7ag9oxHJCki3ThALuQFw,14,0.0010464003826835685
1uH04sUUaBmtHq89OIXd_Q,45,0.0244950213371266
1uebtHbl3Z81tq0IU2btqg,4,
1uyGXX3gqVe__fe14mirdQ,18,-0.016832261835184107
1v7bKStGaE7Q9pYffjAwTw,18,0.001827896512935883
1vBukdVVblR8R_f4LS2Yyg,6,0.0017069701280227596
1vPSY4EA-fTRIZYz1Ruzow,29,-0.7625
1vPcNHJZx597rKQKbiPaAQ,4,
1w1H1kYUN60zpfdP-0qmGQ,25,0.0024995968392194806
1w40T5J6br425rMvpS1zgQ,12,-0.1147741147741148
1wJ6d3C8RnbZuNNBDCNHJA,32,0.005860696091442271
1whTNrRcL7E0rzLYURJvmA,14,-0.0005405321489610631
1wrdcb_Rw586DBZnfSNGkQ,7,-0.00788177339901478
1wtu-suzLFtKbT4PFO2Osg,42,0.000399373370298989
1wwH1dnkTtDnCfpHORlgBQ,12,-0.004884004884004885
1xb4MBAUGQRU7n5C-WqCtw,20,0.00028935725353295875
1y3y_ihpO6SHxK9MRdtSlw,12,-0.45357142857142857
1yJPs54BqmU46nqI1Htuhw,105,-0.005926372884023848
1yK2rBeQH8tFEcTgOQ9CUQ,17,-0.04786324786324787
1yaUqxNualSrisnr0s1j8Q,5,
1ynfWYtAWbbMJs3NnRNXtQ,56,0.0028180366992777107
1yuSWypzGewvhNZSwUlvPw,83,-0.05539131315176672
2-8Z_qXHueAy2AgLNknEdA,20,-0.047467166979362097
2-hB3XuoGWsBH4RnEY4FTw,5,
2-oXhioK5KFCSUVNjv2GCg,5,
2-tG52f0k7V1Vin-4GWn6g,5,
20DL03rDdw1R2mSH4ORVJA,18,-0.015306122448979593
20gJLt2-gr8MNQG84-K-4g,33,-0.02327935222672065
21HJH10HujCUvkl37587uw,10,0.0020362828582006667
21czbreHdJ8DxchFcsAlQA,11,-0.00046756282875511464
21t7d6M9YQ-XLxho0PPhGw,15,0.0001865977574342242
228lDMkEO2aH7CboBIXSwQ,6,0.001343712352886665
229pgAfC3CBMmIWNngwKsA,23,-0.09504273504273505
22pC6FLcRjjdJ5Is34NSKg,8,0.00017925373838388603
23H5J1Y5rRMLU8dMxN7EPA,71,-0.00599361361340937
24AvZmbQOjUzmpH1TOuDGA,7,0.0008928571428571428
24LgPIiGIUH-03AqXAOhGw,6,0.06060606060606061
24xx8ju_U_uN1zJf2YtKkA,31,-0.012281468531468533
24yg4Hvws9orB2Y718d9gw,16,-0.03851624904256483
254xxXQMlVa9Na8iwuugpQ,9,-0.01944049312470365
25jhk4z4fejgRAoVBAo4nA,14,-0.001120238984316653
25s0bcNfEcK5Pm6ipqkw6w,8,0.00443951165371809
25sLng-w7vBXbZfyBNeOWg,16,-0.00014352203063170202
262I6X8Vi5PXygFmhjeLyA,6,-0.002597402597402599
26T1l_bH8dUg1TNqsjJuEg,15,0.09870129870129872
26Zx69vOllucV5OsHXst9A,27,-0.002510822510822511
26iUm28PTWJd9qqDe5YvKw,6,-0.14285714285714285
272WyYWPnH_pHOzrTvhzng,9,-0.005013996124150238
27AYMHTMgS7UIkO6M1KfpA,52,-0.0029915806373326855
27G8SzY2r40Na8bfXNwX4Q,8,-0.0005948074913592154
27eGMEJ6ZZ1Oouqlr2h8Bg,17,0.021428571428571432
27vq4HJXfx8TQL0-p5H2JA,7,-4.4948300592111605e-20
27wPl0IBJPPHkCNPzXDmnA,12,0.0004193458205199889
28BYR0cvmbcaB20QfWBlqA,5,
28IblvkeYgdqa7Wzbv030g,8,-0.0010073260073260074
28UW-qsL6AukSUvGnyPlwg,14,0.0025840511253125862
28W1WtQCD5X9GxR6A7q8gA,28,0.0015030946065428823
28fFWNVFb5RTflDKECk29Q,5,
29ThPh6IA69V-SfcwfV9Dg,40,0.0014370678542130549
29XaptDXAsBqbeYabooCQQ,5,
29mQNZv8dsN8IAJ8uBnjUw,7,-0.0008950508950508949
2ARj7F-3tvuRqA7QaeNAZw,6,-0.0005442176870748299
2AVpF3GJF6vpN65WcOicEw,10,5.860290670417237e-05
2AbSvsWmKx6Uzw6dfnFpcA,8,0.005520361990950226
2AfL7nh8ae3nGE9cpGwFZA,5,
2Ajfvxm3p20gKmqnn_pq8g,7,0.0019748042219952335
2AqEWqRbKhcY-30b9geCRQ,18,-8.640784502853487e-05
2B8g11udE9SVdoIkvdpS7Q,23,0.0004757274810750747
2BRbu3cBbH2bCgzN3DVc8w,55,0.005987762237762238
2BWgMVUaFacZ9oueEixAGg,50,-0.008243072402364436
2BYieRxHbrxMzSyZbPE13w,46,0.000527364350169928
2BeDv6iW6L1BMxjAdDq_ww,40,-0.05287548272622901
2C7bSIEhrEIcYDk7Awr7Gw,4,
2CDI713ATuxHfnB5b-sBdw,119,-0.11096206678618876
2CkAPaNdV-4WeoTQ2w2bDA,116,-0.025697291214532597
2Cmu7E34u1z07TIIECRNsw,7,0.004434768585711982
2CqL9tup_4lBUgxEq8v8tg,9,-0.005013996124150237
2CvDC4izZ55VHSqk5N8cFA,140,-0.007597191022605387
2CvbV_ChCveXzg076b4TMA,12,-0.031578947368421054
2D4xIM1ahHTQa6iV4m3p9Q,24,-0.0230086228976351
2DpdPBDois-P61R5UYbSMA,12,-0.00022354302545760609
2EGNOPTha-XMYIVabDJIGw,28,-0.0015460729746444035
2EMTsTg8876QbtIGDH-69w,23,-0.0159601706970128
2EYMBd4cIPVeJaV-bHSMRw,7,-0.09670329670329669
2E_xdmb-eR2ThEAXLY0UUQ,87,0.005809979494190021
2Eb8aKOZROAPkWxsBXf_qQ,6,0.011220580186097426
2EmAukTYm2mOBEIKEYBRNg,99,0.005625991122727889
2F3LdqM2gX2-jOM7WCZDxA,20,-0.017821067821067817
2FFixzxLHcG3BspXQeNcXg,7,0.0011955560681197865
2GLQjV1-_KbWDVqa3sVCjA,51,0.0008365554319992649
2GYg3liJ9-m6Z67L_4_BRQ,42,0.0014145247541831982
2GhWfhXbrnMhSBu7x4u7FQ,16,0.0007072480733586968
2Gik-IBYVBuU3e10pVdkhw,74,-0.011092680904001659
2Gn_WhIitWsxYrDb45VCLQ,5,
2GtvyyeTfO2eJwsc-Caj0g,5,
2HD88VjLfRjo2jRwfZ_q-w,51,0.0015711289010659696
2HHPBg7WSC3czt7uUkXE8Q,8,-0.0015849804236048861
2HNHszEsUqhTC9mC1midVg,40,-0.01582747130692336
2Ht6SIY3oWnqX28S8Cj8DQ,37,0.004147919010123733
2I4TvcKVkEWWbnLrUG2EcA,5,
2IOlw5AaluuCSci3Bd0u4w,31,-0.001985837922895359
2ISww4-o249VMoy7zKsWBA,42,-0.010449578472018863
2Iao5aQSNsv2W0pts0cL4g,5,
2ImusqC58NIe65-N2PQMgQ,12,-0.00042711299395791386
2JJO0xpG5J93Ic8top5luQ,5,
2JP04eeZhN1bRpMRUUypwA,10,-0.0019913419913419913
2J_t4nfdQTSCqxrFCJxoig,5,
2JhpJoS6Md9pqCxD5Uubhg,13,-0.0004291796374290423
2KGyJtkfDaLUQBwB6untGQ,28,0.001792148150913809
2KLhsaorC99JVZHJH_L6vQ,13,0.0007698768197088468
2KTIvQVjejiTtcv68iCk1g,5,
2Kg7KAikjvwKYQFjdyLUQA,6,0.003386550556361877
2Kii_YhfQM4XO7b-Zf3c6A,24,0.0005949573734808638
2LfbIS6K7jusVVgYYFtNIA,12,0.003378249417872275
2LokHe7GtKZD9Q6w0dRe_A,24,-0.13201970443349753
2LsGwE2DIQaBPvOZ0iNv0g,35,0.003547423450336072
2M3LwGZ2oIj_I1jeWkk6DA,5,
2M4pYfuivdluXyBOP7IDQw,7,0.0016949152542372877
2M6OcWNdRXm8mNKrJYlZ0A,8,0.0023872758198800396
2MKTSjcis749QGzm0vwFXw,2,
2MZRpN_BaKxsQwkknCk8aA,6,0.005436424041075203
2N-r5ne3I6rcVyJRcinZdg,41,0.01920973973900999
2N_54QEPZiqT_A-kgCLzSQ,9,0.0012781328146707423
2O6daloCkf6fYhSTVIR9gw,40,-0.0014337600152354003
2OB9O5u6yrBXw4V03si_OA,6,0.002268602540834846
2OWEnB1sbh9xpjYxu9tcJw,6,0.0043541364296081275
2OpdiV_aHk87jCBpY8P6lQ,12,0.00012522632048546055
2PWmnUV2Leb2Loj0TqxCMA,131,0.038085378810581084
2PX8MOkN6cPG7-gte7IpIQ,3,
2PfMtJW-jJFElDT-S381zw,7,-0.023786486050637
2Q5gjf_K68145UdUyKGAaw,32,0.04836415362731152
2QOTAx4y8zfS5-ivV_xmoA,12,-0.001287001287001287
2RBTyU9xrxEkyDBMuVvGxw,15,-0.0008001361933946203
2RD8rGGlx_HZnu179IJiDg,6,-0.06422924901185771
2SMb-aUyrBOog3zymv6b8g,5,
2SYEGA2fZLdzZQ9lmIfM5Q,54,-0.1384483937115516
2SevIwjgGdDdkIfs3Peu-Q,60,-0.05540131510280764
2Sr44BJmYJ4PDMyoW0cePw,12,0.0019136837500911279
2T2TkybEBnJF5wuBc8U1Tw,6,-0.015873015873015872
2T5t9DguNoYQAoTpA_8mcw,137,-0.0026297107935430095
2TeXhKB-GtjgbYlNO5GYoQ,9,-0.03008547008547009
2TntcEfIoBFAKhRDI153_A,9,-0.0017039922103213243
2ToHAI5r5sdNv8LcvKNsxw,22,0.00034318876346003697
2TtkreVRud9P8RcU8Lw3pg,13,0.015384615384615387
2U4MQ3dOhp9Fia7tzBnMSQ,6,0.01846153846153846
2UJGBc63o8XAWqzYIfhijQ,11,-0.0009389671361502348
2UXAIQZWJACELFmyHFCHaw,23,-0.00035219141323792474
2VgdPHszJdhOxzVFBbUPAA,13,-0.03296703296703294
2WGnykxiM-Mp-qIm2u7iAw,162,0.024379814944633874
2Wmvi5-7LS1iw5UkOuLWlw,27,-0.13280632411067195
2X3sYDb2wORzDDwNZP33WA,10,-0.03555555555555555
2X6HUYGV7Djr_TFX6uYebA,7,0.0002226910454758557
2XHBmfcPgVBNY2QVDYKUZg,7,-0.08782608695652176
2XbCMWfctIKuZpswT0Yt_g,5,
2YID_fcvgazPH938Gn5pqg,4,
2YKmChrYAiCkW624GTRLNQ,8,-0.02162014230979748
2YncwxrOwIN9ZxdMyR1BMg,7,0.0020422185746459516
2YoJUob1RL-LCYGiXdq8dg,35,0.006820214669051876
2YyIIdwnYv5cApn1gZo_gw,139,0.008441147720085114
2Z0Clt72JFouB0qkMC2mig,7,0.00019924988279418669
2Z4UlKeHAKmxHqbyhj4a_w,42,-0.023594434915189623
2Z7vV_BUcNaGYXikJqq-Lw,96,-0.0023907183874370096
2ZSnGlqj8JOWcN2bNf-3SQ,120,0.004062617954983411
2ZgLgrXqLVMuY5AmFdPKlw,5,
2_MjeYAW1c3k1a2UInx-5w,8,-0.00782608695652174
2_Uog4hABJRkEqwWx87vaQ,4,
2_vNU1JSrpfthcEZ7ZjvzQ,10,-0.0025538402896893445
2_y3riLaNIB2tdRONY7PAg,70,0.0037638515816883927
2a5YdnWyr7KIFl2FTFk4Yw,19,-0.00031009867339787525
2ak2wvRk3YMfVK1QG63eyA,40,-0.0009716763906442065
2aqdv9UuOiO8crPo90nj5A,8,-0.0187192118226601
2ari5VTz_0bGE7WnvBylbA,109,0.009800987580427953
2b6BvccVTtPwElQreRtFYw,45,-0.031293706293706286
2c3aYeUSQ8p1bmSpo7QTFw,7,0.00018312533912099842
2c4z-PvJY4RvPCDxaUsfpg,21,0.003110075713453699
2cW157i_WdukZArr2eW1Qg,5,
2cYLqw9V-abBcPjzmz_G2Q,18,0.00020624536753569017
2cfEAFZZee8fq3Xx6yZ87w,21,-0.008620001596296589
2daynBPzdkiqdW1ecWAZCA,14,0.02727272727272727
2dlQX5sP9X6Dlm1MmNOlSw,57,-0.025611386049199866
2dr5QB8Qbw-7_tWtQUZo8A,13,-0.0008779631255487274
2dvXhxTHkBVs-n86RFkMdw,11,-0.0004048582995951408
2eNFk3pP0nKt-VthtZDOqQ,8,0.0007919117364394725
2eQYH6noLRTmkKyo0K_Y3w,7,0.0001813387331978331
2er_V-oAd7IbQ5YTY56r7A,82,-0.1654550977017313
2evBYCbF_ygBW2Rl8rNJTw,13,-0.0010218365061590148
2f3YghoMYzd5-GFMh_kvwQ,34,-0.1446547762337236
2f6NaQVGTM59OGvsdT9pxg,35,-0.06448666423090975
2fDxegMVGVUY31L3V__MgQ,6,-0.0028011204481792704
2fJ-WxJlUN6azp3bzrJ0zA,156,-8.02832235476585e-05
2fP_YgVovTdPzUNlnTFeQw,6,0.00011198208286674149
2fiMDI6nQ_sCEtvUG9UCsA,18,-0.03101673101673101
2fwpuNOiQhvK7KgZ1ifimA,21,0.0008127224003865927
2g6XFQ6XD1iuNtl9ZES6cw,9,-0.0008766803039158392
2gDkEvBPkl-ATS_eqaMvxQ,68,-0.026312561913297797
2gbiwt06lPGhaCCeQcmHKQ,11,-0.0017127799736495388
2hCIzMXhSbgObLS4al82rg,47,0.002706692913385824
2hCJpE5I2OfEToUGcvdGRQ,20,-0.11829059829059829
2hvDcM769GC5t6zrkn4A3w,12,0.0020284477427334573
2i08phNpJ938airDq5Af6w,21,0.006469760900140646
2i6DI1RBQIaD5DxHYHot7g,78,-0.000423687127388159
2iAEbiYYkz795dRqm_Jhkg,6,-2.7995520716685342e-05
2j7i82BNAalfIL75KninSA,10,0.0029613960867265992
2jCHPyPvG0b00HjUKeDeTg,13,-0.003950834064969272
2jHAvIQiCvcJ330w44p4LQ,5,
2jkzK3hbitfnff8iVJjmqw,5,
2juujWzR3Ac_TSmbTzWawQ,7,-0.009230769230769235
2kXBqCeNyW3Oe9QOVUjOpA,9,-0.01477832512315271
2kmy1mBjp9GLUxcCH1UMXQ,9,-0.004500292226767971
2kyczXOKMGqcDdval--KJw,10,0.000666900666900667
2l2znqydic45GQfgCblQLg,16,0.008809020436927415
2lKvBXZbRDoosTR5QzXWRA,5,
2lcgp7-09VXUTnlQ4PPKpw,6,0.0003358381260232569
2lzcB7p5YlBimh4vfr6Fpw,7,-0.0058059587471352165
2m7aY4LC2Q_sasQxNBgXIw,6,0.0049909255898366615
2m8Gdh2AYepXn0dQBA5y8Q,19,-0.02238667900092507
2mHJetAZqfkm-QH-nOMu9g,16,-0.0008989537708241688
2mbH5r0clGty4w7dchJ-Gw,5,
2mboTcPKaHh35wGmRoq0eg,15,-0.0006167429480312916
2mkBNO0XdithuGir_qO6Ag,25,-0.29242979242979245
2o4CRQ-FreATtbnhlLKWew,40,0.0005126329381903227
2oNlM0ANjE8JB0jEwY-mtw,29,-0.0007869608348435222
2oO6flZBT-GIJpN50peMrw,8,0.0021080368906455866
2oav5QoWgnvTI2gO5xFMjw,107,-0.030285816790241563
2oqMGiiziE6qtvgqOb_PUg,7,-0.00024461269656377395
2owewxu5r6mLfKv6BBV3Aw,9,-0.00033562486729118773
2p7pEF7sDGke1NDWd_CsTw,9,-0.0005685074282687465
2pLIQ0RHSmUbF0eIRT0LYg,155,0.0006522835066925898
2pMdDOWl14rU4jdAH4oZXw,43,0.022328931572629062
2pNajQRwyng0u6c3J7ONjQ,9,0.002592165898617512
2pOZ6oSxDdslL3kLNMi0hQ,7,0.004398826979472141
2pR3PHYNIXajxkIIByKdtw,5,
2pWRW7ASh_Bw5q5V64Luuw,9,-0.0007654766003118612
2pjrY3JvBJoB91n1-ayTLw,43,-0.0014705193100862392
2qHkwqao9GyxnDXHzCv4JA,80,-0.01605719643694327
2qVZiMB22YPC2HCM62Gnbw,48,-0.12490842490842491
2rvRTXkBB_8b0TSQiNmr3w,7,0.005494505494505498
2sTSM3x0kWafo1SlEEWZHA,6,-0.01537433155080214
2t4AGBtgk-P9mE8JWm3uSQ,23,0.0004817991910751586
2uUd8aUbZorepmwW3j3a4A,10,0.0008910995949879299
2vAYStPvqIdrsM7ZE9X-1Q,13,-0.00410341848698013
2vIw_EuAcham4RFKh5ctIw,6,0.0016741674167416744
2vWlAJYCF11QmvRWBOQXDg,39,0.0024069671145780466
2vbbxo8E4z_41e9E3WgNRw,5,
2wqXY-eBHUeMIw_f5VHHMg,6,-0.03846153846153847
2x1ahdJXuZmhxwzayUaokA,5,
2x23uBEH3HjxJSkE3-WLOA,29,0.0010103192485364772
2x6H5oxjcHcvZLCQ3Cv_Fw,26,-0.006653792871835772
2xILZFIFZsPIxNkKH8aJ6g,42,-0.00118425264056332
2yLeUev-KhtxTPOEmTLaYQ,5,
2ySMo05PypYCM98OnBcwDA,10,0.1
2ykIi7hnAbg5ohYQ1kIRaw,16,8.266414737836555e-05
2ykuXX5qGkQjPh9PaIA3eg,7,-0.0016415868673050609
2yuwjVRHUCs9tCAYjISaag,39,-0.018202348690153566
2z82YBsqTcf4VRkcdVCTmg,27,-0.01633738601823708
2zSQu6_cLgWAVbZ2LbSLBA,79,0.001463653094087877
2zc5oSByKRqSE0xynFSQoA,6,-0.0007226738934056004
3-71QXMKNtHi4DvSFogm-Q,8,0.0006385186367627104
3-ohG1LYG5gi_9pTjsAJew,42,0.0049429670787799265
3-rScHRALlmQnsbMz_XFTA,4,
300_HrPJkulWGKcZVM60rA,7,-0.01428571428571429
30SDmG0Lzlly8ZISz6cXuw,9,-0.005347593582887703
30SveE-LXZ6a77oqBBBFEw,11,-0.0023478186630239905
30cpm1uq6xcQCmN6JTrB8w,104,-0.15902964959568736
31Bd5gl1hbwWfNtiFbVUbw,9,-0.10300751879699249
31Br29F2hhd4NJJdD-VtPg,19,0.0020715262849325777
31KYjhEDOC7oPLoKqAi-YA,12,-0.0008832068071779126
31MJAbb24BEV5fSumldN4g,21,-0.004976076555023923
31O5f7f3piqeoYGN86B1Cg,18,0.0001020189551218623
32It9NN_lVismU9tcuLB0A,134,0.012501172717890982
32m9wJDqmjKrG2Jnn0QlCA,10,-0.009243697478991595
332MG0dFd8d2JUcszdRdYw,45,-0.0065229563269876825
33mZJBSmODz6LP0q0OB7qQ,33,0.0035216076480343384
34-i9B0d0r0575-x6xDTsw,74,-0.001413210445468508
34XCXNeK8Vgc954dl06vtA,29,-0.004488049264168667
34xop1JGKq1e-gCY7xkOVQ,12,0.0018051299273750048
35GnZKj5t18rDyA1PyQENA,15,0.0012096774193548383
35jNPbB_-8oh-LHb9GEIQg,42,-0.06136107079503305
35lEtLqA7K4gJm2hlyTcqg,5,
35nXBvLjbzzZZTrY9SQnkA,12,-0.0016794526228488497
35yoH8b__Uv8_QJxCAawLA,16,0.00042893302909013817
363TZjV4ODqQAl4bcA28wA,20,-0.005588741520704667
364evEyxJdNqjbJN-CiANA,4,
36Ir9P6IBsmPx8YaPHFeQg,11,-0.0008538633818589027
36bv1R2iH5d3WCK8nwqOSw,5,
36rXK3hy6OR0k-tMBf1Ltw,5,
36tBU4T61w-O9znMq2z-Xg,8,0.0006764896673153556
37l4y0WSYlDIzUC84Dgazg,6,-0.004469740819345296
38nh08XWZYTHo7tb02Pdkw,4,
390CUkTdCxK89Nb9FdNp1g,13,0.0026123946180047165
3928XoRWMm6THfwFUYx7iQ,5,
392YmrlTOmP1j2u1CFDsFA,20,0.003484385135761283
3966MAWoL1GbB8Zjvspx1g,20,0.013937282229965157
39Vq4--74ljOpcFqn6vbGw,5,
39g4BU4dI0Ht-m2-FlHDNA,14,0.015322580645161291
39lNTydaNnOpCNNbMB0jkA,5,
3AXMyEZKczm5rliRDBJiBA,26,0.0008825914794141501
3Ag-nKpEIYcHusV3iDYdOw,12,-0.0005808231093206372
3BJxm-HnvzdwD1zjmSbmyQ,95,0.005329232314355659
3BTUfOkX26Y5dGOh5jLfTg,19,0.0012389035216076477
3BX2St2lFBoYlVD4evJ90A,24,0.0015735641227380016
3Bj4z0nL1W85kzYsXJ4U1A,5,
3BooQ2yklCtANqB5t6BbCg,6,-0.0013175230566534915
3BqE-WzMvq-tuJwbjjpJmg,19,0.06076923076923077
3CIQ89DosNbNhhhqdjzN3Q,7,0.00040570116905994764
3CWVOXbotxJjQU2iaEFOEA,25,0.0016853932584269657
3Cqy4d5KcGVmgiHFi4O4zQ,27,0.1767925561029009
3CsBRtDT5WOUu8IY0mHhXw,84,0.007966624342463272
3DDRYqCzc3Yhh7WOpNh7tg,6,-0.42857142857142855
3DFJuwPDIPbEUwA6Tp9E6Q,14,-0.00031645569620253127
3DrNVvXHL8eB05yu3ooKwA,10,0.001749720044792833
3EDcg1HPXiTbayaHxWqzrg,15,-0.005633001422475106
3EtNXxtPK6N-bPTBjoPHTw,28,-0.05230880230880231
3F-gHA6221D7GndrYI63Qw,5,
3FKIev7ZB_KE6XHL9sUJCg,98,-0.0813512356097438
3FlUa98PjRhFEfmMkJlOMw,22,-0.020276615726116283
3GvaJRiDGxzJzqoPX0xUeA,25,-0.0043843624406284245
3HLIMLpqby-AtroW-QzhvA,5,
3Hz1tjW2YqD5JPJTe2I09A,29,0.001341158605860087
3I0HYiNaQjHDVGEQbtwL1A,7,-0.01978021978021978
3IDTJXyPKz1vOcJQD1Cn9w,35,-0.008778280542986424
3IadlOAx145dhqMkIezlwQ,28,0.0005716880827077712
3J8PwNptOmUSwPI6WTTaiw,5,
3JhKbYckmOW85_Cw529erA,18,0.030434782608695653
3LD2JUarSKmBo3ovENj9gQ,5,
3LI8UDH94zmJxTTVm2rXIA,9,0.0022397891963109352
3LTZYgHLXHWStzLL7cFkHg,15,0.0017057569296375272
3LYKr4nbBVcNUlC4QelSfA,60,-0.009145983974985344
3L_w4x5-IxKhnVddNYsZ6g,10,-0.000938049638460035
3LaKoLsyhZniWjS-6N1boA,8,-0.0039079461571862786
3Lf3nWp9TcIj7hvw9YZeMA,35,0.0018787663948954272
3LxP4hHw1Ic-enGC1KEoqQ,69,0.008091213024799367
3LzUSNKw29s6NEpMOfkJdw,5,
3M69f6Cg2CAgpEcIgoKS5A,125,0.012364701082391339
3MIsXwx5zVmlwzRx9UnuFQ,47,0.005209504806820243
3Mqwdb3z6SVXYOYCon3lug,5,
3N0afqO3P7mOEQXtn4UGAw,6,0.00010497769224039881
3N4Tv-FymDtYGABlQBxwYw,6,0.0008346084295451384
3NNKjjMkjYQwkrlRJ__VGw,25,0.0007831578112556632
3NsTKp85H2FUjr1SURf0NQ,82,-0.021279206230662543
3O7QheC6iNpkkFWSWD0DwQ,4,
3O8-GYC2oOmrJz9nuFjaxA,13,-0.005520353302611366
3ODVrxBUJh7qmHv64PyssA,8,0.006964809384164223
3ONID-FiN6arsuNUjRz-1Q,13,0.0010498320268756997
3Ow4eWMRULLlF1LuczneiQ,7,0.0005498533724340176
3PK1vJLwNl2ZcnfmsA-ypQ,17,0.0007806520740854128
3QPAh9VvYNTnqAFgBeBcng,108,0.0025141397421263377
3QRlc2p_QPkRS11bM6NXkw,9,0.049407114624505914
3QTpM6ei47s-8EL_ksB5Ag,7,-0.0006502860435444702
3QpErOK9RfahtAfrKSZYig,24,-0.06610644257703077
3R3xF1BSo1NvXKMKrQOtxA,6,-0.00031547399968452606
3Rj9ItAP5k_i6YVmFJgC9w,86,-0.011475409836065573
3Rn91lErljcpt0sY31bXQw,29,0.004177373428710327
3RwqdIWmBgKF3HpKSlHNSg,35,0.011569788967049242
3S_g61xUct3Rmmx4rJS_mA,53,-0.002446957715377043
3SpZV3ao9ziQsSyRRUJBXQ,25,-0.003666366636663667
3StCmEw7AhBdHKIEkckGeA,42,0.0018585782348223934
3Sv4AtqhPp0O7TOWXfDspA,13,-0.0003715789114019205
3TKvav2zyNnyGaHC3MEAow,19,-0.0002689641599790077
3TUWwxj6oMz4kKQ6sBaH2w,6,0.003063792537476748
3TroNo3SClF2vXc1OnC44A,5,
3UBG2rwjgP-6ifTAuKl3Gg,61,-0.027070471753057653
3UHWoRTwxV7iy8njqA9fMQ,6,0.005128205128205127
3USp176ILrGkfeXTRrcsAw,36,0.0005612610460950573
3UWlqWEBQUHZYSQpbpiDGg,30,-0.005323591479703412
3Ue1baQZeGqo2bOksGpQhg,25,0.0020865460267505895
3V97GKPqXFm2al_Ozu5Tdw,16,0.0017566467715680958
3VA5BgRcVd-mAvSFJFFveQ,33,-0.01763798951588036
3VKE0_-KhU_qMYHxcyVcDg,39,0.008243870928050692
3W30N7L0uznpHrh6KwZXGw,50,-0.02346337091372234
3W7Oksfp62Ka1KPizI6H5Q,7,-0.00014903129657228012
3WS4vIZ5Rh1waOeuvrd_Aw,9,-0.004955570745044428
3WX24d4v-R1OK4xqrcVL7g,80,-0.007993371735185039
3WgzKhDmH5nU946Yk4wbzA,8,-0.005185377236193934
3Wyjm5SA7BxwJK3RBpkqcg,78,0.0048566950291088215
3XEOkGgFi0T5IBJBHEeBQw,5,
3XTQcobtEsU11sSN2Jn7Bw,90,0.021384642942440885
3XtrwBSOV3bTpKD7Mdl8Qw,26,-0.0017712430474145335
3YCQH1QoDjnTha5S7tJtlw,9,-0.0038461538461538464
3YDXcj6vfpIDej7cULGh8A,87,0.006471582715926607
3ZLbZ_sb8cz0qBU551ysBw,9,-0.0029864253393665167
3ZynJ94VpIdDlaArmEp2Rg,112,0.005089660497630133
3aMw2qK9d6QIZj7P9KM7xQ,9,-0.005775803144224196
3aOvhh2lSwDiq1MtQLHoDA,6,0.0010731476367079617
3bMVhRoYXU4UND8G0xLflw,6,-0.05454545454545455
3bkqiYxu6bo0k0JT39SZSw,8,0.005616359447004607
3c3okC0udBKZD_fASFrI-A,112,-0.010274495619323209
3cGEOpKF8Uz5RHawkT4YhQ,5,
3cImBDLjY5IT5w3QWRujdA,7,0.07142857142857142
3cLnczhB6aafUPnhOyEN0A,7,0.0017588430721125663
3ccAyGhQyN7XOcMNWvytYw,62,0.0014679954180288092
3cuWXwS_ctOh834MzMZXmQ,20,-0.008909694956206582
3czT65zbslmUQSkzCPfp8Q,23,-0.005031446540880504
3dd9a6QMCZc71UNMrBfSNA,28,0.00035737720284964374
3dl7FI3cG8C1v3uaj4_78w,21,-0.0015662240381341503
3dtxHKM3RbVyjzTfbcGq2A,17,-0.00047476617765750367
3dxwzBawgWJpU-vQjuQJJA,12,-0.0041025641025641026
3e4Zq-MCi01DKJIo462LeA,6,-0.0009181784524250273
3e613yg9WsOZHWs562jXjA,7,0.03636363636363636
3eAGbHu2VFz8dVNC_dO5ow,39,-0.02857142857142857
3eJMsl41qwhcYlvoTF1ElQ,115,-0.04132100674915635
3eYLop9BA2mLzPYjUFKcWg,12,0.0027015677491601343
3ezpA0GTLKClCwiQ8AkkGA,7,-1.5714285714285716
3f-acmwXPLnVd2UKfnk1xg,109,0.0010669053571612291
3fD7Pbi_VozCRS-eIjzIag,47,0.0016664408616718605
3fiZ9cUjTJYx0ivno0PyrQ,11,-0.004580369843527738
3g8hmFwzRP5J_JGUJWE9rg,10,-0.0023809523809523803
3gVSrS4kffGGZT8oXHsIcw,166,0.0030911650941106055
3hFAXKo69x2om7z9OWG7kA,5,
3hzS8_xxx0r5nvOL1JpxqA,17,-0.00011235175351347046
3i3NUv_G6O6h-BYNnLa9Qg,10,0.00044908597795075906
3i8aiuwpdhlqRzuxukuEEw,20,0.0006535193941490791
3ibADNXI0Jx29UJcQTO7jQ,16,-0.0014912965715293345
3j08Cje2YWUuRxV60BiVFw,36,-0.06765327695560254
3jm8wl6bt1sytsf_xH0l1A,29,-0.12390029325513197
3jpDBv6A6cc58BBGMcXTzQ,5,
3k05inIjD0WOQkd71_VNrQ,35,-0.001588595382260962
3k0xVHaCsPuDn-IZgCOPLw,31,-0.0026192254347594157
3kiB39JzdovdlOhQj-nMCw,54,0.007628378969468989
3kv7ToSuH1AtRdW4xpYxmQ,12,0.00042974028984851657
3lBooCffgkW7tVSG5kILBA,139,0.0034812021557235084
3lHqHuxZq1-R-aVWpot7RQ,22,0.00026010596490831265
3lP2rGLqBwgT24WOqVsPuA,10,-3.8266914784244636e-20
3lZIHVHrWHTEBPgjUpoZ6Q,24,-0.0014809329877823025
3ldp8B52AOzNSFnPMAY0ww,108,-0.08146120203642328
3lgyTOyb7ouBlAQYSiOFPw,10,-0.002604673807205453
3lsE-1hRI526KHKbeytPcg,80,-0.0013652684753644657
3m1th_caiFrvdwXUOz0Fgw,6,-0.0017613964982386035
3maqld7j2e5GZ2SMqUqHyg,22,-0.0036276223776223787
3mdQC4EqCJ-WAmkgjij2XA,7,-0.1
3nCfcTn3uN5Gzj0WH3NqSA,5,
3nM3QNlex3OkNqM7FZTFPg,25,-0.004676511954992968
3nS9Er3UjBV0W84CJPMgSQ,6,-0.0002484191508581752
3ncO2cRVLEShJ_c2RkGmKA,18,-0.009930313588850175
3oVxEZuYf7RSQ6DJkwTqbQ,28,-0.018948598849549355
3p2XX3lfKPKtYWCopERzzw,5,
3pBYcS2co6J8ixnWZyKyJw,20,-0.03413940256045519
3pS39UtjbTGiz8oiSnSeuA,6,0.0005473453749315815
3pb-4gEtN_HfemAZImo3ig,6,0.05025409373235461
3pbc89Mbi-L7HjuAw-DQfw,8,-0.8351648351648352
3pq60g2sQ-GD-gBm_UP8Qg,9,-0.1713286713286713
3puk4beQqK6zz8N4nTdhtQ,35,-0.003394790752121744
3qCsGKgXo7Cz-e_6m_lOCg,6,0.031122448979591835
3qHsDIR_2B_zIvgX_0CqXw,9,-0.0023268112109994707
3qVvyOk6a9uZDEeJB2FHRA,6,0.0025632262474367734
3qm2sG71yvgHJw1Sg22rEg,76,0.00549622413870146
3qud1ZweO0CpkEfOhZCwGA,7,-0.0031953320366768538
3rfuvMPsAWPuBcgbJfGRnA,8,-0.0025685578303240916
3ruZF8NwSWZH6XoAYl6sBg,6,-0.003760683760683761
3sdlpskDaXr1P59BYjGoFw,26,0.002883538633818589
3slJKckw5feGTOHopRTiPA,19,0.0017493603901073674
3t5cdchllD4uloxHbfxBiA,25,0.005441865379873905
3tR1GRfd-0moZ8F-L6MGaA,17,-0.007179487179487187
3uLXZMnm68l1YwI8_FaFNA,44,-0.024750325662179766
3ut1fzbMfQ1VhFvHpeLOMw,21,0.16205533596837943
3vQNIt7SakHj9YZIhHbJHw,43,0.0033085914929552413
3vmDeY3fTP3F_eICgrvehQ,12,0.00047778308647873874
3wRG_Rpe_clXo67Nit5HUg,71,-0.022038439138031447
3wg8xiywSGA96DWCF0WOLw,90,-0.01270996640537514
3wkSjqb5XI4rP5unMn8yJA,17,-0.007400927302948123
3woevNT4gDDZWTFf94qlCg,50,0.001815184337308231
3wxKriseiH9Isp5xmyBupw,42,-0.03689991361224239
3x0kph8uwEFqibspRo_jbQ,5,
3x2-MlaERcq43sLy_TSfwQ,23,-0.001658840595993008
3xqI9xG6MFQYkCPVED985Q,15,-0.021739130434782608
3yJncsrrB2Jd0Ax7imaK-w,25,-0.0006340844795629693
3yNmHvU7wkgI64WRReCrHg,20,0.0016627567189364937
3yW8-dUi1wwCEf0URxUA7A,77,-0.08506131549609817
3ydk69StFw-7DKPqX3smcQ,9,-0.0047810125501579455
3yl_F1v1FU-l7gDvJn30nw,4,
3zEedfqHtCrQEUsmPsDNsA,5,
3zfWE7KagyyFgmr8MCcYBg,12,0.012307692307692304
3zgAEO_E_cGhOMGeLSMcVA,10,-0.0257085020242915
3zuwbMR9AjSUVKjTsLbtgA,16,0.0008763388510223944
4-TKASCNK5-XBWdXmeXWbA,13,-0.041736694677871146
40O7uKX-uAG_JDrS-OM85w,144,0.01404063393763529
40xoTPjCQ9uvpc2GqGnEqA,33,-0.0002676743819870884
410SzJMr27T3wUusKW890A,84,0.0016923183462890178
41LEg4ZgFDVnZfToxGXiGA,78,-0.0725881053982275
41Wm32-Aj7jdejK4QfUDDw,78,0.0015109257393918834
41ZygSobaaAr84ZkLGjY0A,11,-0.0016771488469601674
41jPz8H5tc8tjgxOF4NXDA,5,
42Fn1Qf_bdicA6W0HaoWhg,8,0.012829912023460411
42Gq2kRqkpIFz3Yu8KiC1Q,18,-0.0008149154216569945
42HNZcRgkYF2KcSUpMJFxg,9,0.0012133699633699634
42iv8H7NqN1f9fSz_NPf4g,8,4.353815782843751e-18
43-v-OqKG16a2TbwdkXNTQ,4,
434A83c2ig6QxsZjrjclpQ,146,0.01629953756650589
43AC2TqfcQcenT6srX5QCA,13,-0.6945054945054946
43BhZZJqMC32hv9xE7d0CQ,5,
43WXPTrHWjd6AHVMXpoSaQ,16,7.900514830563445e-05
43ZZDlfzgi8Zye2OHFyq5A,4,
44Xh-IjWDSn7XTw1hzO50g,163,0.02856076361115555
44kn9IotNdaGnvXbODGcXA,17,0.0015079336091790895
453c3KX92g_bjn53a9OBqg,23,0.00034179876436522073
45ClmqPAagmNvdUojFULZA,90,-0.017619254715253618
45CvrxmM8rBwuV2iWHjZ_w,28,0.0019249491924467955
45N54l3hjvR8IhSrPNVcPQ,72,-0.04183283657277192
45QMGtW3JDeRbpZJKV42Tg,20,0.0007799782962561044
45WLhjZ42-_WL1FcDXErsQ,14,0.008054298642533937
45pdkf09S5VaM0CN60g9Ow,3,
45qdGcVB516AzDYyPDiY0g,10,-0.0006669436487284336
45tvAZaoMo0VhsJvPHf9sw,17,-0.06769230769230769
469cDiOBw6Hs0dUdFQrEmg,59,0.006058101086443079
46V9suQHVtcxWrq9VIcJQg,21,0.003218777031073258
46_2e1hnQ4csLrYnhn6bkw,34,-0.17541827541827537
47G1W3pBfKAvkXTNxEbhxw,15,-0.0031715652768284333
47TOmOqMxeyUSpYoLKqTsA,20,-0.0003680529996319483
47qVw25eTyGXMVQe83ypVg,7,0.005159474671669793
48hwr-F1xEFfHdTD1ueE2A,29,0.0007338436045135328
48u8WIossNoJXI4SHh1gWQ,5,
48xFBazZoaP-sOacT6WlHQ,35,-0.004310000798148295
49Gyz-LD9MxTh1yzbYiOhw,95,-0.05002912055911474
49Pr-M3qFKyHAaPIlt8RiQ,20,0.0027961810716175014
49wcB-ofwY20ggk7Kd4rfw,14,-0.0010223953261927943
4A-nE9Vz-0gs0OwAYAilpw,11,-0.0008242531462345702
4AuBXliaKg3bDKVaaZvxbw,27,-0.011573150291324127
4B62BlwlY2fb9asInI2vkg,16,-0.034640762463343105
4BCKlTVLcYfBp5xwdC9z3g,6,-0.0010671903013745418
4BHfe0N48rd8R5gMOI-4ig,7,0.00015962965919067755
4BKKBx50oZaEczazjZ1ZEQ,32,-0.0033723213523435508
4CBk3DBUgl3V9zbVBKsIqQ,26,-0.005902980713033314
4CT_cGjUp-ujGpbjYneV-g,100,-0.01036515304133913
4Cqcgn7wL1lO08IKqnooAg,7,-0.03333333333333333
4DBhbIyHGi-nw7RbUhZ3Sw,5,
4D_GsaRoqk7P09VOcgezlQ,96,-0.007295261099608924
4Do_B7sfhfsn4TQV1h0psg,32,-0.13502571397308238
4EDFnzdMBdrL4tujAA2QZQ,10,-0.0001168907071887786
4EXm70lqkCxZ-WtgNon8sw,11,-0.38181818181818183
4Env6uGYxMhXFKPfcuzUuQ,30,-0.0645918367346939
4F3_gToW4jGAZMWi1407Vg,7,-8.33564879133095e-05
4FHXsFTyvvxc-pISdYkoeQ,38,0.007312765781101572
4FLz0ha5Gy4dKKl3UFVI6g,6,-0.024242424242424242
4FS0BXHYW2ag97OgJ_awLw,30,-0.03997662185856224
4FzEYIhYeHoo8_EP23enPA,5,
4GDK7TSLy_L_kcJwmDxZGw,18,-0.001018141429100333
4HHMx7GSl8-C4XSuflVv0Q,9,-0.26666666666666666
4HRtArZJtcAs10gAE7_bzw,23,0.0027332947456428064
4I0C-1XMCU87VlG6Nv_wBQ,5,
4ID028tc3wG2QT2LS-iLHQ,7,-0.0003138604839526172
4INCRF2drQv6ivUZHkCIJA,5,
4IrGZzglUUDgxfBBJKbnZw,46,-0.10772005772005772
4IsLGHKy6PDg3M6Y5g4zGw,6,0.000486854917234664
4IvQU16RBKuLtpgx8yLqmQ,7,0.0006733251038042869
4IwFJ0zRRxNZ0Zxm9FJFFg,24,0.0006530019952838746
4J06--ty2Ydj1---IsArLw,174,-0.00506732677081929
4JTY29QkmdbmpMms3Midqg,43,-0.0195509263211816
4KJqpqPuD887Nwlrn-aZHw,5,
4KbpvwrCVjL8t1g_pOUndQ,22,0.0006132364734185578
4LH-3RAvgZQcTe40LzNAlg,89,-0.005647622759552746
4LSIGjDPsgINLwO0pCAS7g,7,-0.003849818944158566
4LgeK9DOwJv9nke33uU-9Q,16,0.0008456623500871289
4LkQ65dWQiRWfYihguKqOQ,16,-0.0020907386576677913
4MCemZet-mmfunhSqEdyEQ,21,-0.0012478908886389198
4MQpxMnXusrCkqKgvEZHXw,9,0.004940711462450589
4Mp9g8_Qm69KMHtWtkN5BA,15,-0.00021729682746631892
4NYZ-PHH7GDgjfIO7_Vfgg,4,
4NjPz9bJzll1FMIi2bw8HA,6,0.049999999999999996
4Npws3Svn4Al4_bpvTMXZA,21,-0.0008635398350143227
4OnIsmWkjc7Adl1OmGqQdQ,42,-0.04517825832846289
4OpfZk5kiwi3ttYy1Va8Bw,13,-0.015810276679841896
4P4iL8EHh_IjfNE2_c8TTQ,8,-0.05494505494505495
4P6u1-EXiwVdGSZbYHD7GQ,28,-0.004786255888354283
4PCwGGG-koGifzJfim3mtw,86,0.0014001671841413898
4PS-LXxGPlNM24Hmt4a4nw,20,-0.0008016185059357944
4Peac-dIOM80hSw9iqEAJw,23,0.001388779294563245
4Pum6FOeM6RhMI5WQtvi2w,3,
4PyqPHAiFopyZZlLcLQuVg,29,-0.15641711229946523
4R2KR_-FybS7oegGrXjHVg,151,0.03162503289678852
4RMHlggaIdNibPUJPVEd6w,98,0.0014692599121848562
4RXGPcWPkeWKJ6RxhQfxbA,41,-0.009132290184921767
4Rjs5IQKnGzHyZ6X3iqJBQ,12,0.000970814132104455
4RquQY6VxOOw8s4r9-4DZA,48,0.00010422433176825929
4S-PakBV_zrtw2t0A2ut-A,5,
4S60pqcbAg-BEBuTX0OXLQ,10,-0.00045490333304172874
4SQ5uczVt66-GGGeNQRfEA,103,0.012016152861223284
4SW6d-MD7i1rrKIE__Oz7g,6,0.005282112845138055
4S_yN5o0EvXvV6GNvesTKw,67,0.011487194306975401
4TCZPKmZV5gEf8igML2aNw,33,0.0031186235735697902
4TCmJskt1VVvI0C4WeA0_A,17,-0.005432870822747703
4TGIrdvZXiO-JxCpaaYUbg,28,0.0002549309746676199
4TQMOy00KD_54xSFwKgMZw,9,0.1696969696969697
4TRaSx4vcKfhm9Jx-heiqg,48,-0.004692490056623367
4TakDnuQw2uO4DCtbW6TDg,7,-0.0012210012210012203
4TuBZkfrm8hQ5K-Xuw6Lgw,5,
4U8yH6ieqSEqN29lOzXeVw,6,0.0010824668850591078
4UN9D13O5tL0kWHxV4PNnQ,27,0.002506435442351985
4UVsJ0CX20rmeC6CfC0reA,47,-0.0001574555188159345
4UXA9y578vG94DIfoxLErQ,4,
4UZgIeaRWuOj3Z6LNMyaDA,49,0.000579937304075235
4U_ZLUJOhVLgweJAs7yRdw,6,-0.0003992281588928072
4V6BpKsB68F9W8MQSfe1Zg,9,0.0014900888585099113
4VgCffIuFrsANi3p85hceg,8,0.0017500648172154524
4W9f4R-SQ5_45TZhAbLr1g,10,-0.03360323886639676
4W_lm9GC2NCBJMAqe_wVFg,23,0.013827838827838827
4X_-18QYn1mitVpaeua1CQ,69,-0.0023751649420098615
4XbCxF93ZK2BwhPbiReyLQ,28,-0.045072574484339184
4YU-VlpC_DU0EnOjlr4C1w,19,-0.005926979611190136
4ZKAGQ2U8M4mtONcAg42cQ,54,-0.04228047644229557
4ZSKrjtl_B9ytuR0o1PvEA,9,-0.21428571428571427
4ZZIxkhZrmRpyNiMjmQG8A,9,-0.36363636363636365
4Z_2f6Uyt8gC3-DxsgmQGQ,15,-0.01595558153126827
4_-IcMpkF_sBRHomWZHNzA,150,-0.008072699457068623
4_K8IBzSQvBkWJBzoTBz2A,4,
4_VDvhKpKSsj7jZYdocZYA,150,-0.0011139290682267776
4_W5pstoN1166TGjjPOrMg,152,-0.014995820396465248
4_rG__MXy6Za6ZyI1v3Ucw,9,-0.03676470588235294
4_u6ikFiy1MMwPA9ZDkuXQ,13,-0.3461538461538462
4aPZ150mPkrg7uWFz4E_cg,7,-0.0005260081823495024
4ah69lOJaaUuPS-wXtw_Fg,15,-0.0007326007326007329
4bx6V3IBe-J_BrrpLMjTJw,10,0.006916996047430829
4c2g3f516yTu4mZLbYqsmQ,18,0.0014521914093255184
4d04KiJmkd3Otx6Swu83Aw,7,-0.003456959706959707
4d8p7qsNfWOxUxmjNXR5YQ,89,0.003117570058504528
4dsEskXvQeMu7g85LGBxJQ,6,-0.00013162513162513135
4dzX0ejiALX1X77f4bu4_w,7,-0.0011401743796109994
4ejwoBxCDUgTPjaaOXLuDQ,23,0.005209979893524197
4ethI9A0jaG7bhJmHy4gow,21,0.012605042016806721
4fBMC1My_-Hdsv2YZrkm4w,11,-0.0013260423786739576
4fC6oyVSEH3nz6xCEy3cig,6,0.0003085277057879799
4fLDpUWfPaYap44vxOOL0A,6,0.0002388915432393694
4fXN8iR4PHnwR7BpdUPC8g,21,0.03188307929770403
4fzyMIxVjxXc2N6UeJD3Yg,21,0.0016518569150148097
4gVuHNcHGaRd8v6FSY5BYg,47,0.0033740788524195832
4gYq8KgFxvNWmzThbt_Vwg,14,-0.002216010677142352
4gvAsj8NRTla82aSBzGytw,102,0.004043452664373652
4gyjrSazXr3JNTvNYOJJBg,52,0.0032005244232789954
4hH1lt7mHPbl4r2O7LH6nA,54,-0.01779233424803045
4hM6GbEq5Jt-YZ0vRN1-Lw,34,0.002874469051371786
4hQxm6xckt0EGqfAGzQDyg,138,0.0044220188763749516
4hVeYebIXf7ObiIwalpp7g,25,0.0013128290629625518
4hb5DrxoyZ6dhE0qsSkkzQ,6,0.0013769363166953531
4hdSKMhViv3knwCF9auwYA,72,-0.0005052588640482825
4hmaKbOARJsP_8UfRssQJg,19,0.0009841842004009638
4hrSAuYn1W7xDBzb9Lcw6g,12,-2.734107997265883e-05
4hv1n1VBzMvE-T4UtIcOcw,170,-0.006176793904704143
4i0FA0P4hLyiSfPbAP7bzg,5,
4i1to26tzHGWDpquEeazwg,10,0.00065359477124183
4i4AA184MUz3wobkhdAA3A,6,0.0005645889792231254
4iXL8_-le76T3o2b05rGjw,11,-0.00019201920192019213
4iaDKD1cerve5KdW-KH_cA,5,
4igGJ9v1iQLKCBx9aW_VIg,8,0.0036282858200666415
4ijvtSMdrgze2USbJQn2Og,19,-0.014820473644003055
4jDVTz29O3Czmf6VHoBelA,5,
4jMcQREZ9774-dOGH5p4QA,35,0.0015812242056585945
4kiUaZh_w-GAdax_IfcpNQ,12,0.0022686025408348476
4lJRJ86Welod5qO4DfGWgQ,5,
4lZovWojx_S0xsM42k7nNw,12,0.008003624282694053
4lazSGJOk8wv0Fc2mk7XGg,25,-0.006913229018492176
4lwprLC0sYS3isHe3_qqyw,6,-0.00041803331403948805
4mKAD2m2ek-z51ZPqL6-aw,14,-0.0022831265625737076
4mR4qVugMha2GPGnT2lUDQ,8,0.029644268774703556
4mWzXhD8vo0bABVCGAhlqA,143,0.02417948589733905
4moCnH6Ik60oVGiY58_6hA,27,0.0017894606935702818
4mygX8lbSgi8Et7Dl2F37g,59,0.010578615976843422
4nEajRJlnTsgWlvACOX6qg,18,0.0013598247337009892
4nJ1L8QMKujkh8_Oe4FK6A,30,-0.05581550802139037
4neE9YMUprmQvsTzEvWoZA,25,0.00037630874465308155
4nmSdHijY4skUHuHebtOvQ,21,0.002015142690739662
4nmafS5eEVKv-Uip2UC5yQ,12,-0.002105263157894736
4o0xTz_indIcqzJ7juHBAw,13,-0.05087853323147441
4ojRyf5RfZArkkE9U9bfNw,38,0.00041773484709760117
4owrIR0t7W5WR1a8-VsoKQ,7,-0.003543071800563477
4pyR9gY74U0cRWZDB9C6Cw,20,0.0025436565777815882
4q4huGL_tQj1XpRB8P5F6A,57,0.003818066816169283
4qG7aFq9-45830OfYt7gCA,134,0.003936377000411059
4r4B36aNolZKmMi8yZzUww,31,-0.007062461348175635
4rEE97olHLzF5WnpHm8rmQ,7,0.0007075805462521818
4rG4tJF2EC2CfYvBu_uqpQ,33,-0.3100386100386101
4rMBM8Rwgt2Gr2L1jVMHCA,6,0.005768732175265749
4rhH2r1lL7ujqnvTwZo--w,19,-0.005783689994216309
4sF5EuFnc1kPuX-AY7Dfrw,11,-0.005060728744939269
4sHs_tAK1GIAlRujCaIRVg,6,-0.0012593929725872133
4sYOrG_G0E3uSeonI-4hvg,7,-0.0003779395296752518
4sxse2KGIYTKOi9zXRccKQ,8,-0.013846153846153845
4t3yeXmkrMaJruCWA0H8DA,4,
4tS4tN7Ax3pXIibdufOssw,12,0.0034176160044456787
4tU9hlfzrCpcGWTIm-OKVA,160,0.0030460094389551536
4tgm6KADoZz_hbukxqK7sA,34,0.0009311133906730837
4tyoxyxyCKpcRwkbyIizpw,41,-0.019988801791713327
4uJ6Ox6GRMVzkUt306kzIQ,90,0.002074476460399937
4ux_NVADCjbDmFT8CALKIQ,6,-1.619047619047619
4viOlb1jGDJUHmv8C5o2GQ,25,0.0014366408724328207
4vy8j-L9zXXFH_wh2sVzAw,30,-0.00888501742160279
4wSIW4SSuGia8Lmet860_g,13,0.00042994979703840446
4wX_7wJGjWb10IMJAUJ8gA,47,-0.0033012878650462555
4wgkBsiJWP5Ih0qLQDB95A,6,0.00048249591873752946
4wnILSUsxXtvgynbkn0cxw,7,-0.00038793232073050635
4wq9bzoCe3Mh0cPbYH1eDg,129,0.052275133947622135
4wtXL_av84qwCpOTBTjsyg,6,0.17142857142857143
4x6XkcuyzFHjlV7I7wqF0w,6,0.001189747178724521
4xOrBsgS6opqA1quEgJwtQ,5,
4x_DhrjTcrpieMkbrrCU-g,52,-0.07621336996336997
4xms8NaJgu_YFXhvR78w9Q,26,0.004786262331019363
4xqsvnZtjE7FgIMvSXrviw,17,-0.04717875770507352
4xu5AxIquZThauX74w5hSA,11,0.0002217549425263366
4ydaO2E3LmD_TfpG3xKTOw,7,0.0017876859982123136
4z6BtXauqoJBKjM8J-MvtQ,5,
4zEqYybRD1FQssLGaJnNZA,32,-0.022590567327409425
4zK5zmIqQxeDgetjoRmkrQ,17,0.005306676539553251
4zQV6v8TwEYMwI9Ekdf19g,131,0.001407553123693384
4zi1ILKHmeqXsaa3SR4k5g,7,-0.012096774193548387
5-8iEgimW1wgAqF6w_zYJA,36,-0.09966080789392538
5-JfStgLY03ion8gpUJF4A,13,-0.11127819548872178
5-YFRezc0MMV8Fe79ImJYQ,8,-0.0050522648083623735
5-nNDXuH0KUj31oo1RqQXQ,16,-0.016836734693877555
5-olTgAwRwJyvfvrdEFdSg,7,-0.0007311032198382624
502_oIIGv3G7ZHXUeMiZvA,29,0.009795918367346938
502aMuqChPfiF7TTIP6gcQ,7,-0.0019641591576389597
50MNOCMK3OxqR_VL3Bsupg,14,0.0031673901247965272
50mWV40JHQnUM40Ei0TtxQ,6,0.0012032580525731212
50xXV9yxwkbcIcIb19X6vw,7,-0.0019539730785931393
51BQzF_4dOOuIO9s-4Ropw,38,-0.011133467471495639
51DGUAxhAw5Tg56Sg3QLvg,52,0.002225997074853579
51yuY_qpVGtdrezuPsMjQg,4,
52KaQ6LSMgzjqhDuHBheJQ,13,0.0018180176630880852
52aKJGUzVV5JmJop5uAcdQ,20,-0.002970766202522418
52coqChJaKo2IYYvZJMezw,6,0.01595881595881596
52d1KyaFqpwAQHkN2JJuFw,27,-0.00037046119810282114
52iW9Eo-EWJZXYYjQ5pAKw,74,0.006816342776662425
531hWwPHP-dOJbzCyt4VBw,9,-0.0001281306591041105
53KCCiwnJxAiOcjCPUi5nA,16,-0.02170829478877581
53LiIYSyOiq_qWXHjkE8BQ,9,-0.013248766737138833
53ZtJeEgstlJgV6F5MrjEA,11,0.0038327526132404185
53ZvKaO19YS6Gt5x-va0BA,25,0.003132071513135218
54VKJOMvaUkPE0ZjYk-6Xg,17,0.005510088323474598
54_Gr2U47GtEilV2cUeOMQ,6,0.018633540372670808
54q7tvEh92SREvpgSSBSnw,8,0.02797202797202797
55D--p5wnvr0gYyRI_y_mw,99,0.004169113329418673
55GNarL5MuVzJEslW7QjbA,20,0.002191015035051732
55X3tkJf7TJGdOOHOIxGag,2,
55drQjnFXJnNcgjmFdti1Q,8,0.00062267088070192
55gCXlWDDCdttR3yRss1xw,80,0.004582069514196211
568sC23pW0WZYXafvhJZDA,15,-0.017713903743315502
56p17O_bHVEPBh4m41JAsA,54,-0.0005833641255106019
57bce3hS4snqOknTfsiMKw,47,-0.00100779745729151
57j2jUyvPq0YfR8wYKiIcQ,14,-0.0006118881118881113
57jQ8IbUXc6sJarQtR6-zQ,10,-0.0017044109524185281
58Etdgo1QYkcOdZC7xTQgA,2,
58PbdOE6CrGWL9iIsBGK9w,36,-3.653059780040113e-05
58YlriLggVr4_5yShAhA3g,25,0.0015775992219438965
59JWP6tOxoKIKeMSXcgNFw,45,0.013499658236500341
59yrjRxP423hzGWGgSpLNg,7,0.014680971202710334
5A4OCImLDi8tTYzcFjRQAQ,6,-0.009774436090225562
5AGVyIa1_XVUqXGbQXRmiQ,71,-0.0880735485495991
5Apcp9iRdnIG__iXIEnILA,32,0.004376846482109639
5BCGpD7VzyhqyMH6TND3sw,16,0.000642898889538282
5BzDew_PVYnppjRFJXGF7g,14,-0.00044854070660522305
5C7j2GEp_FVLTgxDorrTEw,11,-0.0016648168701442838
5CCWbCvlxPCX3kLSSFTfEA,21,-0.0031305536568694468
5CHjDZYRVAdj3MJ3oc4v4g,7,-0.0030308204559036963
5CW82H2eIcCAH5AGzF7clQ,7,-0.0008668916385451821
5CZIGD5oNpS5gQTiVxHCdg,13,-0.008644271802166538
5Cj7hVtnGhaEIKYKQpQ_4w,8,-0.001870443180516854
5D0olR3bAHAk2Eaczn1TzQ,7,0.0002775749204450451
5DxlRmOL5kpE-j-uipAADw,6,-0.005567688947676028
5E7Zk3g6kLsB72J4EX4YkA,71,-0.06955431217441636
5E9nyAMrRUPzHL-kTPXvGw,7,-0.0038084434000486187
5EHpBOAzRVDBt17jCkgelQ,13,-0.01470588235294118
5EL8OtIvDMWkT9jDlAJetg,44,-0.009856814830025946
5E_llTG4jqraq0n95IFajA,16,0.001275522848711755
5EkkPPA6ZOltPFKo97H_5g,52,-0.007372245663384905
5Eq-hxUIIjZTHFnpZJhgQQ,12,0.0010782663580896272
5FFLKjQfp0bJhfL-F9xfjQ,32,-0.005960148122024334
5Fm6khB-De-OdqATep9J9Q,115,0.0023711761673687764
5FuQbcHTF_I7PWJzhCMObw,119,0.007977198277742252
5GGT_83OMzXU4XoqFN-Vag,15,-0.005452821242294926
5Gdz1b4bffTJAWXENGtQPA,69,0.007043657567357195
5Gr1_aXcfUhMR1d5ETBuaw,21,0.01068917018284107
5Gs3oTO9MXbxdUnpUmnIuw,6,0.0024072655651603027
5H5MGKvvG-uNa-r271IP8g,5,
5HEEApGVOAE-yf9ekCkSHw,40,0.0005765628505684757
5HeO2Q_tKt8V9jgthPOnFw,86,0.004794520547945207
5Hq4h2NBrm_C0Baii6M7wQ,11,0.000522932111107693
5Hvt4NPyJBRV8BL6U3xMuQ,40,-0.0020803908844524185
5IAssDyBqi9EQ_5sz5PZzg,28,0.004036866359447005
5ICrDkwtX4ykKOLVJ1tFJA,125,-0.0003468469293665768
5IEkofnAwaleuGjfBVsrvw,8,-0.019607843137254905
5IL3rTT-_LHyvVJRVNKxaQ,38,-0.012836438923395446
5INWCIArMbFd-aku3-UI3Q,72,-0.009572964669738863
5ISqvo9dxmFY6MkXF28H4A,6,0.19999999999999998
5ITd9Bnspp8QteDDXs3ULw,12,0.0021556550951847705
5ItgryJvadUrKVljjJ8l4g,120,0.003384128771125675
5JvPE_Ac1Rt86a46n4VsxQ,7,-0.0006342494714587735
5K2d01yWDxYlm3duiyQ0RQ,11,-0.010323886639676113
5K32Jy_YwW300mAdYK_Zdg,93,0.0034152823032957648
5KG0RjpG933SOPvBExKouw,13,0.0006219925247807476
5KMhHFniN-BL0IPjVKOeog,10,0.001130907927024432
5KUA6K1L8CnuQAaenkvhZQ,4,
5K_9ViMBVdlpV-jK4v_fLg,7,0.014017094017094018
5KnQiQp1s1TqYUwi108ORA,12,-0.0012680074671550844
5Kz7oB5_dXi86KIuTh0zaQ,6,-0.001056105610561056
5LTk9O8CeaEamgrRi4HaRQ,7,-0.006783842121492444
5LepCpeOc8ioXx8EPrUdYQ,10,-0.005550416281221093
5M3AWxHBAJn6ET3AtBzmDw,4,
5MJFhSLlY4THFDdAe1o2uQ,14,0.0057860900058445365
5Md0YaxD5HiOoBmsnmIu7A,75,0.004158636255887537
5Ml7-Pu7LHtpnj2nJRwcqA,10,0.003082029397818871
5Mqe-TAK7GzwiZapwNqQbA,8,0.00034211071946921024
5N9nJbymj9JtOAEx6ZMxpg,28,-0.019324403028538148
5O-3-67pekvG-lNuoMa1NA,14,0.011764705882352943
5O6Tg6yWk2ySa9rD7QTcGw,7,-0.0008152745634336211
5OW89S9JXE-mllkIWMg8hg,18,0.0034803480348034803
5Oidx4OZxCj6Y4SoXQIZsg,16,-0.04032258064516129
5OoFsXfKgASrN_bMVTpxMA,18,0.007179487179487174
5Orn19gUeqCgKu5IRYlvpQ,18,0.0022083136513934808
5Q82x5hIwfWSF3XEeINkgQ,47,0.0012264293405931175
5QZoJbld4r2tRnSd3QzUng,7,0.0033484162895927603
5QtYMPUpaHz1H070KBjufg,10,-0.06493506493506494
5Qz7TJFXhm8Mjc8xzoSV5Q,121,-0.0032064487236901033
5R3-eCIk4dRBtXo0A5MAzQ,18,0.15273477812177508
5S2KlQTSqhzXYNKtVGAHog,5,
5S3Cc7EsEo66BSL7s6iF-w,52,-0.011548750874593571
5S8GAXKwiu4K7gtd2z0Osw,10,-0.00040322580645161274
5T-jq06UkT4Z1DJwityUmg,8,-0.005510204081632652
5TPd08_WpGUpUIuSL3iDog,23,-0.0011351909184726522
5TSYMfTMdLvmgmKZkzKNnA,19,-0.0004046216787303869
5TZhLeZKfuSqrz3rnVIUxg,29,-0.3919911012235817
5U9v508p73HneXWg3_4Www,9,-0.0020408163265306116
5UN1B7XqZohGuULLNlWL1A,72,-0.0394224361347649
5UX9Aq_4tBDngkZWHo1c9A,8,0.0007454863133372158
5UgrgU1ETU_D78hWQnWn8w,4,
5UhVJcfIEI0Lude5csrqpA,10,0.003691285490171952
5UjINogSwLL6SKRM5mEZng,23,-0.0007153152191320127
5V3Cz9cv55WY1wyykwaK6g,24,-7.473442587946443e-05
5VZUxRosq6USLZ2EwMdfFw,7,-5.2882072977260377e-05
5W-NqjJCh6RiVghyDszfMg,3,
5W3_J8LPpOQFvfw7Bb-mSQ,8,-0.008097784568372804
5WF3593by2u-aE_WaM7_Mw,21,0.0005367110347788749
5WIkjB1c2JkwmqgqhbwzCg,22,0.001049494143822677
5WfgsVFhnBbkhZ8fDcbgwA,18,-0.006298661534423935
5Wi1cFjhMWAXukhgGLiPaw,24,0.0015151515151515152
5WiIU6hw3yJOTOQIPXDiig,5,
5WqN8-soSGAWawN9IGQBhg,10,4.5834584564808555e-05
5WqiT48oRn6YHpANL7y8NA,5,
5WsZsFzt1pvEuIKVo9zNOg,5,
5WuL7awZmCQMUHA30zENtw,15,0.002103252718410199
5X5Nn-jlIoWFhkgewON6sA,11,0.0034373347435219456
5Y7cqSgUSfLwn7ulBeO_sA,37,-0.04172998246639392
5YBvmgi0kFkyCTXj0AEFdQ,10,-0.006162587412587412
5YFVP_hmIXyVDU24sTKDxA,7,0.000803799780781878
5YGfTrvNftNIS7qAF9qikA,32,-0.001968453613518419
5YkucjpFYEhg4gsWU4B1hQ,114,0.017972942754919497
5Ynl2kbPc53lnA4XPwnlyQ,5,
5Yuy8Ygct5QpoMLLM5isMg,9,-0.0035003841885084953
5YvN5c8-Jn07j7ywazsBBA,29,-0.04424645122319539
5Z3mFDZWRPkZQS6wspkvbQ,9,0.0010382943596754849
5ZJIS8ql9i37Xirg_8jqqQ,5,
5_MhGhgowfS92cu_BQQRkg,5,
5_k3Ai_WnByfr0RKmRqHhg,29,0.0012899262899262896
5aKoh1_j9X27L1P9X9dzgA,12,0.0009390041821194667
5aLpBa7mPb7JGOgcRHpYdA,4,
5aNuUKLvoKHZk4EULvibCg,6,0.0038775510204081625
5asvaAT-jDbOnCM3iPlScw,55,-0.009219245174301356
5bCsL-Z3QnuBmJQtIt8qyw,38,0.0007696621497894158
5bL6lTdirFkdk8n5xLFU-Q,10,0.03008547008547009
5bwz54LwCqSx48cF-n0_Tw,10,-0.0022235182620106444
5bxcieJG45A2Y4X8jZD05Q,17,-0.010529845741113346
5cEQaJqw26YMX9vdZ2lndg,6,-0.0054243471582181265
5cPzd9lx9-zpFvEDOr3Hjg,48,0.0015948963317384372
5css9Tl6TwMVe8GDLorJkQ,12,-0.18881118881118883
5ct34otoSU9jVmeLb7LNFQ,10,0.003411172161172161
5dIS6fNq-t5tdj5X56rTzg,68,-0.03136337346863662
5dLEuHEToVDB9QdeYOSNPg,6,0.0056022408963585435
5dMR5LumXTsqXenuQ_GTIw,5,
5dj-rJ_0gNqdhYL_MbXuXg,11,0.0007692307692307692
5dwdD8Vd-yjSUm55HTt6jQ,7,-0.0007013442431326719
5eNyHwCbXI79gpmwlI67dA,10,-0.07326007326007326
5ebgEvBg1-harVzszDA02g,20,0.004823700162212927
5eldbLrF_oodWvu1VuEP8w,21,-0.024089635854341734
5ezrDoezdUlJpUa5Jg6dUQ,39,-0.04261363636363636
5fleIlC1WDrD82Ctb9xpow,5,
5gKc4Xr-aK7zXPEhTdluDA,4,
5gYEoXfeJsoXyGq3aqnkzg,5,
5gqoD4EknTFf-39zz1Fa1w,27,0.021848739495798325
5hI6QAk53K8A6s_4M7LOPQ,7,-0.0003322259136212625
5hUMQ2qG6K3lnjK6U8NxjQ,9,0.00030285381479324395
5hvO_zH7B1n2humawoPHrw,125,0.016139161256766392
5iUtqb6ONRcrnlBKic3g9A,9,0.0002503237883784462
5iVzAXPYqeMx6f2o4AYRcw,49,0.002337625979843226
5iuo1kvv0XZMS0bUOoLz2Q,72,0.006730762644723958
5jf7mjz3j_jOCFCHpl3UDA,6,-0.0009824419981358794
5jjW-iNd2RWaG0i_xFT3-A,8,-0.0008064516129032256
5k5u23L1yS0e5zLouXsSTA,23,-0.0071044546850998445
5kZtETKu37RuwHATrB4a5g,75,-0.03089689743937136
5l8v9CNdQOZtD2wKMqAGAA,5,
5lQ-79KpRgbQozCIF5Q1rA,6,0.00010576414595452155
5lZNaU_zyoVA9tX-yKwA2A,20,-0.008669074742984161
5lk4EesrynaKnqM4FzLpug,44,0.011164001683147483
5lyF_I3SNJ1fKoBpkuSMjw,6,-0.00013416815742397134
5lyrEQeYPQcOJ5p0fhIcKw,27,0.0012366099147939243
5m3ND7lNNd6zo-bNQGoXhQ,19,-0.019119769119769113
5m7bO2jAln0hygX7-Y72bQ,6,-0.02393162393162393
5mfnMh_EMOJinRTUUeAo-Q,21,-0.0016323032819497865
5nCptLGKDMqCYT52nqzpvQ,10,0.0009959692538432697
5nFoMJ2-tljaFFKIK3EyOw,107,-0.006133634741442651
5nHflw_6WGzTe0heVmyo1Q,6,0.00019755525373502933
5nMoZ755uD8mCM6xAj8kpQ,10,0.0009274762795889556
5nqWNo7uVU1Zxm4tjnvkUw,59,-0.289010989010989
5nxIL-sSPgyATXmGtjuhtQ,4,
5oARHKPqDvT4x5blRvPjXg,6,0.015810276679841896
5oA_6FVkModS02Yc3jkQiA,10,0.002857142857142858
5oG8X7xD0VSmsnz-Hztvnw,10,9.062391077030315e-05
5oGU8pPBMwZq3ZIgmk0RgA,17,-0.004278879015721121
5ogNmbqNE5U2YO_HGenGfg,7,0.001553174172544764
5oiYQkCMlJ2nZEjttjEd_A,6,-2.214285714285714
5okBjXkRm3pLHOC-W3a5zQ,10,-0.05714285714285714
5pg99NrskP3sTKQRjv7ezA,32,0.0008791109708540905
5pvm6cipS6YeaS5r6cgvcg,9,0.0017446971575411946
5q0tP9K8kmnphKK8pEtUlg,7,0.006086956521739128
5q6c3Nf4Y5WG5pk16_tcYA,5,
5qVt5XufPXTztxneUzUriw,33,-0.021893178212585934
5qeARcvYVpFvyyg0Q_-nog,7,0.0005451539389606328
5quEJwHni6CuR-zh85hJ3Q,18,-0.0005094335369564724
5ri94LTQqYp0YMuVhyqJPA,6,0.0018066847335140022
5rryuz2myZJI0EfWtrTMxw,24,-0.19397959183673474
5sC333jexxCw6xhCgkkjhw,7,-0.009027611044417768
5sGryBnSx35jx7rBbr_DnQ,28,0.002423941672710615
5sNIOJru7C5TZnKnVqRT7g,6,-0.0005323042118570762
5sftmmjQ6Ln94-qQuGfmww,12,0.02440091913776125
5siwhfaZ36dB13LrqRuoUg,8,0.01818181818181818
5swkXP5AlwqV7s6yvLhQKw,10,-0.0702090592334495
5tGyHP_XPlboQWlsFj2rtw,5,
5tJ7ab1rVzkOtWXKmHU6og,14,-0.008064516129032258
5tK4y67IUn3eDd3S1bka9Q,80,0.0014561115668580806
5tQ_G8aG1AMFORCp3gMPwQ,18,0.008561859434413639
5tRxcP-pDVeZtcDU-FkQ9A,26,0.0032023447676943115
5tvwM1Jk1jwJYoErwv3NTw,34,-0.009043040293040294
5uSYOp50F1_lGylRy6I10w,31,0.0022058371735791094
5vAtunQlPFkfdTI9zn4TIw,77,-0.016264733775911137
5vVsxn9ZMhEMA1ceQfWy9g,15,-8.201258893240104e-05
5wAk4sBWukQ4WFIlaDrdEw,16,0.0028335456662127137
5wuOcC8ObVX_y-6NMeCqVQ,10,0.0002524626377837387
5wwg-LuUBHFkecVioGPo1w,6,7.387204901358417e-21
5x09OHk4-TyUvJ0ibqshuw,29,0.0009335867620751354
5x0Qrz93x4msXr29NNRCkA,30,0.06733870967741937
5xPeWp-SR7RfRju2NWr8EA,25,-0.041087083576855636
5xlYG_4gSOC96rDBxI_NEQ,5,
5y1UZxEVE8QJob1XMRKp8A,1,
5yFIS8But4LUm_XT5Lk-Xg,12,-0.0009449808136120937
5yHr68eo0ccYUMSx1bQFcA,38,-0.013460223986539776
5yeL75bFLZlGB6dUfwCIQw,26,-0.13361436950146627
5ysISW_Tc4YVg5VbM1-5Xg,8,-0.0017196155897301949
5yvs585-TDqiIJ39jHt8qQ,13,-0.03397212543554007
5z6oUQ_5d5VR33Pt1FYB0w,37,-0.0019884794444882826
6--iHtWocVDQnQhg2DiJiA,16,-0.0017040930084408347
6-go97sf0sXpNCCe3XW0Cg,57,0.0020970840721559795
6-lUuX1akde1zzs9yTqxWQ,5,
6085NRg7QH3vXpc50F4UHQ,24,-0.05555555555555555
609Lr-Hvo3sr9amdiimOJA,18,-0.012916423144360025
60OGVvAALJr7JO3IG2aClg,23,-0.018574108818011262
60V8LH8ya-eentofqof1oQ,7,0.001970443349753696
617w8MQE3z1szmLvs0WfCw,78,-0.1160990907826351
61RiTA-T02sU84FhoCLz_g,30,-0.011207869698435737
61c9bfRWNxPZSYiMdbDjbA,29,-0.04411557434813249
61x8v5Yq3zzoaKkMz5SJqA,8,0.00152972027972028
61yiMDVnDZeWLYqid7V3bg,6,0.0009435061153174141
62t3f4cltXG8xyH8ammGqA,5,
63HEIgBW-SHer76Qq_AVuw,6,0.0004138266796494645
63iaDyR3vXu9J3wx8XipSA,6,0.0008612999477067889
644r2PJhLCFL1_jVECpOGw,24,0.001418969380134429
64B7UIqpNy9zQu82oYJMgg,11,0.0002451848421282044
64tYqfgsfgCkgtXV_9uu-w,38,-0.000932496720456449
64zjcLKeEQ5_oGQDnpsj5A,21,0.011764705882352941
65MyoJ_rvyIt9bYaBT_riw,5,
65TDxeJI6mFStXxSqAcYWA,21,0.0013386880856760374
65m_3aPnCbDjm8nOd5TrQA,16,-0.04155844155844156
65sPpkVbRSYS0droEoRavw,16,0.00025879917184265
65tP-AYig5MuC2WIE3RA3g,23,9.600614439324227e-05
65zqLOL1m658J8-9VLZx9w,12,0.00015550487248600458
662o6Z3l7o0PDi8Y-88oWQ,11,-0.006719367588932806
663TbE6U48Fj_4WgAh-W_g,11,0.004102203469292077
66Eb7k-oL3m3GGhyQRuFTQ,6,-0.004894327030033369
66Lwl-YanL2TvHZc0mu6fw,12,-0.0025725127017814653
66dQCivhY3mFhjPdKYyVGw,22,-0.11904761904761904
66osegUkMxG87z4pDyC-RQ,6,0.0020814061054579094
66w6HaXgYMV8ahthIAktpw,8,0.004244978313697746
67QoVuGSTw5vQP9xs93LuQ,6,-0.0016325464459463876
67TtOZH91MEUxpnt6SyRug,6,2.968111071282606e-05
688sqo63oc2y535vI2UbhQ,146,-0.0014240674743722906
68KD674p59qJj4DX6NuTzQ,6,0.0012107295689385241
68ThEdiK0eWCEgGEmV9Tng,76,-0.0826192794547225
68d_MsPklM5cwIKc_FJmgw,6,-0.05454545454545454
68jYcCg7p8zEeArIUgky9Q,43,0.04101391271202592
68miQTsCoUFRW2I7RfWE9Q,6,0.028571428571428584
695QpyQD6HAeS_x2Qthg4w,21,0.0031215161649944265
69k7MF2-nXq-tNNHrJYONw,86,6.512072141355353e-05
69ke4OmxhjG6-7L_rhc-mQ,16,0.006604324956165986
69sXOTB3jAMbyGV_aSMfWg,11,-0.00134890210493624
6AFzUToxt_6rkhkZgFlPSA,9,-0.00012963443090484856
6AyStugdP-ALNjzUw1EEag,16,-0.00900746896696823
6Bos3UU5heFlqySLcYvwnw,10,-0.0021645021645021645
6BvmLng8AmH56-eSekl3zg,70,0.0016389526368143618
6CAP_o0s_Wfd8vQNWGf4OQ,24,-0.17782608695652172
6CUkqed0rhHtFwQ2i7Otsw,54,-0.3682539682539682
6CpCnFzpyOV4ymhNP1AOGw,80,0.004089154089154091
6CsLAjWXFlLpErBZEmGQ5g,54,0.03866758241758242
6DDoz1tuCRpPWGxXLgpp7w,6,0.001986249045072574
6D_ZBVcUPje3IyVg1n_Edw,9,-0.0016932752781809376
6DtGkpDoTc5ORb6ZUMkd8A,12,-0.004316990440949739
6Ed-PNxAsRsBBPf-6fUN9w,17,0.0045662100456621
6EmOcxZOFJp8n-CSOAU9ZQ,4,
6F-6mFFNw2YXN7lD_Gukcg,86,-0.026563052363261997
6FJOC5YTJOBeF6fSedqOOA,92,-0.0009204161137034974
6F_pMpmU4WDycwY8B8T9Fg,28,-0.004347826086956522
6FrR7PxU3h6r4io6sCENJA,18,0.006848968681140049
6G3wFp44SmHOnoeccsqeow,31,-0.0006237216743281825
6GOdPucdzalKnlytAyOmDw,6,-1.5714285714285712
6GXMHrB8u-3nq87zE1Av0w,122,-0.00898764323744685
6GePX4W6Cl8LD68zUq_MAA,86,0.0022011591655681805
6H7A587AUkBnmxRJ4tHV2g,7,-0.0003702332469455754
6HG26o3ppHS39xPm0jYwBA,7,0.006837606837606839
6Hn5DT28C59Q1rzFgFhGwQ,21,-0.048469387755102046
6HvlBeMH1povoskopmp94Q,46,-0.003913573303337082
6Hxfp_5QP0BEAgBPvV0Agw,20,-0.004048479748037922
6IBVpq3XnklLsrWRm3LOFg,8,0.0008598788352550321
6IG4SysBKyRnFW_e22q13A,89,-0.02473674973674974
6IIbYsrSlmTidfyg02qq2Q,11,-0.0008284241531664205
6IRlUGtb_PZRR_IXJQ7Kbg,17,-0.26006191950464397
6IXhWRi8KK2PwWxyZXTd6Q,22,0.0021057231424708796
6IZTPy1g5ez3SCbKgKWwkA,6,-0.00032252862441541693
6I_DA3uqOox50rBvjrQ_-g,99,0.00038819875776397513
6IwF2rpoaiR_W6DzOvuceA,4,
6JFMbFYVbl8ufz74NSDgOA,30,-0.07152406417112298
6JNQFy_qdIQ9Wd8rcnhcZA,16,0.00022848706411698539
6JVHcQBnyA1DzK4z65cJSw,8,-0.5666666666666667
6JeOgP-NpUedS4u5Iz3qlA,15,-0.05511929930534581
6KAYcpDG24z39O7mH_O87Q,22,-0.002421902421902421
6KBU6sk4EcISjTEKIy0Yew,8,-0.020912124582869864
6KXJk2AWH3NxZBuCdkggVQ,108,0.0006555290987438916
6KpEhwks_1ZbdsGi0t7rjA,16,0.006019871420222092
6LCZLGa09Qifn6rG7-DNrg,61,-0.04872142782590543
6LHm5237s7sDCtoFncODLA,20,-0.0005188924005849336
6LYmMCltMzSMK-gMjqWTCw,93,0.006663785919318498
6Ljzx1cJvXre0dv5uPYonQ,11,-0.0010280633509308144
6LmJ1077AVxEMn4Ce5ZSHg,21,-0.001268498942917547
6LrLVApWgUEUGogABELz8A,16,0.00018253343823760823
6M5r34Sk3mC6kCVXLYKrag,32,-0.01981981981981983
6Mo-BCD4nlChbBgA_HkhfA,9,0.00038890329271454565
6Nc_5oujhvR_TMd0be1bkA,10,-0.0006706908115358824
6OC8ErU_m06KABnfSXTJEA,55,-0.0416545479836619
6OJgPvJKM8RzEW_IsZsDNg,17,-0.004333561175666437
6OTy5-0NdmxgxqCLVuIJaA,103,-0.0037505658893467403
6OqdrZ5rh54m-MSQK-yqdQ,14,-0.008447802197802197
6OrsqRFZea5CEwc3TeKbfA,12,0.0031682027649769596
6PHXDLQCiojDiS1iCZTVAA,16,0.0046791443850267385
6PO3OlixvoZMJBlcBW_iRw,34,-0.07163265306122449
6PStPuXfwZz8VcuXWxNi1w,5,
6Pyndi-qzq7AKuGHKD9WoQ,5,
6QXA4z4DeURa9cWZYodPcg,13,-0.003002712127082527
6Qec8Eb45V_7nXs9Gpvz4Q,6,0.0003759398496240601
6R4McGGLgUbm1ChZCKis-A,18,-0.0013986013986013984
6RC9o2_I0B7GJxTVqK3I6A,6,0.00013060371567571088
6RGvVa32Tyf-n0QhXM3Tvw,4,
6RUY3l7pQKk1HhM3uwGQSA,7,-0.0011886847329885296
6RZEB2SRK0uK4nOt27JciQ,13,-0.0009938409854423293
6SGw7TF7F4q4Uc2cuGvwIA,13,0.0008543248602158766
6SclMbv8-46ZsJAPDoiLGg,35,-0.013160656563536377
6TZF6iIH1k0MLf486gBMHg,8,0.005084745762711865
6TgCq73bjA15bpmOMSPFSg,88,-0.0049086204407393285
6Tk-1wFyywckZOongs32bw,21,0.0027700133464279414
6U6lYgtLMVdpogxbDQp3ww,11,-0.0059821153253160645
6UTCtOa2oit07DePqqCe1w,14,0.07284020327498589
6UtUOlVQBKoCdWUqQWDz5Q,22,-0.0040339407428015015
6VD86MURqam8QhJSkzNV4A,15,-0.0004947433518862089
6VIr0uY9k4CCHpbV91_UFQ,11,-0.00023474178403755798
6VPD2WrgtD8h5UzjqaUnFA,35,0.009003159003159003
6W6qogKV7x6hdloEo9WC8w,99,-0.00940396058921081
6WVx6tc0LTBV3Ajze9j9VA,28,-0.1600806451612903
6X6L-lYcsi28PPNiLGWVKg,7,-0.018292682926829274
6XMZkKUrDOiW9aXW4oD8fA,20,-0.025409373235460192
6XiTlNnstoTK3tUPkc0Gbw,75,0.00983681003164186
6Xui-8o9hKngtkVmPbnNkg,11,0.015126050420168067
6XvhTZXv1Ugpe4EvYb0SJw,5,
6YTyBjO6M99YgIRZztaRZg,45,0.01646357272491574
6YY9BXQeclIzyR5PJOtPzw,10,-0.0013977879922411206
6ZDiLEZcaIhlKTQYJ467CA,13,-0.009085857182550706
6ZNPs8scX5D9i_7IVOl0Zg,4,
6ZbW3BKaDZLriuOwCJY4xA,6,0.001734646038443507
6ZhR8G9TQcDJgILtH0xd6w,14,-0.000898171955901518
6_HDH0EIt2QvX0adkZdsTw,17,-0.004716802185156616
6_J_rXp9R1qhwSS0ZBn5GQ,8,-0.00020554984583761598
6_LnAQQ0-mml8YgpfRjGuA,167,0.02723191146219932
6_T2xzR74JqGCTPefAD8Tw,194,0.02476281956553864
6aRS_XdAA9g9dWxNBAnLew,6,0.0003464021413950558
6aYI8PqQn3SH50XpgaXJrg,11,-0.00030537847845173166
6aZGNR-R1lSBlG9rPsyEyQ,25,0.0025498237572540976
6ajnOk0GcY9xbb5Ocaw8Gw,137,-0.029299755446450245
6aoXAXNrL7KrGBVRYBMFWw,124,-0.0072742015466473655
6b-ySr3Jn6rQ20DD5AtqFw,42,0.08048103607770582
6b8l-OvCaKx-EssvHkx7Gw,17,-0.0026046691105537333
6bF90BK6byDOVcPtKWe7Qw,6,0.002149697088137581
6bFx8j2KqPfmT0XEUS1RMg,72,-0.001336546444988964
6bmVsTncY7MzLlbraU4aTg,99,0.006069607385238672
6bzJ7Hc84lv5rEVEDaashQ,27,-0.0015829587649013105
6c8eIawbCBu3FLp2kDraBA,40,0.020537601932950778
6cD-vBZ3lg-9Fk_NkAVcaQ,14,0.001066569925630328
6cfNCzL2A0XsmXnjeg0u7w,61,0.001285390461798303
6ci4_LMrP9cEpvRCw-LjgA,6,-0.01
6cthUjghHSevS64rOYjGVw,63,0.0015734912995186985
6dQdwKORJ8tHNb-_EFsdzA,5,
6dZhYo_679osV1nNN7DREw,20,-0.019611470860314523
6dyBK_8wytjRK2vf6ez_9g,6,-0.0012303485987696509
6e85By5Jy7MMnW2cEaGv4A,3,
6eKWeZJAuO6CDtH2SCXNDA,19,-0.0014147303438223442
6eMJVVDFJJNokFCjgLIqNw,66,0.001650045044333107
6eNaNLgDCWsuez7GOLCNTA,23,0.005059854374922869
6eY1_m72jdjy4jtyRZOYNw,6,-0.006964809384164223
6ewV-e7-39oqYUq3yZuIyw,119,-0.0037480798771121378
6fVoflxwwJKhZCaauww77A,9,-0.086687306501548
6g3pHoyXeMXFC7WD0rbJMA,13,0.0006240624062406239
6g_GudMbZB_OTJLtQ3Fc9Q,6,-0.000528336444647952
6gdAMPGsK0D_3u8h3A8H2A,131,0.013822273490781781
6glFzEDwOtT3MQRhtHIpTw,49,-0.027509807704675544
6gzx9Z2rU12pjLXODOB9_w,5,
6h7C53qLfwM7v3zKRqG0yA,71,-0.012544783232719426
6i2h2hYPEEG13A6mamsq9g,16,0.001596296591906776
6iK1I_1a2_l5IFDUPfj2tQ,6,-0.0013360308432263234
6id5WCI3awUbvs6R5ND0tw,9,-0.001998001998001998
6ie9_0MTKFJl5mFVdCtQag,9,-0.029160739687055487
6irNsrf_oMwEusD4a5ETdg,5,
6isf3Uypu9O1zfnRyaGiZw,10,0.017543859649122806
6iywxcUAfylQhoR3-3q3ag,12,0.002054467271858577
6jNFUIKiCCKnLCpGJpkyrg,19,0.003881511746680288
6jWxJEIoq5RrEAARWmj0Xg,15,-0.44642857142857145
6jX8cFjfoIFNH5IZmDNH6A,8,-0.0005689900426742531
6jZhYEThSDOfImT7pl9u2g,22,-0.00933833506265464
6kkRKgOTZP8h95atb4bBzQ,47,0.01056910569105691
6kxbB-9Z2Sa_V669bQos0Q,8,-0.0005244970998395653
6lJLT9H7FjXioU5yCu-x2A,5,
6lZJoDkDMluXojctJ5RBnw,16,0.002839856772441042
6liIxwAycRwnzefTVqGGEw,38,-0.01437011625690871
6lt2RCjc5Pzm7jGg6n0Zsg,12,0.0007235877150095558
6lx0J27bQskQurz34ZeBSw,5,
6mUqmnpkl5Ynd-M9VCCkHQ,15,-0.0028994420770548698
6mZ99K1Ge3vkXnygDYw1Jg,35,0.009788754934386003
6mZCkALTvbeWPcc5IAImHg,10,-0.01052631578947369
6mqfUzxWRBnFErvwV0z3aQ,37,-0.001572923855532552
6nUXUDcTsEDwbRrqAMDzbA,12,0.00018613217343599981
6nsLTDOIE5DrikDTaQ_cYQ,5,
6oIrAMeAol4RxfIxaTuePw,5,
6o_nPu2NOnVkdHXvGy1tQQ,23,-0.0045011444127791705
6oqmZRs2YxNcIDoHUulMzQ,12,0.0018899878065302802
6oxOSJUVBqhUFYzSdplGRA,6,-0.0005646527385657834
6pT7TIyrhpeo-LjTlIZBDA,93,0.0024931438544003983
6pWzOyWLzGRnE_9y32lGsA,14,0.002131143411340907
6pYdKvd0G2pHEL_lIeqaRA,20,-0.0005996459921251316
6q-O7ca39bClXaQf53TDuw,10,-0.0017002149697088133
6qZUd9hqa0Rcp3Sz-ZDH-g,18,0.023012721821570378
6rCL1hsSx2KEzq0oDfBcWA,22,-0.010296113017798708
6sEbG7K3l1aCsXPmD34zJQ,9,-0.011293054771315642
6t5GtOtmoApCtSNXv2RJpg,10,0.0006835269993164726
6tBjU-CvMSf15Rkmy_xnlQ,10,0.00034572169403630093
6tF6rdyOEm4EE3AGJ2zFWw,59,-0.00597460791635549
6tcFFccjwE4twLkrkqVLPg,25,-0.006077995804023201
6teUhC1N3bSFJX4dcKfrHg,7,-0.02727272727272726
6tggpq_s-TXqz_CfHV-umg,12,-1.1703296703296704
6tgrhfz8XsTH2ItEShoohA,5,
6u9NhxUW3Y8rhZ7BJGEcdg,9,-0.13626373626373625
6vJTWsX-0xxdEd-C0fLF_A,24,0.0016133679055027373
6vNOkto7t2nKHQeZ1aYQFw,32,0.002123008606482329
6v_pSY1dDcQtnTmpP3QrJg,11,0.0013736263736263737
6vdj6TAQv82kXE6MEUg7tA,14,-0.0035662710013736744
6vp741cxMvQMicJ3qZuLGQ,45,-0.01069366329208849
6w3M1agy0CI3H6Zsux7AbA,25,-0.0030792186652197503
6w6wDhgTzteP1tCBvK6fnw,16,0.04758064516129031
6wfau_vjc4Btio3J8_n9iw,17,-0.0029930561098252045
6wnbyXMDoM_M29zwacAmhQ,2,
6wp5aQwLyQFIguO_gsS0cw,6,0.007391304347826087
6wqxuBt2InDipRuUj8BNuQ,111,-0.028875206006225965
6x9hcZ1CJ4S9avBgPGS7-Q,164,-0.008466320457905314
6y3ieaio3N5I157dwA2IcQ,14,-0.05718475073313783
6yR6piTIuUG_9P_ctivxKw,129,-0.00033740374289237696
6yUwIic-obMfUiPBDDkTkw,16,-0.31578947368421056
6yXQIqM6397s8VY0jutUFg,7,-0.0005566300297183827
6ymcSkX_yN0zOopSJKA82A,9,-1.3166666666666667
6zEWIsb6Lhr3BeoC3gm1lw,146,0.036464077009492196
6zTR-eyqFCbzWvSwprS2tA,8,0.004434768585711982
6zZEEdDbSxKWwbHuzdGvJQ,7,-0.00029058504455637324
6zyM8TsJAedm1tuQsmHO3A,11,-0.00010193679918450558
7-fvaCmEMOZ4hc6wMJoTcg,9,-0.00026416822232397613
7-g0NewgXVtOxQhxVNQWxg,8,-0.0041762310255460955
7-js-chyskuWGRfHTeItXQ,103,0.006865425596075753
70GI8Cwm7Ewh4W6n7ETa2Q,11,0.0004461025507152511
70JaUaWlwZb_D8V5slNwkQ,30,0.016122448979591836
70STxTke5G_Y5e-W9xcGdw,13,-0.05363984674329501
70VI6reR3oDXWhRRgpTRTQ,14,-0.014041514041514038
70k0w5N-wv1tBDMQ23P6UA,85,-0.020238470191226095
71cUrGn9enOIIiPtwqp82w,23,-0.0032823282328232834
71lPT9YP-t2LSAEDiPfh7w,4,
72DaUkdcxowKsAMFcWxvhg,11,-0.0034224097515236757
72RtdjlVLaVedeXvowj04w,28,0.006122448979591839
72_X-wxr9TyT6OqYb-y0sA,27,-0.011222005842259008
73Efjb70ykGRL842Hp1bvA,4,
73UjNbSoQjQAOS45rcihFg,160,-0.02005641733308949
73bOQgdgn98bOKZgYq4R0g,10,0.0012143650499814884
73iEGnaQuHDMS51UAqP8ZA,31,0.002251146911341085
73vXXe4MbpHhq_2_uiHIrQ,12,-0.0019686855947583745
73y1jLNyTy1A0XcSvyCYBA,43,-0.023776999914624772
743qnQR06E9kUnq1uaS7rw,10,-0.0015308135405981225
74FTBe8MP_IM6AYeuraqNw,6,-0.00011276730978205153
74SLMtBJCBVeOK02EYyG9A,11,-5.1892009996039895e-05
74Z_ntFe-1DaLkCLHAKTCw,13,0.002957419471180938
75Ela2MABxzZTs09OFSRsg,7,-0.002953296703296703
75pheRYoJf0hdWs9pqLE9A,7,0.0006674082313681871
76C-eHHHP27BreuMkdN9cQ,4,
76HRdyRWAJSJwKdAeNkR7w,18,0.0004857561107788292
76R3zOzB8hIbuq5B4EmPTQ,20,-0.027799736495388666
76e065wK_xyZnINUm07vVA,75,0.0003082889960718007
76iDBB4NrMvKSAuiUrRzMw,6,-0.0009608785175017158
76vbrj2OZhgPJUv46Doe5Q,17,0.001025157361655014
77URLWmG54d-PNWWJgytCQ,40,0.001710261569416499
77eLvITjZT6P6KNSsw0n4g,16,-9.554415013985857e-20
781S5my8ySuLpXW2HSyc9A,18,-0.011330049261083747
786I8neZKK4VuZla1iWP2Q,33,-0.0028522491134654634
78j1ox-fsLGrnBRzn3y4_Q,6,-0.0392156862745098
78kUZU8GPfHgoYO_2CNbuQ,31,0.0006585603806244943
799eRxVni0-aZ_W628moDQ,13,0.012027438555476944
79AQnzzVVx3B_FviRpTU7A,4,
79PsTPa-1DBLKhNytfAkYQ,82,-0.040907848429972325
79QQDvvEj1G668HGLS_10w,37,-0.01213625946246267
79cmm_bMkDWHaa7-OysIAA,69,0.013311870100783874
7ATYjTIgM3jUlt4UM3IypQ,72,-0.01742601967321068
7BUz7T0CNQ5fQvj-nhxhjQ,10,-0.24125874125874128
7BmboJEmyQ_DAgTCoCgpgg,26,-0.06772983114446529
7Bq927oiZRlEVMqQSNR0Lg,5,
7CXSQYrIep0jdvoYPUIGdQ,111,-0.0037417333797424286
7CsvLMzEvgcE4I6-_Vv9dw,3,
7D2vkGisfFzphfGXfeDCpg,11,0.000739687055476529
7DHqc39fn_pfj68xNNv0RA,8,-0.0009563337987491151
7Dcwu9xCZg6grDn2vVCU5Q,10,0.0010080689247993705
7E0VkDqc_86Zz9d5kQJCJQ,14,-0.0007626762045024197
7E6F4PcFUzr8SPB9Q5yQBw,37,-0.0008322673119307054
7EIvsWIjK5EXhu-XURuTRA,6,0.001671122994652407
7ENaqdbPmYGSFaa8tXZzFA,19,-0.002601227932597594
7EdQA9eGwSuQTzomG4QBjw,7,-0.00632411067193676
7FYTWR1Bv0iUH8EaPP6Cog,12,-0.0021645021645021645
7FZ0XYOqjaPHRFzmEcaesQ,13,-0.031746031746031744
7FuRGGi8N6bbpuh0_ilTRw,5,
7FwfEWCE_htHxxtQ1w-Xag,30,-0.003458342099726489
7GDlai7-hUC7cW_5HT0TUg,20,0.0007607776838546069
7GX2Xe12_SOuPltFOB6TLw,21,0.0027745634336208704
7HE_mWkvZ8GxsP0sLP-_ng,20,-0.5135338345864662
7HP8BwbzQHvstBI7rAe_vw,7,-0.05952380952380952
7H_CZjQgP1cPT5ozxBiujQ,9,0.0005265182965108037
7HcaaocVkMj3g7OiIVWy6g,10,0.0007543251239248418
7HpTZ-O9N2SKyYsXCpxQ2A,5,
7HznGpvXxOP3ILOvBxG8hg,8,-4.747661776575017e-05
7J81xJFlMM244_f05k2egw,15,-0.00038544343357177567
7Jb6fESUOwYtU2rEYu2aEA,13,0.007792207792207794
7JbXsIfzdyHagov1ZGtlqA,8,-0.0012334258402713538
7Jlk2lr-nkxJfHh8JYFlFw,13,0.00026874247057733283
7Klk8UuK1sdJt5_44eUtDg,49,0.00032960271885620527
7Ljrtr65Q7-uX2Nl4I_7Iw,15,-0.17853457172342618
7LskDbqERsCsiPNKjmNnrA,35,0.00169906627889178
7M4acncueqDznH9AwgPjeg,95,0.013456417539499386
7MaaaorooHRAqkQXcTqmrg,9,-0.1853146853146853
7MdBb-thX76EwfBjipL49w,5,
7NITtPelRe_oQRsWACI3yA,48,-0.03993855606758833
7NgaNtZq3yMhH-7PZ_rrMQ,9,-3.091922866830884e-05
7NhDWaGc7xQfSDj3XKJq1w,18,0.0010565742397137744
7NlcGz2E_pOs8y8N8rDR6Q,9,-0.001748895434462445
7NmBWvzUguU4RgvojAd4hg,17,0.002358058608058608
7NwFNLC0SwX1SwQYlfF5yw,78,-0.011744456818872125
7OPFjS9OsPIYX_wm0hbZDg,54,0.0014455207875596018
7Oa1F9WjQ1qcfa3OoaNd2g,51,0.0058621712605280455
7Oq3AI3omXpvcN9xDzNeLA,84,0.0413017496424303
7OtVGStKeahBg_7oVgJr9w,5,
7PGabPXRNxI76U5IFIJPYg,16,-0.05982620320855615
7PIV8qWkJFs-jXCUoyzxIw,8,0.0006679887276902197
7Q07VkvcRKbxKW_NSpCXpw,54,0.0014876764102770294
7Q2E0kpdCvDDkcM1dChJnA,6,0.0001733916121807608
7QVS6kcmc2vfp3TDCGX-Cw,77,0.0006643756167656376
7QfRLE_ti1yA0NqTWKLjdw,112,0.0027116941811562364
7QgkMf1wBmzXHEwz0jOcMQ,9,0.0031578947368421056
7QhxQrhqVJYo8JvPUGFD4A,12,-0.002154479387741977
7RFHKpLnxnjhHhqIooC2uA,31,0.0009850951435373945
7RYxPJoGu6zuTYmO8LKmcA,8,-1.2001200120012137e-05
7SUOgtE3XmoKbLT5KuUYlA,8,-1.4523809523809523
7T1VAYHIS3cgsDj3iS6JWQ,50,-0.011631494508206835
7T2QFFcqkrJdyK48HVCgFQ,58,0.04885589094449855
7U8PPZ2b2OVZpOBRaw3guQ,10,0.0007623403849818945
7UJZQyroV-TvndJabqiXqw,9,-0.09090909090909091
7UQaMpHSixAe2e3uebyn3Q,8,-0.02706766917293233
7V7cxGLM-xZ7C44-1DfvSw,4,
7VEWhpizNhESOIApBAhnlw,34,-7.534435796332795e-05
7VIcgf9-xlGSLb0e1mk6uQ,9,0.0010521563997499827
7Vw54Uw5T72CuuXPGzCQyQ,7,-9.131085868731501e-05
7W2HqyvW9XIL-TWuXSODBg,62,0.01107078039927405
7WD63dyoVXKdCFb9ly5EhA,64,-0.01862419386359195
7WMz_x6iPld6lo0x4rQ7kQ,5,
7WxwNLWCalq4m3r0Y3nMlg,10,-0.07107843137254902
7XhHJgO-DMkMsy25e2pIhw,20,0.006624953993375045
7XsrY2Vnk3mEpAptHHJYCA,17,-0.0007792207792207792
7Y3RjSc99a88oTMEgvazoA,69,-0.0010937623840849649
7YZsJLbmUFTgy12q7ARq1A,14,0.0002263641644172617
7YsrfPONeC5VC-n5N1gb5w,59,0.028279137742053356
7Z2Xr8yowbTILokoXQGU0w,6,-0.004834676298971936
7Z93_XZ7VKes9uHymhFXuA,12,-0.0004993746149681707
7ZakDG7pDC2TAy9Iy8FCyg,15,-0.00040541982289555103
7ZdCZYdDOjTDd8PVb7Hcmg,15,0.0002756964556257536
7Zv6DTlcUZvBjmTic6oqTQ,51,0.0024811404422849614
7_8IYxOFYh3fsYAcyXVkpg,21,-0.03776737967914438
7_Hz9ORTZ7zFJRRShyKExA,40,0.002325881139857517
7_KgorPRx5l0oqhkwm_X1Q,7,-0.0013855709507883433
7__20lI7RsC9J6C-DrTzFg,47,0.002225300504937664
7aEU5hE5kKHhEmbCbFU-ig,36,-0.0002297403619197485
7b-4PtkVI_qZ76jp4rz8Bg,5,
7bazkBTM2ozq65IDmke5yA,19,0.023743447425223555
7byebxnQrKk9bEwdp_HCWA,29,0.00087108013937282
7cpj7hjDTX5fb-6pYcZiGQ,57,-0.15277615429573352
7crp8LZA4HbkMAKyh8Wcdg,22,0.0014469401566175758
7dKAP8tHeeL6SDqZLxpnHw,17,-0.08869565217391305
7e0dS2NYohTbDPbY8tq8Hg,17,-0.008225108225108227
7e4Z9_qGA0Vjb8xlFC61PA,20,0.0006575702778234419
7eAV11sG1PVlbtlfyuO_dQ,47,-0.056306816751026174
7eBE5XlS4fqL4Gxl6qfFxQ,5,
7eiGKDBo7qymeasy-uq1qQ,74,-0.004662483602282246
7enm16Occhf0J5WjJFooyA,104,-0.0055756843800322045
7eo0DMXbqr53l_30mnD8ZA,29,0.0020798167349891494
7g6bsvzLv50NCgXgUfjSdQ,55,0.006266399503840466
7gAuV290DGRPvrGa8Vio3g,6,-0.009599096555618294
7gEZO8zTIlJdGcWZMBGMsw,22,-0.0018583830710797613
7gI3LKutnsliBXV9OCuyGw,9,-0.008959156785243741
7gKh-cM6TvfpQPMjMoEbGg,45,-0.038018433179723504
7gNY2fx_8-RFicmecY3RsA,6,-0.048951048951048945
7geAJeOuW4DagLILNAWTjA,5,
7glaDklehs5KxuoCmR9V1Q,64,-0.0006967547548804219
7gnMU6LBniKb52hUOJhgKA,7,-0.002403846153846154
7hGGEsD_t3ffW9bJURpngA,16,-0.1551383399209486
7hnr6S6FeYaO7z-8wt2NfA,19,0.0018711181645408414
7hpUoYdAVToZXwuPRgoqdA,159,0.0023960610746724957
7hwH3wiWB17U9Nw4EjJo0A,28,-0.04131920710868078
7i6jnQ8kP9oMzizv28L1bQ,22,0.008592989289191817
7iDE5Vwm71BWioQfES0Bkw,12,3.437222986455593e-18
7iv9l8x7nr_s536GiFBDXQ,8,0.0009843427973791874
7j-s7IsivJLszx0s0w_QNw,5,
7jTaLGVD3jy9VF7lxPEgww,7,-0.010714285714285707
7jYC4dxkoiAULgENY7hbMA,24,-0.02580645161290322
7k9qGQyytbGxpJTnwxK6Xg,36,0.00210228166797797
7kC44AcEvJRAaDPhQNQ-6A,16,0.0016910076500233407
7kLE0V9Pid6dx1vD4-jQfQ,75,-0.0020016797312430073
7kXtMrS6tdCKv0-fP_JtTA,8,-0.0007346459006758748
7kgF1JYwZQMUrHpBsULC2g,44,0.005339016725065924
7lLn3G2o9DB6wO5WhMIrzQ,39,-0.016965285554311305
7lOWx72SeKTuUDuW51aYNw,10,0.0090311986863711
7lYSam2Ci_1WzzoUicug3w,13,0.0024799370574350907
7lauqWtIuFmDflN8e0dOxw,11,0.00043269374235325726
7lfL070CHmZNiqJ_dnhm1w,24,0.002080090642739425
7lwe7n-Yc-V9E_HfLAeylg,147,-0.03635151763740771
7mlVa9-CgYL_M6moJXLCfQ,6,0.006680161943319839
7mpYTDb24SywNMRn3yeakQ,120,-0.01110798650168729
7n0qmplNMqPLkcRfI2_ieA,86,-0.012048438599891858
7nNolR9XgSRa6NrfcGWM8A,9,-0.02077922077922078
7o2Eb6zvYv-P2jHuHlTG_A,27,-0.000849724626278521
7ooLXitHwbAHX0b-Qf_Syw,15,0.0019037546271813849
7p56URlyNtQhhkr83RtN4Q,54,-0.012402813772676786
7pAgxBMUjrVPH7xh3fn-gw,45,-0.07628458498023714
7pEK40Lzs6Rkz8O7jfNsmg,8,0.0020551038843721766
7pbRnwFWoeHqMMAzBO924A,5,
7pe_s16qSxYytikyOgrzxQ,22,0.009233449477351914
7pf74oDDqZP0i1L1rzJHVQ,39,-0.022732043155199194
7pwZZVVlYCxQvVdd8Q03wg,88,0.006329492742780188
7q8YIzBANw7tJItu-jM0QA,16,0.004336947456213513
7qTmmwQvJqZWEjJZUFyY6A,6,0.002536997885835096
7qmDeXGHOJc3fJrp5gJCrg,6,0.00011148272017837219
7rMxt2f3uvC6xPQtHgQKLQ,27,-0.026315789473684216
7rStfblbjKIH1q9eDghF9A,35,-0.03770491803278689
7rUaXU8_IgnOrOMnN7HPQQ,78,-0.004490228343439353
7rXZnfu2QJBfpp44B8lq5Q,64,0.001700504000683391
7sKfrJmjG6unAQeWdQUe2w,59,-0.026242095754290876
7tBrFz4n3xtXd6BRk86TFA,20,0.000507392179161928
7u-7PVcjECvTeIumVTmS4g,53,-0.01638905066977286
7uCyMMWlBh5uTwnRUvQX_A,23,-0.35592185592185593
7uG4WyAMMyo2eI3uQnBTeg,20,-8.811959087332806e-05
7uMwPg2lmF_KscKo9lFCwQ,5,
7uiqoxNvg-gxcOcWTOUy8A,6,-0.0017771701982228305
7vLNhkXPzmufC6aKkh3n8Q,12,0.007960808328230252
7vSahcMGVWAra7M1RkwH0Q,14,-0.040683760683760686
7vg0q-N8e1olhWlj-d6oNA,20,-0.0044292549555707455
7vp9dEMm2MMBLpPLykId5A,3,
7w0Yok3_HkY4FObH7bSurg,12,-0.03177998472116119
7w2mvWBmvY-49MmTxQ-OhA,57,-0.03070937037751624
7we6aFgMlWGPxo9Buh833g,10,0.015652173913043483
7wzU75S05xSPVIk5Bht9-Q,19,-0.0012354651162790698
7x76ngzub3j4PijMHm71nQ,18,-0.012307692307692308
7xWZSRWBvtQI4-ZcUIpQFw,24,-0.00035407630344339215
7xckZSLRWf5uf3L1IsF1Kg,102,0.002892912364706469
7xlElnqpIR2NuwUOpZLM6Q,43,0.015687211339385252
7y1zIK1ZtkkGIKeRUobThg,99,0.009506323949408386
7yBuPIRjDxq0urQzjp1g3w,5,
7yPzOek7Af2dKWGYKpcHWA,71,-0.0653342366757001
7yq3QuO6O00tcPbOzecBdQ,45,0.00263516297381432
7z16CBc74GhbyqalwZrJUQ,133,0.022373074404168684
7zJ2m_b-VdThJ5zpnwXSOQ,92,-0.009793863099921323
7zdWY4WhiEsYsSPJhYnPZg,16,0.0004937010554988081
7zzMf0VwD51K7dJjZMf_pA,60,0.00364131190996715
8-0t76fS3LNlLERzJR9aUQ,33,-0.17279411764705888
8-1vYscR7TNGF7LcJeNZBQ,72,0.0024948692933189683
8-8HkZNiFvoGx_R4vSHdOg,6,0.05944055944055944
8-A_4Jp2-NHKvjLcPE8HVA,22,-0.001459796417580684
8-CnBPjMxQj195wDxZrHEA,47,0.0020665369289222498
8-K30ke9okV8agV5HdNytg,22,-0.0013087557603686636
8-Ntrt-Gg8iidOB14QzqIw,9,0.00045361576314776925
80CuLvezLk7SkkzWbcv1Dg,45,0.006146458583433372
81C5xFY3EGL5mhPZD6pynw,10,-0.05731225296442688
81NKeedNCrNo0v60QatxzQ,41,-0.002353120504539522
81ayGRiiiGMNVv5xQgFK2A,5,
81dk-1nYjlJDEIG3DRZIwg,5,
82lRUyC9iKqI3Z4BBLCvyA,8,-0.0039130434782608725
82n2c_QXZASJxyzUHNSgHw,4,
82pcio87ozvTYLFow_n8sQ,44,0.0015868249276919917
838bEDzZSPveDkAGrhVWYQ,166,0.009868845002084833
83Fw7PpQR9GY-IEokD7mmg,5,
83IeQHroXEctmMpK19TJKw,53,-0.002107541581225792
842klWrQcZi4K4rLC10YKA,60,-0.0051800192217649485
849vV4133tI82lNWCZinOA,58,0.015108988845957572
84oFqFilO7wbs2iVsTy3eA,77,0.005399598098815048
85NrQo6GppPwiyGJRPEHnQ,4,
85S9b55dIToR6N6jdPXK3Q,51,-3.834088532589749e-05
85e8Uyn8tIyEZCqBP80rqA,82,-0.15767790262172285
86BkHfhvm7pVTMUSyJlttQ,17,-0.041279669762641885
86glJ3ygYJV8HE-FClONsw,17,0.0012573581647600226
86zlZrriX8J3LfJoNmI4fw,8,-0.0001607587814484366
87JMZFDKoOgb-QqwXxCyww,25,-0.0005113256536690757
87lcGuiskjrqBlMwVY0zrg,12,0.008688556067588327
88-rtKNDLSSXDVQyWNe-BQ,7,0.004434768585711981
880CBnInNNpxm_26vamRWQ,6,-0.0010547989740996274
899SJQk-w9wXoy5RNeJjIg,29,0.002298869844569575
89CEDMXZjJRHXGeVIWTwcA,6,0.0037788274520700192
89gMRtved9315_howyDEFQ,60,-0.010006140952931399
8Ak2iPlR4fCziMQZ11ohAA,10,-0.016176470588235296
8B-_2a4NHqpMoWDQAd1w1w,11,0.004981486429743864
8B_xigUkb_HxDvkXVa3LRw,54,0.001646548693308332
8BfXofH792_mx-d-mqHD6w,10,0.0036773752563226247
8BrOCC2ULjW5gZVCwv91cA,10,-0.004195804195804196
8C5bR0nuQzmgRDzEZQ332Q,7,-0.0019451402593143384
8CGgpZ49D3eJJp9HUTaE5A,4,
8CSTxca6S_c6nr4z_tY0bQ,11,0.0035714285714285757
8CU6Hj2SBPC6nhSEHLCJvw,36,0.00028957528957528837
8CbJAKgVEALPbYcQTzhkvA,36,0.0011544011544011518
8CgkoWyVbwX7D9OMdMTcIA,35,0.0013713390145949638
8CiOiANqGJHTQJuTvgiBgA,11,0.006993006993006993
8Dx8DzaGjLWjzWO9Xmubgw,5,
8F6URCmvOYbzX4ErKgmQ0w,29,0.0006650650416031876
8FALz8g6oaTca0ufiUuF6w,89,-0.0017534686944192658
8FZREDyibPgWsq2C1cBXsQ,48,0.008517862948379874
8FzHRzpAcMaZfGFJwSLiXg,4,
8GTViyjR-lBVuZZLfcVx6Q,14,-0.15614035087719297
8GYaV6jgHAAO5TLNEKpG9Q,4,
8G_S5A-MlOnvqbyVP788iA,56,0.002962022147952776
8Gbu7AiqVWrUe8H9Fmg4hA,18,0.003195541580387044
8GclUzCTNI3wyuxLITKTug,24,-0.00030703826169107233
8HAs-c3bh_tr4ggiYAlZng,70,-0.03726708074534162
8HKdxS3a7a6y5X31GKoD0w,5,
8Iun0Mjc2PvFx9-iNR7qyQ,12,0.006612948041122534
8J-vUGThbFqCxQhrcqP0CQ,8,-0.0010230624394597361
8JCa-QUoVG5PXfa_C-7rWA,6,0.0009769865392965696
8JFY8ctkpd_JDVoni6r0xA,11,-0.04957264957264958
8JSUpnzIRstdC4VnOrHGXA,8,-1.1071428571428572
8JZ0kn1NcXaa5fCxUpltzQ,13,0.00556673373574782
8JcdN89xv4AqAVRSDLLUHw,103,0.0015608111821495943
8JgG48eiEWNal5aVI_au0Q,4,
8JqmGIIQcQKdonuHZS_aYw,8,-0.00020995538448079787
8JuNAivyRLk1Hj2LWHJetA,40,-0.0008575864363340642
8JwafFqgloTVXkk94LGqag,5,
8KBDQlSdjJ-NoLbpPvkOrw,76,-0.05017024174327545
8KjJlBiO_ILI_Fvti_Hmfg,14,0.004652949713993
8LQjvERZE8x1aPfWS4eImw,12,-0.0013348164627363728
8LonS_bxNmCDk3FWiG9lzA,42,-0.08942917547568713
8N3Ph2rHIKjwDAMFbru-KQ,5,
8NCYYDGGPtmL4NxQxKUKBA,5,
8NbOKCqw_sgx1NM7YVNVtg,57,0.001734639023281848
8NeQKx9kYZIQclGPj7ynoA,40,0.0012070586691740831
8Nont52BjQCGlStK8Y687g,14,-0.010319917440660476
8O5-0IYYTc9qjx3mxQkiXA,12,-0.03956043956043956
8OirL-hbzxuvwGLke6HirQ,6,-0.014652014652014654
8OoLxv91ztELwzfvG26xjA,51,0.0023989527956615824
8P8HIysyyGbG8_94cG1Jyg,91,-0.057076295864880625
8PSSfsRQ0JfH8Yc4Doq_uA,21,-0.0016970089710617443
8P_tlWPmPHVFWXREQGienA,39,0.0010778275475923852
8Pf3z_J3jEOCEiN04M0U3A,7,0.0009820956410062707
8QGXgKl1aH3W15YYVcSixg,7,-0.001021450459652707
8QK0MDPAYsM1kpfGXdWJ5w,7,-0.0002388915432393693
8QWZV2WAX60eQ6A-a87Z9g,17,-0.002848607702976635
8QY974PXRbLFIcJUqz7gsA,83,0.0019443186822046788
8QtgPszOI5-4qwizvWi5lA,6,-0.65
8S_Vpr1kIPnP3yynZb79dw,8,-0.002036282858200666
8TCKKnWkMUdp_7SU2NI75g,5,
8TWIJBl-XCdwYoQYa1VViQ,24,-0.0018280411449016105
8TcktDUHGOQntArFkb9TXg,9,-0.0035649468498833285
8U0qdUYe3_nG7nMug0-YAg,9,-0.0025014657025600943
8U5EhUUxyGpcNdCWJephPA,9,0.0001966280127747145
8UR3q3wu6UoOHauefSQpHg,25,0.003220428220428221
8Uz6dy3vMQsZTQu-vqpZ5A,6,0.0019204675921093838
8V5uZr92JiCrJ0jXjQCR0w,14,-0.009904115105408087
8VD4VDlBk80KRoshywVRaQ,4,
8VSBmZjGTA1AXbsPQNcA6Q,22,-0.000840314359010428
8VZd61Jo4WUdacQuRjrZoQ,10,0.0007767417150603623
8VfQxXmbPdn8zvsVpYcBWA,21,-0.12118226600985221
8VsGdezAKZh8atZ0tmVskg,19,0.004162812210915819
8WGx4nyapGrL0p5sKKgPxQ,33,0.0023703041144901614
8WI5BBQFWMc-PBa0yQfp1w,4,
8WgMeCwJZdgpM5g2eiCKVw,14,0.0020505809979494195
8Wq0LZSuHdPTlleQD5sU_w,42,-0.016045596044680463
8Wqjjtq9PAK7EulkmjJtDA,21,0.03926306251887648
8Xg40-or1BaKDbgA445Y1Q,23,0.0030072173215717735
8XjxHeV66F4eoIy06rW0pA,32,-0.3877008250108554
8Xk9nyQkaLZyWJcZrwX2uA,9,-0.010526315789473686
8XtpIfn6bjrzKQraKuZHEQ,28,-0.02984890533456676
8YTbOl9x7WSJwZuKgCSF0g,64,0.0020212600197364997
8YzDC_frEdRBv1CZfCpXjg,34,-0.0001760375546783316
8ZN5M6bUQ_KWo8YbxYSVPA,6,0.00038491820488146275
8ZSDF-3akKn2Q7EtviMaXQ,8,0.0008160522273425497
8ZU1N9vxDsJvyBY0fCi4bw,24,-0.002953148695027537
8ZbU_9dTxfbQ_0rTk21Uvg,27,0.009788654060066739
8ZcVHh6cFEd1Nhqgqp11Hw,6,-0.002134380602749082
8ZhC29t_mepcAQ4OlN15NQ,17,-0.012251344659779732
8_O6LXLyMgpq1g9CIwcW4w,110,-0.0006039182446880239
8_pMdcAhH1XrAXvgFcWTDw,5,
8_v0zZyTQqjogm2y0ULGwA,10,0.0014419852448021462
8aT-k89xn1eU-eJPgEBDlA,16,0.004901960784313725
8awz5GSXpwf3MIxztHmoGg,54,0.0021716489653909542
8bDsHNKOrjJEyOFNDidV8Q,17,-0.13684210526315788
8c07At2riqjfrHV4fHvesg,7,-0.03246753246753248
8cLbpSZOHnmzxzDNSBGQCA,11,0.038461538461538464
8d7ogv-SF9p5HoESZ7TmYg,13,-0.000820626063083764
8dNfGGEffaWxGBAfHuKrNQ,8,-0.00013413816230717655
8do5XP-TDtTG4rnJgDZ4FA,13,0.0031024531024531027
8dsa83SQcAo0p3A0JPMs9w,7,-0.02889576883384933
8enntsQajwJBEuvTVFws5g,18,-0.002174908424908425
8fN1DiPUUWAhLsZW4xSSJQ,33,-0.03765786452353617
8fTaOcdyJwJJtN7dbRNpiw,7,-0.0014852452608950556
8fb73DkaiZyV27mRHw_lSA,18,0.0007296897012607009
8gHcxRfNTfhu8BN3alwnQQ,5,
8gjobQgUMt9FHPVUShys5A,6,-0.0008017396652462327
8grIwJYQJ16EUImULDCdQw,76,0.0012179005467596073
8gufdqP_ZArKVoJdwE-JcQ,35,0.002053771471247199
8hKi4SyepMGe2W1L4aQ_JQ,21,-0.007004813032210292
8hgo446H2HoYlZocEi1SJw,30,-0.000983877015373078
8iE8NiEwXw46Agudv7B64w,48,-0.004912762345121556
8iWk2GMX0e4YrmH_K-zogA,25,0.0024224468455907974
8iXE6VM2VI40Xaji-iSKjw,10,0.0007475283337352301
8iXOCgIvyCWxoE8gnX3IIw,42,0.000551694001010528
8iXVU-DFq1r_a3QTn24T8w,17,-0.05138055222088836
8iiI_v2E9V4xXByGce05QQ,9,-0.06593406593406594
8j3blTZChklt3j89jxx0fw,147,-0.029293871609292026
8j5bQ0nDwoGiFaTQDNCQTg,66,0.004444281605510469
8jPCTltGBbYjHgDRY3MhUw,52,0.003323817081843199
8jY6KM_74NZp6yomYtpouQ,29,-0.021271464402855496
8jmTWp1l7gjs0sJJMthMsw,20,-0.0030516431924882638
8jwRqJCG98YQXPcw3QfA8w,26,-0.004223045150263494
8k3IvUeYZOf5XdM4VslcKg,6,0.0007762427004700183
8kUh6TROemLfbVR_ewVVLg,162,0.004586445713807461
8kpPGZlU428scAcEsThdKQ,15,0.00017572376224574962
8kvrq98-vEojtSETUsDamA,5,
8lF6eFOKrSmZeZnj49rFnQ,52,-0.0012759647953423207
8ljtB0A_-D7-36jP9Ai37A,7,-0.00010730863103867906
8mFAM9zata2b0FEBkWJovA,26,0.0003315681503745051
8mk6q7HjyJzhEMUR22kRDQ,5,
8n93L-ilMAsvwUatarykSg,18,-0.006554639390460286
8nEFnaYMvc_Y-_IUf5zJjA,10,0.003234265734265734
8o50oRFIEfXrmoIJJj3fmQ,14,-0.030541871921182264
8o9KxwimkPdmXX3oDc0wtQ,7,0.09890109890109888
8od5TSdUqiFTWCoyHC99YQ,6,0.0004376846482109641
8ohaL9a02bWZDxOxfZCTxw,61,0.005544458341889595
8p3PElrcriCFow9aErPMQA,26,0.0021966395445499657
8pSi7jAI-oXiIPb40Vgp5g,6,0.01652173913043478
8pqdJjefYq-a9IBSJJmKwA,133,-0.030401648626314774
8qr1cXhqYGOXFNStgcMvhw,28,-0.01788955146486907
8r2jQO1QBDtzQpoH82BCUg,30,0.002470669491171876
8s6DHDQ_RSp2aLQLXGQPwg,5,
8tXJHD_h65bqJdAWJ2wd6Q,18,-0.004379341588643914
8uc-V5fIPcsHfLc6wR6aOQ,30,0.019719251336898398
8ueey6KW9crymWsjjFLr8w,93,0.006190497355438018
8va8lpVU8aiQtnSbyjVScA,99,0.015772179627601315
8vlMWhINB8_TAsNR4RF75Q,11,0.003783783783783783
8voubLtV5i1Vs4ieTq_gcA,12,-0.0028826355525051477
8vssmQoUriFOtv1dmzAekA,27,-0.02653061224489796
8vxNQrL_ONPNXZ1VuMTmCw,79,-0.01259951481190419
8wQq1jGlJ4hj691c7WLdQQ,7,0.04035087719298246
8wml7Ss5QonxZiBcmSNCxw,4,
8xGJu65OvZ3xqdSbutcMmg,33,0.0031558816770084364
8xTHtLoNIwdpf0FEvIpQIw,126,0.0114718938600429
8xTRu7vcEYcC1wRiXVaZBA,21,-0.0023328591749644375
8xp1f0z30A7aXPe1rSyHrQ,5,
8y19WmeqxvOC7p_qPJL53g,14,0.001189587111917209
8yF47D3yubAGReK7pLoWJQ,44,0.0011959338249950167
8yGZhBwFFLtOVLY9Do8ohQ,68,-5.6899004267425536e-05
8yZzf0gdWpSmY6ziyq7hKQ,140,0.00305241249519077
8ymBNifw6TBTTKY5IDhfqw,74,-0.05530713640469738
8zSL0IFhoRjfcDpWAHCA_g,5,
8zaercyYIECy4ySW6iIUhw,47,-0.005901895641977723
9-Lkw_1lfYDopvKNXCgDLw,9,-0.0006874669487043888
9-W8_gKJ-tRPr52TFKFNWg,19,0.003150773792975626
9-WAA71NCOePL_OzM2lz-Q,11,0.0016568284450472388
9-ZArBggQRzQTg9Mc4uoIw,9,0.000790049645011477
9-tZDrMjJYBbpCJoU3WXAQ,101,-0.05023965915142908
9-tv34085lueairnehLvEg,7,0.003215199123127512
901hyann7Qs3cHOfe7Pzqw,34,0.0062147590237477904
903S0UZPLDGi_X6uiDdKHQ,46,-0.0015150422047471319
90LsqLbaoQpz_xNbSQsCFA,47,0.001823071508143166
90OqHj6ES9Npo2-ncdxurw,11,-0.00040644899065167274
90uXOQ0oaEaxiO-wJQkaRA,26,0.0021955743786729698
911Zlr47_jGbqa1KRs8xqg,30,-0.02212543554006969
91MKqVpXVT6kFWgd1mHYXQ,11,0.00878849689003047
91Whj280_D7rbpK7D9Q7BQ,12,-0.004992319508448542
91yzyn5bX8j6licJYk0vtw,6,0.0008643457382953177
924EISziV0FYIfxHnwGRyw,23,-0.0007074409929899027
92LMum1uJoTi8l7p9rM_-w,7,-0.0009661683713611329
92dYGs4_P_9j6cKle7E2Yw,5,
92jnlw1wzrfl8ppbiegHcw,8,0.0005469885656910786
9354_1NfFdwjSQYERhnVFA,6,-0.0006718924972004479
939xMaZPJWoWdzFHt0oMOg,20,0.0012114152591729762
93K-xlLwLnwcFuV2r2MI6Q,62,-0.04441614697271471
93sFzeimmZU5CFluTazIaw,9,-0.0032833020637898693
94Ar41929FFMhPmUMaFvKA,8,0.0009142260097299769
94WmO8fa7AoOhl_ojRRcGw,20,0.0018096094417033755
94s_AwUQmy41Dp3fslgdjA,38,0.0005528527200353825
94wTNYCNUYf5eclY8KxCcA,41,-0.004382068541360576
95zCLYe9zas0wJpBHZfpcA,18,-0.00038485928582362067
965Cdtp9ylAsV8gzWHHLzg,7,-0.0036658306000385875
96752mk7VlAUtWg8o02Tvw,34,-0.0003424657534246572
96SzgUpXYKLcipfRr_w8wg,19,-0.0025428796223446104
96wHK5NhBrntjA1VAM4gLA,17,-0.00023844080447853967
96xaSiiL2G9owvfiR3pleA,21,-0.015134119611731549
97-J376z_DxuZvOB9oBnzA,4,
97BnuM-u5MwG71m_s9p4Iw,4,
97RzzkvSQynCaUUMLunxEw,6,-0.0019293845263360985
97SR7RQPL02t5J41UcZ4SQ,39,4.7158402029941196e-05
97ZPxrlnvq78EqSgcQihoQ,77,0.008752201598699366
981Xj6Sey1CjyP6WQ70lzg,27,-0.005266770219990609
98F_Qk3jCBLeuul4LrbCgQ,25,-0.00027828343062791624
98oPUwRR_3E7z8If9Q_6dQ,8,0.0012965186074429778
99JbYCWcjo5J7CKJUDkWpg,7,-0.003896103896103899
99Q1CH0ZUvoz2yMXFFJMyw,24,-0.003692860469758469
99VdoaWJs5FpAtearuP7kA,5,
99e7bysta1myyrQogFEWUQ,153,-0.012593578692150779
99v5aJGZRvEC1LOsVHafTQ,10,0.000528052805280528
99zoELPcbwRBUqiPoaPqiQ,14,-0.07223942208462333
9A5Gw0At6so0x-vWM0_JZw,124,-0.019439145126497838
9ABnmZ01WrEx1RLoM1ivzg,7,-0.008154636061612807
9AE75wIWF9XiV23NBpHyVA,18,0.0031112493888617275
9ANZAxxwp-UAxqUo3KF9gg,29,-0.10127005347593586
9AYJIH69QmqyZ3qvNhvEaw,13,0.003979591836734694
9AxWt9VSp1yg7dv5D62W5Q,62,-0.0009000786782061401
9B1nqt_eBfbgUj1AlPGYBQ,33,-0.008974249049701333
9BGUIK6rcprILPyiyYnJyg,5,
9BRogQ1ZU-agQCPG-a4zIg,100,-0.0012475738344382248
9CGFL0YFDf_O6aaiTmnOZQ,10,-0.0018807848944835243
9D0aKRGsutg8S0ClIanmrA,64,-0.03627167198830234
9DEHXZfOO1kY_be0nRK-ng,44,0.0016170004386815069
9DfzRvTs9tzFuj5PnnLOrA,130,0.014298246301097335
9E-niGRtxsbA0xiTHfsKIw,10,-0.037500000000000006
9EXy-Cq5ZESw31g7hGG6Sw,6,0.005194805194805195
9Ebckj6z0EdXxDVcMfz_SA,22,-0.0014310906131307648
9EgoCSRFfXUEGiJWFQLJ1w,25,-0.006187929717341481
9EkU93HxB6gMAvuvkfVqVA,13,0.0013474878140232484
9H3AqvbRlNNVpfgk4yyomw,6,0.008184101774572563
9IoOPZso2R0Y56xLvQS5jQ,16,-0.0032833020637898693
9JJzExdkd6fvATS0dkHFgg,13,-0.0007236010379932112
9JSv_XGIjTt_uwE6fVctMQ,42,0.016783216783216783
9Jh85iabcBAiWBrAnn-I0Q,21,0.00035764969785753524
9JhgKwhnD5ymVQGTKXFp6g,25,0.0010769885594149437
9Jhs4P1y0ZQ4Uv0sSPo7Cw,6,-0.003679653679653682
9JnWIC8AxZB_WoQSqMudtA,56,0.0029793425886169554
9KTR91LBbXrW-i_MWOB_mA,3,
9Lrfpcq2XqgkgJYOLZmFJA,29,-0.0011402127761080101
9M7LpN2FISuihc9Ad0makw,53,-0.001430715827000657
9MahnirC-VmlloME9XDr1A,4,
9MhQSnj4ve_JMIK6TALXlw,8,-0.7023809523809523
9Mm9xvLfiI72E3Inhmn82g,42,0.01706684277560262
9Mtc2pP9YJATcWYU2JSVVw,5,
9N7fq0RCVcoW4K5KJf4vGQ,10,0.0005036387902596259
9N9VYOTwGe38rszyYReyCA,25,-0.0004979808758604819
9NBApzAJptJIg802sNiAtg,5,
9NV4U93U4nVnJje1DZrxPA,26,-0.017671575437621555
9NfNJYyMDaCV9qpknWzD6w,6,-0.0003606609111196269
9OhPfV0C3Q49l5tSre2MuQ,133,0.008148399641964258
9P0NX-RMC0V8JPbZBM4R6g,9,-0.002682763246143529
9P1BSUOEmbfK6LN7o_d-kw,21,0.014489795918367347
9PCPV34KV1B_E3v1IUi4tQ,37,0.004302089721213266
9PCiyXCG25bOycCR7nXIDw,64,-0.034463431305536564
9PZxjhTIU7OgPIzuGi89Ew,183,0.10388969922679084
9Q5GrEg9iy_RXuRkxIENVg,72,-0.0020145676525225122
9Q_dbzylYiWdF11lH8uaSg,74,0.006425012101711326
9QbyMC8G55Rf527DXm-I2w,14,-0.007248565388100267
9Qe5ib0bCgRITjYn-iA-Bg,106,-0.004156917626992638
9Qfor2Rl4MBWnyZTfQYWrg,17,0.0015288042928014577
9R2UVjlnijJBfjMitKpjzw,5,
9R5omAKURw7uwvyGH8bIWg,26,-0.0021510096575943793
9RNM2ieC0Vu2tie28Qm6ZA,42,-0.0019319171341204105
9RmCMNxgGe7vX5MYF_TM4Q,31,-0.0013141246836899012
9RotEBfTRO5rZl2StsC5Og,11,-0.004610262101938017
9S8rfgVp6vA2pUZZUvoBoA,8,0.0003850425768233985
9S9uISLMyJTwh2r1bYa_yA,11,0.0017224409448818893
9SJ0UHzBsO_h93SJc42VMQ,12,-0.014285714285714284
9STz5zKbRTTSPCCvpaY-tQ,10,0.0025210084033613443
9SmnkhVtULUiD-aH83K5Ow,12,-0.0002410351363491942
9SqhTgh-8y-pYVfJTA5itg,30,0.01148296441791947
9St4eM436810TH4hE5sbSg,4,
9SxY5MIhjrnOSKtz9kDqOA,44,6.832248211558578e-05
9THOqAjKxNGHYVqobMEVWA,9,-0.17142857142857137
9TNrkJ8HRO9ba_y5ZDqo6w,9,0.05454545454545454
9TPek1DI_El4uu8ltDzfcw,6,0.0001806684733514
9TRGordD4MbOR2mglgcvpA,13,0.00147627032149887
9TcnWPAlS4sMJPNyWlgi2A,44,0.004760393525864803
9U1Igcpe954LoWZRmNc-zg,24,-0.007890616845840729
9U454aiscZzLytBdFXLMBg,66,0.0048138481237072804
9UD0Smup80sh-c7zc9ySdA,28,0.0031643513813127233
9UFYQ6JqAXwny1ttma4cjw,6,-0.0004470860509152114
9ULVQhqw1ZwQxkKJwxaCVA,5,
9UjfWkopi0l9Ttw79S0YXQ,9,-1.0124531740407006e-05
9VEnlasR3YppxZuDyUv3iA,8,0.0026865586327131374
9VHPGvPfEtu-utXkoJmL-Q,18,0.0019329613847032464
9VRg8Ho9SoZWKPmjfrpVmw,12,0.00020989882876453362
9VUqkRrEpDFmnPUAZ6yqcA,5,
9VV0Qsbwy8Qi5n7nEZZR3g,24,0.0017958918651509374
9Vdjwd9nesIGRx_1CvnS6g,7,0.0010090323086267363
9Vn3m5EafV-Oc69DkPyt3A,27,-0.06335447498238196
9VryYAslHUSV-_Rghp3lUw,7,-0.0004524886877828048
9WRLrvxvjARKjPIUBt4J1g,7,-0.0010285042609462242
9XVS8t8Xh9FIEY1pBAYayA,11,-0.00082932247315809
9XZWXwlySRwTjdLIQteMrg,28,-0.007571375992428624
9XpU6r6ATXSWYfbU7kibaQ,67,0.0008068924799370239
9Y0jUKfeDFJUStlVHOlc9Q,7,-0.033846153846153866
9YQN8-jwI8EzvEi9F0gV6Q,11,-0.000186371578334304
9Ybg6DG6upesH5moWdRULA,11,0.001552557346220288
9YmRTVldrOQCcg24kaE0Hw,6,-0.0013265306122448985
9YxqrKuDxwbMqcbKmTQFtQ,7,4.947433518862101e-05
9YyeoqIBSEL_uikPBTZZUQ,32,-0.08621667612024958
9ZL_iQiLTPTOMm6nDLVCAw,5,
9ZNfxLA-McUlIep4UM5mqA,58,0.0003768285963134785
9ZcxmF09BwB7K2R_I0yU1g,9,-0.006715506715506714
9ZfznUSTt7f_HHHJw82qZA,14,0.01016595344953554
9ZiARoddTm3anAtWzZo4Bg,21,0.0009388826396700414
9ZmVhCA2m3yK2mXHDFUlfA,69,0.00621928799404042
9_5HYYGBF4O80G4cgEpXKQ,7,-0.02315076228119706
9_B5sCqKBOKDAmYpByiFFg,124,0.00715441194048881
9_NJxQpOjCiO05BZ915f0w,37,-0.05725176291214027
9_Vc2bGwkmTD72Khzcye3w,5,
9_ltcP8mvAVgZZqJNM5-6A,5,
9aQYLiO49rX5OHJi46J0Gw,8,0.0012137412852653256
9b0Mrvs6uJu2jJqet_Jwew,14,-0.02865612648221344
9b1zwZatzcDYNNVwfiBrjA,6,0.02467532467532467
9bbwPNPYXqP83reSK-hASg,71,0.00101037482441657
9c1p8TTOG_F55i3yEiVVDQ,49,0.004947010620765428
9c7MUiE6VI8NesjPdj5FkA,72,-0.22161545106750583
9cKsMBNhLCEgpHWcOHpC8A,12,-0.009948542024013723
9cYRaymW7LV8oJKdtYn8Rw,16,0.002996060543230354
9cgNQ4SUd61Hxck7ON68YQ,22,-1.7024174327544826e-05
9ciFIt5951W-InCyYqs0CQ,90,-0.003022594643124344
9dSYPfRcukFqPsvN-X7VeQ,15,0.000175187131708871
9eQ6a3iKhJHiNJmHU9Vv1Q,13,0.0006363822735504151
9e_rrzyTolsH1RUXHOvsMA,109,-0.05288509591358167
9ea4ORXNyoof29LwiKQZoA,5,
9et7QjF10EXw_IBz3jv-ww,5,
9fKBmH9_Wp44it_bDpWSLQ,17,0.0020429009193054133
9g7_oSVUYnquy6w3ocZyAA,17,0.000636359912056699
9gIyVKUlA8uTzDHcTyF_og,6,6.589641084215605e-05
9gObo5ltOMo6UgsaXaHPWA,121,0.004769035705154631
9ggTidLF9LPNdyWdCGtrYg,124,0.007335802314146423
9glx0sMqmHbJLChAZcEG3g,8,-0.0028027498677948176
9hAQD5rq0PCqhq4RVqgI6Q,11,-0.0011648223645894
9hSpwqmthYZO-va4hTpo1w,12,-0.004080261136712748
9hWw-Lffnc9jCTgGnnJt6g,7,-0.05614035087719298
9hd07-PcvgF15zDFqgNsPA,33,-0.00020752826678116474
9hlCvuR5yqPNQZ0Dpgleug,11,-0.049999999999999996
9iBlpXwgBFLVnx6RmHsiCQ,64,0.00694081358207626
9iF5ALxAskaBFRzqoG7SNQ,5,
9inZjwjSunLvSyybt11GWA,12,0.0009000900090008999
9kFMEa74Y79PKFGVO7dIPQ,43,-0.19010175763182235
9kYR383I5IumdKEFTAsrxQ,64,-0.07149564050972503
9kaLrv9_zvuwb-F1BOde7g,27,-0.0005521216751163272
9keW-zFxaTmy6qVrEYyzoA,12,-1.0884539457109378e-18
9kfDDNapNWKF5B41X27HkA,83,0.004688759516345722
9kgGsRA07ULQM0QTun0qiw,8,0.01715686274509804
9kuyu7R4T41gxapf7hO3Xg,16,-0.0008920606601248885
9kvhb23dTj8o1chCyHjSvg,55,0.004263108171941428
9lyYoyMZ7wqqMSaP05usSQ,33,0.00044978298541744157
9m6GQp45QBEydlyE6DywCw,34,-0.07116930256676175
9mA9qYqiv4c0T9ASid3PIQ,163,0.01309898556456754
9mq0Ru2xiXrI_A1gxcRB-g,9,0.0006124483691781798
9n4LqdxVDc7gNW4gdvj5Lw,11,0.001743796109993293
9nBqiimE6bGE1TSxlnDJ-A,6,-0.0011251758087201125
9nEASTWzpz2MildruqjFhg,14,-0.24251805985552116
9nkYaCQRyO0fi8SrXDFhGw,82,0.0004568157983611513
9nktzZKO3QhBRbzUgcf1ew,22,0.0023293034953842614
9o24I4GqjDBQQa0vK68cXQ,66,0.005783174513824668
9o55tW2eCwxRvwWVQSzj5g,103,0.001849529780564258
9oS8GwYwFgSrR34ToywLiw,8,0.0013937282229965157
9oWrha3zItGZe3xdGNbBiA,13,-0.011449077238550922
9oZc6qwbJfO0SuKXEMh27g,60,0.003417191205516714
9omg3tNM7oSaZPkiWzYFFQ,51,0.007676111706309731
9oogG0VATbbqQ7fCVISjDQ,34,-0.0013019238825690439
9pUT5B18PBcttMGJeLQwyg,10,0.0002817794371455744
9pr6rI87hZTCIAnFGNnvzQ,63,-0.030928491798057015
9qWnlyBzoKqwyqDeun7zBw,6,-0.007881773399014776
9qXd3Frdpw2NFesclk7nPg,45,-0.37526205450733746
9qbBrS6IjXLh_d2BNIeGqw,10,-0.1575757575757576
9qn6D6Bewuwd4Ay1bEs83w,6,-0.0020199146514935993
9rdEIoILba8wSZcrTLFzNA,89,-0.02132010917618114
9rjYYWTMZj2LzDuBl9rKEQ,13,-0.0014039609332609877
9s06fF7u-sexdHIidhtStQ,5,
9sEzWuaOicYlbp9a6A829A,22,-8.602150537634376e-05
9sHmUsOCCkjgv5PvlsszXQ,18,0.005368026254102204
9sOHuGGwb8uRVu7pANSWfg,125,0.00024899043793024056
9t5e7Tfd61Lj104O3b_fPA,47,0.0010099413633418155
9tUPs9tYs1pzqqvAgjziQQ,6,-0.0007672634271099746
9tdxRchhBXUjFNb8ZYa7sg,5,
9uHEhLKTVXATCt7JSvUsCg,95,0.01254522948009903
9uU6AGSXncM-hu6lIvgv3w,42,-0.04416061586912781
9ujr7iilByV0mM8N0-DAJw,9,0.024844720496894408
9ujreFoSYcURn43VkCkIhQ,56,-0.11556909515167231
9v-CkheflZhvHS9QT3-S6Q,23,-0.0020053921708727503
9w6o_eyKCSNKgMtAuv6KWg,153,0.007460106793419547
9wTSBQFqVWbq-NEikPAs_g,8,-0.15357142857142855
9wvOZ7ADt8gidMPg0i4wsQ,9,-0.004796380090497737
9xPFNAQ5vG7PG0VD2rdoIA,20,0.003241719520789288
9xVhnWoBDBtWu6-XDnl-uw,7,-0.007049671825621911
9xgHivXmL1Vzaz5P97PzCg,81,-0.0009067536919374667
9xquyp6UTgo0bpDRsYpM5A,15,-0.0010661257065859172
9xv80wlznxFUoKvrzbl7CQ,6,0.001168907071887785
9y8RokDvXHYIzbSLJH_Ecw,42,0.0011927255550307043
9y_0_oMDt9R5n2lDcWQv3A,69,0.011223472439823384
9z3He4TXeDB8aPcGYyqUQQ,12,-0.023017902813299237
9z5-4FkA8Vzx1VYkov7G2A,6,-0.004832376925400181
9zD3rIBuyiKgz-sUoNJ00g,39,0.0013099875850849766
9zaXFApfobvEKgfGt-NUxA,102,0.001978386083874324
A-qwl6bSB-TEFzHF_i5lAQ,6,-0.0008149744991850253
A-yqzgOwLIfoT-rgILQSNg,22,0.0014920473874250246
A00csfWALqToKolzHRUOlQ,7,0.0017364657814096015
A0F-h3xJm_6gHDKcDQwSrQ,90,0.002015142690739663
A0ynYx0BlHr5wiUJKhQFjw,12,0.0009922041105598866
A0zVp_iZadoSrirJrSkpeQ,60,-0.004169648394637661
A1njfi_pCHL8Tnx_OirENA,9,-9.691800736576851e-05
A2Jizi4-CZufW1ozFB-oWA,39,0.0026656793780081437
A2LX06VzJE62YdnhHbhDpA,7,0.0015994531784005465
A2a0dPK1W4E1pMaefhNxBg,8,0.007142857142857144
A37C-01zpQty9FmxvZrxEg,36,-0.04423577941815023
A3Qt87F7ZaAwCW4CyyB1Fw,62,-0.06811302598197883
A3cJnJGUgvWlt_k8YHxKQQ,35,-0.004462115424682271
A4CPH0tLHOrtoTVNQcJSRQ,84,-0.005600840636190204
A4HxaMk6EZlieG7jr6FB3w,6,-0.03863247863247864
A4LtWc1wfOjEEb6qMXvoHw,11,-0.00023615285530270504
A4VzKmiVNuLYPWPpE-49SA,47,-0.002083573597816476
A4fbwssaFFh60rNYjKGzag,20,-0.026153846153846142
A4zsfXGNGeOu37dDMcKTUg,54,0.0022011886418666082
A55glg6ynzqjNAbRyTI3ig,15,-0.041279669762641906
A5cw-8WUxVw8f11_gmCzEQ,7,0.0010183734510753456
A6UsHHqoI-TQ558N2gUxXQ,12,-0.0022506251736593504
A73hMO-Ireqx47M88FWYTw,8,0.006882591093117409
A74ufDWGFo1qr5uLsZc5Vw,33,-0.006330929747719145
A7IirIN-tHF0f7X7TrJQFQ,7,-0.001163815905484042
A7cW4y6vIH7uhnVYcNBFqg,5,
A86GiokZwV2KgmFMnNC5ow,7,-0.007109322602280348
A8C1KXkiKSZytzo0h-hgNg,25,-0.002605028559227033
A8wTbf5kgFdcqxOl04Cu7w,34,0.0027397941425090747
A9El2DdT9Qx2tfFc_f279A,134,-0.013592849209287567
A9K47DPPPxmoi3HorT1xag,7,-0.03296703296703297
A9Ne7d0MHUqPRdeWTyYZdw,8,0.024242424242424242
A9OppQUMHX-sCMAQ3Ooaww,10,-0.0007783882783882784
A9Tcc9iloNB0tAA7j7GKrQ,10,-0.005096352922439882
A9bqf3aoiQXX9WBswewivg,63,-0.051354895104895104
A9sMtVnx0mc6juPNExJJfg,27,0.0002571556350626121
AAFofLiyt_K1Ar_eEuVc7g,39,0.018712273641851112
AAYzFH0HjSUNL2nLScutxQ,12,0.0010682238997293833
AAvoBxeUwDnD5ThE9Cz6Fg,35,-0.17849592268196918
AB5mv5gMXGq5xjhdNuFSMg,57,-0.11066326123393727
ABLiI0CTHus4k718Ma3akA,14,0.0006689665722198503
ABSiUVpGvn4waVJkLktMYg,12,-0.5142857142857142
ABr07PGwhVlsnXNDUomNKQ,35,-0.0001114827201783734
ACcP-66gbXKf4mrbpqWllg,12,-0.010344827586206895
ACeq5Ac0QzhD7hLVTqvPZg,10,-0.0020244461420932005
ADVW2S9Ucm6UrKSxLOXpxA,13,-0.03405572755417957
ADe114o7Z4vb1O6HkM6YEA,150,0.007362559037541223
AE1lpZfWA30h4cS25N7SLA,7,0.0018865345181134654
AE6jyQmaCB6O9SSSIGsn8A,16,-0.005434782608695651
AEAW8IkEQv8wV6lXKfx06w,30,0.0010520163646990071
AERr7jPbAZmShrwfKzUqfA,16,-0.0006987577639751554
AEe34lPAGLLZ2rNj5gYLhw,9,-0.002946286923018811
AEgaEEWNGuXWBHUkf_fN3A,32,0.0037890436234239767
AEtZdFFfDi-FBYUVH4CBkg,4,
AFe9CAVwXMQe1LssZ-jJmQ,74,-0.021223373070158293
AG4hoTnZ4bSOGJF58thKBw,57,5.993407252022824e-05
AGHlStYf1vY6UFhZ5u7BHg,50,-0.008665378025743528
AGJqNt-EYaLZv9ilGF_iqw,6,-0.003759398496240602
AGR4G6RCCjzmtVk0xjLTrg,18,0.000893990826876733
AGlh4ZDv6jnoiYfz7At9mw,119,0.20441712146166668
AHAPYD1ADG6MD8RB1LprWA,6,1.3997760358342747e-05
AHqYW_taqAvhBkYBElkcTQ,10,-0.28181818181818186
AHtX7vm26KgfX4Mcx8M6pA,20,0.001026265305399345
AIEvgiZITx7khY_EViqz7Q,15,0.00230928491798057
AIWwHJAIf8q4C4ACNBrsoQ,21,-0.22076923076923077
AIXHlW6Y_1qUJrYQzZvKeA,27,0.004153627311522048
AItk5AvCyEg65LZMuhj8Vg,15,-0.0011019236682953497
AJ60jCPc97f6K18EtgkWIA,4,
AJchGMnrpfIbTULXE2fasA,12,-0.026315789473684213
AJzAO951NR1LFaBHojeudg,17,-0.0030303030303030294
AKrFJ7vuBbLPfE9u2HVEkQ,126,0.0005753980708471961
ALVX2hbStpIIRvnv1_7x7w,6,0.0009060706735125338
AMWElAiyJGf5WpikeoLpLA,69,0.001451941723434937
ANmX99M5KtNWi5g39TFIKw,24,-0.04850678733031674
AO4PGY_9cKeboLt8dFezYg,22,0.0016351968406762927
AOaCT7MBizYN09RnP0FYtg,5,
APIhbh-BEr29O7JNrcTAlg,73,-0.011196350818992328
APr7s73xPQBQlQD90wts3w,18,0.0005348008490309854
AQ4cIMRNKaVXtgqz68ySnA,9,0.0003061224489795924
AQF9Cqg1ywpL1iCz4SmWmw,8,0.0051125312586829666
AQIi4IRvUxkurxNvlUD9hQ,27,0.0005649362877408827
AQfAhiVYzRDH9h0t1TiIIA,3,
AQnkwnQ49xa5uCgsnSgcDA,36,-0.00035558637585353397
AR4_xcsTsES0FF0ierogYA,19,0.0014859036398064379
AR5KMwr7SsXPyhBfF1QkdQ,73,0.001438768421690623
ARCGfJ72tw8LW3e44UPCkQ,33,-0.0031068168472748628
ARO7hDjBvV0ncsJTEdQfTw,6,-0.0007997038134024438
ARWccWepHrbNKUMI7M0UZA,64,-0.00325523533070703
AT-b59vVPAHdLhNzZfUw7Q,49,0.005195604103280296
AT7TxxCcOGCCC4zVFjS2ug,26,-0.00030294356185296516
AU5C7IX0mogLK32u2EEOBQ,45,0.0008896015463691074
AUFcWR8Cu6FWNIy2DwUycQ,9,0.0014363821703271243
AUyRZmMBIah8yFNnBadJ0g,51,-0.11674347158218126
AV0oofqbYjWYXPQzxNDj2w,115,0.00658500115021854
AVCsL26Asb5vsPnACWvkqg,11,-0.004058938003892132
AVkr7VQYlojXMltztxtb4Q,6,0.000559883154819864
AWDoR9D3ezOFV3d6KGf8Ew,5,
AWGuQflJGycjeHfOZjAVUQ,7,0.0013348164627363726
AWJyivVwe3t9BO-k8D0ynQ,79,-0.03085977692719265
AWNu8J1JUe43CQXV7zHPQQ,8,-0.0015353961556493203
AWWAiEideKaYmgSblQTsqg,7,-0.002613240418118469
AWXIXCNv-UlMIrksJNfzXg,10,-0.014652014652014652
AWbpM2KXsWMGXXiS9dOI1g,7,9.380863039399655e-05
AWsZ5AYK6WmZwVOlz3Z_kQ,5,
AWzvmAw4X0FEMuYDa3CrQA,13,0.0006385186367627104
AXRSeJZfr9pi1wJQ61D4UQ,16,-0.00173992673992674
AXT7aSlqoVZd5jNHXlk68g,5,
AXfF-c7h7y4yqUC6zehbng,5,
AXinWDle4ZYGtkdwqkBETQ,44,-0.06546262850791885
AY1SyySRyTnBwBdf7qfGxQ,54,-0.00906195254021341
AY4SSxu-7OumzF2LA71UQw,24,-0.01532567049808429
AYY1crsG6etLAQ2rsG3v-w,6,-0.004511278195488721
AYat87Z6okUeOMIVOt-_TA,9,0.00381662149954833
AYazcc7KcRV8BlVEjuu7kg,13,-0.004469630457338973
AZ5sk4X3LQ5BNLxeGPaddw,66,-0.030369357045143642
AZ6nEK5c2rz5Ih0KeBT1Ow,13,0.0017152658662092624
AZJFWof2D1lZwRcm06XTdg,5,
AZPMbVuT-IXxcMuheTh87A,20,0.0005723443223443224
AZVvhj1c3OF-SMSpe9M3bA,12,0.0002735978112175102
AZeWubeGf_BdY84nxp5X5A,10,0.0007388868008337034
AZsVCKIWWVE1T8IlFVfcKA,26,-0.11358885017421606
A_zVsWcl7qTjAOZeF77NYw,14,-0.0004198464936257682
Aa7R_GJsC3PKV6FLxn_kOQ,5,
AaPIKS0VJ6BMfteNka0drA,9,-0.00012269284113944326
AaTpjyw-EiODgi3tR4Xr-g,160,0.022893462469733655
AabZBiLIQn-JdY8StCbABg,7,-0.0030525030525030542
AawRT7FMzXfMd0HwYvb57Q,14,0.014447884416924666
AbKSXL_t3uJiNBybtBaEPw,5,
AbTrRYsEUhF5V3q_WcpqXw,15,0.0009825524690243112
Abejc-Rwq-73V95830wQPg,4,
Abju5IKLFj-E8bnEt9o3Gg,4,
AbtYqoBGuvlWmR1gU0c3XA,81,-0.005186700609108805
Ac6NdLwXzX9EWqqWxx94ZQ,3,
AcDQ4C7Plc0IOjMgntaoCQ,27,-0.00044873670861379365
AcMwma_tRlmAp2BTDjZ3Kg,5,
AcRdAeHXHTFsPEzcTOAPiw,5,
AcYIHFnobT3yT6bSZg2UgA,72,-0.0028740490278951814
AcZdQshFqzrFUR0bfM_5hA,8,-3.294820542107779e-05
ActKgtb-czhXfU93dc8VDA,108,-0.005745922489899746
AdHcFvYr4CtIntZH0WNFyQ,33,0.0018108651911468807
AdSZfKMp4wMRf-GO1cPOEg,8,-0.0018113465481886526
AdUcitpXQXZiJ3wA82RrlQ,30,-0.0016806722689075638
AddC68mgkczAcxHnzgByPw,51,-0.0011260556771973723
Adg_va1mRvZZN9_yaLZn6Q,6,-0.00042870616479464977
AeET2x8f7vLSZl2upH_R-A,5,
Ae_TOxI-jaWkciceOJdC1w,5,
Aelkw-nyg9I8aQM9mK_yhw,8,0.0008534850640113796
Af7NWqfoTszSyyuMRU6few,28,0.0020458195236956298
Af8Pue5evUMudP0ezVfROQ,6,-0.004342753435312419
AfM_dYO_LTqQz33qHbT45A,27,-0.22892228739002932
AfOovhtD296J_Gi3GJ_hdw,49,-0.004815689666644488
AfassS1QI0DHsqwuof9-lA,138,0.001899770772861677
Afh9UF8-oTTwPFaGwIskKg,28,0.00167848583341541
AfhWOFMRzViPCI7BceIykw,26,-0.008115246098439378
AfiqPANTA_26yy3Y-RHIeg,7,-0.3214285714285714
Afjdx1dQT7PyMhwRfU_c-w,5,
Ag0C5OfkIYHUBXrnnUwBHw,9,-0.0003476408648822442
Ag3bj6WStEkDa2Ha72pQ7A,59,0.00806451612903226
AgS-M-I0RGmiPtBrvhWReQ,5,
Ag_GeZwOrT0nmyhnKQiVBA,43,0.0015763839696981933
Aga2sEL7yQSycmx3Txk_XA,69,0.0016962727334547294
AgcJCv6R9d40ByHZrDJ62A,96,-0.005183681073904011
AhBeA8m8iNP_b5jRORMlyg,5,
AhDF9uub_RaIsACqQJqpeQ,9,-0.0018118059614260665
AhPis4xBTX10ylpKnpoGYQ,18,0.0016664292835778377
AhdX38dZJjyXspHCxr9odQ,36,0.00740938450862115
AhhnXOh0skWXOVoQjD9FNA,6,-0.006722689075630254
Ahiia0mDn0VYt-t6S12exA,9,-0.4020979020979021
AiByKTUdixBd5vWAMyxN5g,69,0.0009524368804113629
AiSO3VWSShZAZWAfo6NN0w,6,-3.990074689210592e-05
Aiu1Tm13sMXRAGRYFZ0MUA,40,-0.0002380498952580463
AjFgnR0TwDxThO5lOv_WQQ,17,0.0004901265300331481
AjQGanUkM-SFa7MxwTfMRw,18,-0.08889296187683285
AjqPc3btZisOvPBErFSo0A,15,-0.0015127214405482247
Ak34oJ8zxN8Av7dxS9T8IQ,36,-0.05149321266968326
AkfmeCeil7c8Pkv1YyTe1Q,8,-0.0039375750300120055
Akk5eHutsuuukz6GlgT_kw,7,-0.12043478260869565
AkndFhP_KwsZ3w6gchaAXw,17,-0.003219315895372234
AkpAXXVmnhHzgi9u51QoJQ,64,-0.0007950955160797607
Al-uSQdPBdj8m-Y5CtlXEw,11,0.00023841346674854607
Al8y5FTs9tW5VsxTVy9ZMg,135,0.00550041545691217
AlwCPSsNAh2XCJxOZ28Rng,7,-0.022727272727272728
AlxnbBd2JNkozNvI0OvRLQ,110,0.029554136724280686
Am5wWa0v13NZRsJ-g9f9cQ,46,-0.033564879133092515
AmI3LIUNwsi4023hOVGu3w,156,0.04151979999382697
Am_H8-XxtTfV34QmOuWcyQ,28,-0.00890379278445883
AmbhpZW_Xc_9ngKgDqpbYw,36,-0.16581632653061223
An7Ci_vupH18AjRBc_mlYA,20,0.01531896268738374
AnRagaVBS-KkftZX8oewdA,78,0.0013956752431609938
AnZPS4hUH1TzPrrEhIjJcA,52,-0.006417112299465242
AnhgZCyjhzU8JVxl2ftJKQ,149,0.010866547245857592
AnzUwNOyk16m8Nnltz7T-Q,15,-0.0014365049981488337
AoW3nEk-N_ltgkpuTkemZg,22,-0.007023878858474081
Aoe8dOzeuiAovvFYPl2jMA,7,-0.6428571428571427
ApIkL5Nngq0bckgouxiAqQ,16,0.001073066042337333
ApUR_5HxygYoSXgJU2TLHw,18,0.0071245889660211895
Apg6r-2CGinmTRFnt-5Zow,13,-6.219925247807467e-05
AphRtJDfaoKf0p0VOr0Btg,9,0.0005772005772005772
ApxVWbjjFsCPJfTIvOqzlQ,11,0.0007320915577796314
AqKWl6spTCjmIogvCSf8rQ,11,0.0533596837944664
AqXAY71HZDnOV_qG1H0GpA,6,0.01468097120271033
AqX_5srdyAS1tNiqC3mDvg,54,0.01635660874905176
Aqsc1lA8-PN8YNMgroyeSg,19,0.009060706735125339
ArGw19nfPgjR28TTfgb7iw,58,0.014024325189373738
ArNDRug3p5zngNHiLivnFA,86,0.0023558578352604756
ArOAscYDf3rG7S2bT2cHCQ,22,0.0021455828353373176
ArZe7cgHZhD4-3jOema4PA,6,-0.012032085561497324
Aral3Kbhv-LmR7gLINzrxA,5,
AsiGOzIFBgOsB0zBKZ9_bA,5,
AtIoYEt1adgp0SXhm9sh7A,13,-0.042966611932129174
AtLgoUoycHzJyn1aGhB4XA,5,
AtQdWoyNLo9BekRajDbSqQ,5,
AtYDSsVOZT8DLWCcTBqZmQ,3,
Atg_TE1bpEP6aYcS_V1qNQ,8,-0.002578671328671329
Au6bDTawKEYXUJuhq6MBNw,26,3.224516644954934e-05
AuGJDBeJb6lwq734qfyDoA,5,
AuLdRDaloS-jY5s5yGJADA,9,-0.0018772893772893773
AuOBDegADgRWYDVpfgsgfw,8,0.006493506493506494
Auc20f0uYTIwPnJIqcdmNw,24,0.01988795518207283
AusqYiQVxWa-kJHBnoN2qQ,19,-0.00040485829959514136
AvdhZ3RgY3xJbW-JMACcMg,40,0.0022040883275582807
Avfv07Auf3pa6qIrpKtx-Q,5,
AvzL0RmCg5YrLKlBit664A,21,-0.6415584415584414
Aw9Tldxcg5ifodzn0R2O6g,51,-0.08530882115787772
AwJRVQ4tmQFWNqQL9pXQgw,52,0.0017451883506319234
Aw_rzky9g7vCQX0m9z6aTQ,8,-0.0045043325571630325
AwmeLVLEfdFoCa0LaF0UYA,21,-0.014255765199161427
AwvhobfqOJNBnbXQ_pB3pw,47,-0.08539195688851954
Ax2N_NOnazartWbmi6Rckg,92,-0.0027799007927587697
Axb4x-c2nooyq5Rm4VUP7w,92,0.0010353423666117172
AxcyIxsjJbRNG2RFTguavw,20,0.0010605822187254134
Ay0j65KKb3sOrOFUVWs44g,41,-0.07478869632032785
AyCgav6b_x0HmSj4T6311A,42,-0.0003711822611388907
AyKHpTvQq75ggMIhlmgxig,17,-0.002755520812976352
AyntLaeIPrfGkTWe52Vj3A,16,-0.00010318453263855748
Ayzn3hq3nrwav20nrRRtKg,33,0.0018098099084014577
Az1Xl-Wz_VXgswIW4OyAGQ,67,-0.0011549808549369156
AzWwhJD-w91OJxpqUBnssA,17,-0.08978328173374613
AzgU5eQmzYK2Qan4Tm3uiw,5,
AzrL-kBD05s-G_aZzwEirw,13,0.0007904245709123758
B-DiQpcSTJ7oMMnwzbAGTQ,96,-0.02276415448068991
B-O3TsBwkK3Bir3AbVlhKw,25,0.0009167926656586744
B-SiesU4hxIiL7rl7vzayA,115,-0.0026143396833052004
B-XPbtnPLfqIZHTpvapQ6w,5,
B-dVKci8McMfSjBC0z6adA,81,0.0020914569301666076
B-tFOyhNb60ZyHrs63Nk3w,6,-0.0013398936871238413
B08ELtRljjxnefQ3ayqUZg,83,-0.005391306722746452
B0e8jiZ_NAC50AjU9oH5ow,21,-0.00207487311993544
B0jYgle_nTtgPj3Jlaexlw,6,-0.008771929824561403
B0md6FVC6Or4jZXCvOv1eg,20,-0.15979672501411632
B1QQDY9iurUk_YSAjX2kKg,19,-0.001259934095754991
B1lxejaxLL1lCG-syTBQPQ,9,0.002735042735042735
B2HjQWqb-u9DvZE9N4nCqw,30,0.001048678177738757
B2MKYwShNmBiaQ3EJadR-Q,31,-0.018702513150204554
B2TRCYPklp7a8Ipcz5y-BA,21,-0.0014965986394557826
B3d9LqtrGSRDNV1GhgIkzA,22,-0.012987012987012986
B3ge1SSk9U-baGyUSPG8MQ,27,-0.01435278336686787
B4TDjoUs9zAhNKErLsHkxw,4,
B4YcCewfZMS8GwH7lJOHgA,7,-0.0002457661200232361
B4YxMSe-mBSpB_DRjbivcw,22,0.0005022957197555191
B5-siB1O9FV2qELh8agkRA,37,0.0076292309359534734
B5GWMJobuGcD57kASD9ntQ,5,
B5YTYzEQ_vIjie4E3WPW_w,31,0.0014963347356223395
B5dF5x8Qj_YERMmFCgfn-w,16,-0.009171668667466989
B5eJm8A4eiuPLW5C6l75dQ,129,-0.00027311339856663
B6Cn6maWQ6sLhLwYGLhSlg,60,-0.15937019969278035
B6HUaOSZ9ZVZ68ImDF5EqQ,9,8.317253310266808e-05
B6N3pLuRTvOOYjzD112yIQ,21,-0.0009274762795889547
B6RTtrOfGwXoTCJUNIsVJg,13,-0.006596035543403964
B6dZpcQU2766nS9Ve5Qi1g,6,0.0006622988178322175
B6psaiNazV_U5XhWRO-xog,9,-0.004167824395665463
B6qHZCAs7Nka-1zdjCzAIQ,59,0.001991484499340253
B71qd7T1voSiewKHUWD1cg,12,-0.05315315315315315
B7ACDZ13ObI83HHeGkGLJg,21,0.08478632478632481
B7qlIqvE3rxh11EMhXl1Vw,11,-0.0028915069673013626
B89LbTiRc7FPoTwOt7DOiw,5,
B8zcvfugwqLqQ_Brg9INwA,9,0.0006874669487043894
B92uCw3374cpuHZSACv0YA,36,-0.057035647279549725
B9Z3i-n9y9FfMU3CQxtThA,132,-0.017666861595359643
BADXe_hPnAnTNCwdz7mNLw,5,
BALWb5Qs2Bx5-MykiR_tyA,26,0.000782532351032561
BAO_V8IMI6W4DhTlS4k9rg,45,-0.006672427035330261
BAaU9XVWHtSYU16BxdZERw,134,-0.0017391869707263944
BAf7Wu2Xo8HioALaBLRIwA,74,-0.017147256438969766
BAnKNRRc757nEmEdU7SevQ,13,0.0025166867272130434
BB1JmWGwv2RIlSdhLiNHkA,20,-0.005365635985677126
BBQg4nLtw1po64JVfm6SFw,37,-0.0033087550535207564
BCAeju4OGjYbIok7DNNcjw,9,-0.01948051948051948
BCD8RVEE9kL4gnSyVLKNcQ,24,-0.016561577141032804
BD5GvkgJjKm8iDWQFdsJzg,18,-0.004618750506441942
BDJe5GnHM__g0YyfZS3DkQ,5,
BDUwup1sk3E28DcKB5NPMA,45,0.006345719207851937
BDiY_LD44UO3vplJ6L9fhw,29,-0.0009301559863357617
BDwjyU57qzycgtwW8OCfGA,8,-0.000263967004124484
BE02lUdypdL6JTByh1iTVg,33,0.0031069334675499585
BE7efGAH9Eb2aGbMGFfgQQ,82,-0.007136022716750517
BELS5YkYjDFkpbM2FuDdaA,22,0.0017391304347826187
BEYsPtxoTnX-2xUbGHceKA,32,-0.0006039317937382771
BEuGzy5gxtGyOEk8iwDfTg,4,
BFPxxguGxBZQ0kR0rWePTQ,25,-0.0008563522732694045
BFaHCXahO0vaaOw7fw-5Fw,7,-0.01648351648351648
BFyfkA4u8tmSIvoZmEN00Q,37,0.0009908770970717875
BGWF8V14C-xZ4CitQ0r93g,9,-0.005809280233832664
BGX9PWNgcDfPuuuPNtLkTw,20,0.009532921037345815
BGf313yoWCFJVAS05rJt7A,18,0.0010108051585918435
BH9mTxgmNCdzoeTDGwcMJA,9,0.0016481280520889855
BHCR4ixknwzdB8EFiA6mbA,16,0.000753858463555474
BHOAydya5hkpHVlcmHo_xA,50,0.0028704256300355366
BHVsvLOJ81zTsPP2XMy3zQ,7,-0.0007554945054945055
BHshhJKh0k6ovEVgAM3aPA,6,0.0017277551524126865
BIGwAJH7CIvwHu-9Rog9cw,74,-0.0307110862262038
BIfo9AKEpC8oIwB60YAR_A,83,-0.018635076203749497
BIwTMKyB4Tb81Kj4wsz9Ww,12,2.858041098631002e-05
BIxkykL8meGkcNszRNWSyA,57,-2.4692120127163906e-05
BJf5N4JIUYm42yE5n2ERGA,26,-0.00031491103763186867
BJjyhlURNnsOlizLQXMJmg,11,0.0021044992743105943
BJnnPDTZXsyXou42HnHfHA,37,0.0007646783077463964
BJphaOPeTtqUFF5pauQEhw,11,-0.27017543859649124
BJwbPjeIg6qImoAXAd981Q,9,-6.988934187536391e-05
BJzC-TOSsYhlYo8l6Gy3yQ,7,0.0014184397163120568
BK6In_HrWgAYZjQLTdbg0Q,39,-0.009764973753655913
BKNuaJXC1repEeByzGycxw,8,-0.002279635258358663
BKdHppZ3APxm4fGiVcEdnQ,16,-0.0003521453062737463
BKmgeFvSlSA-Eps1VcLBeg,13,-0.0015806977832294288
BKsiYYKeLAXaJVYrdTwtNw,8,0.0006270499710592321
BLM5CeCJzz2-5OMuVxw08g,6,-0.00022228396776882464
BLYR46gGpEbb5TcSGFQTPQ,5,
BLdx9HaexMj6UXnGNaD9hA,5,
BLgjM7uSh3is97DBvQTdew,36,-0.0028879517429135746
BLjK2H6Vdb8S8zPpa2dh7Q,4,
BM92j54mc-c-6MWqWSimRw,70,0.006694336591243809
BNOvXKaLLIEtWVbePgHnKw,50,-0.003254964722854631
BNnXlSvc2j-IUzu_6ySuvA,25,-0.008231244304950897
BNqtMJ-zXdHn49eaegGumg,39,-0.008010361228110273
BO4L5vmX7pwwiQiIz7QbsQ,22,-0.02967263344621835
BO7p6kWPWc9CC3KHukpJhg,73,0.019485099629694934
BOIJFSYlV2SmFMfCUb8N3Q,22,0.0009314823107926558
BON1JqGZyG2D1m1Uc9AP9g,41,0.003236948091622089
BOUmrR6yo4cjeDJn-l_zFg,80,-0.00781532310767693
BOUtTh0u4TScrrPMBmsyPg,8,-0.00046082949308755744
BObbU6CXdn1G5O2JkKJMgA,4,
BOq6aYbFAyCYNv_7O2mIMg,76,-0.005851063829787233
BP5xXMzcmqIilbvK9zlp3Q,19,0.0015241837149437745
BPBTCvmUfRnEH6yyABzOzA,53,-0.05039139964513099
BPMz2-6BwS0B3SIN11Qwqw,22,-0.0009783306287926617
BQ1Te5g5_K-y7Dx7Eqj9nQ,10,0.0006180307174416159
BQBhwjeZa19jHSVjoHsVXw,6,-0.002955665024630547
BQ_LtKMybMelvIePEbUTkQ,7,0.003732303732303732
BQnGmgI7Z5cMPp457q7vCg,38,-0.01367643246046151
BQnPRKxyevk7tnnkOGsVFw,34,0.0009427558107206013
BR5J4n0k0S7ve-0GEzfbiQ,8,0.00065068636917006
BRDRW5HCAqB5KvpUk_Z2eg,6,0.0007513636527832966
BRGgmf9d8cCRia4qOR761Q,15,-0.039419404125286474
BRLMLt3k6NqDDPezHIS8hw,15,0.00043300267674381993
BRl-KarobZBNuCvhz5RWKg,35,-0.20450281425891179
BRlJcme-mrWooPJ5UvtbLw,35,0.000677948006192281
BSKGwIaEKEnvSl3w1GQPeA,9,0.0013282833671183186
BSO5jj-slpLdLgDtLWoD0w,11,0.000718333466358049
BSZEO8iiTWI1oF6RgaUTyA,31,-0.018995929443690635
BSss16DINplXj8RaQUMQwg,33,0.005236432878451285
BTXj2Vk6_55nimdKoXrZyg,16,-0.010422448350292938
BTnkLg9-oy1YFtAOEt8WGw,19,0.044882320744389706
BUEx8JCXx5v81EEVAIUC-Q,50,-0.01849507735583685
BUPdkTi2UMH2D5dkymVnYw,7,0.00042174973858487275
BV9qbgExWLPT2j-_w5zoNA,6,0.002590194264569843
BVP6QPZz_cQLoBlNTF5S7w,4,
BVXoY0R0p5H6Efh-GvN36g,8,-0.006272022551092319
BVe-jR0szZPC6o7r15jp4g,5,
BW0Ob67ExhmgppxlU9zTLg,22,0.002425478065241844
BWITd9JUXP3gSi1z3Y-z8g,118,-0.03964297583440156
BWdDR_4lWAE6uloubO0oZw,114,0.0007240252713162313
BWo8s2skxQGZUgVooK2HZQ,22,0.000590524985028944
BWzxqBOeSYhO5PXPyl_1sA,4,
BX3LLonrLLLfVX-tNrE7yA,48,-0.12244343891402713
BXDV7WRidHmDl-JwLQBxNg,16,0.009497378970089423
BXe5B90zjH-sI-8krtLeFQ,7,-0.006521739130434783
BXts3uf1_sjSQGdOLby5AQ,7,-0.0009178705403463965
BYIdoTPGryS4qq9BKyxmKA,17,0.005374887082204155
BYTyDKOBdCxI1TkkscNpIQ,12,0.0017236586043925491
BYp_0rYXtTgIsSuKbxRc_Q,57,-0.0003590645801825161
BZU9iLoVPeBzUlp1s8756A,84,-0.01189138155824304
BZid0h1ggs7Dr3ZiALzoSg,6,0.00045948072383949655
B_8-5zxTrGBVX4HZBdhWvA,37,-0.030463286713286717
B_Kk8Nq9NqfvwFrN8uOR9w,69,0.00484658979871018
B_nllxux4qLBMzVHG_pq9w,47,-0.0028131551067330876
B_npHzpQX8Tq1AQWbOXAMQ,5,
Ba8rXjjxDOJwxj48dUInyg,9,0.00043991354742459323
BaHKwFGTuQGy-kfQXkfQeA,10,0.002314327792972859
BaSwNEingTmrBw4shffK5w,55,-0.05469337765724785
BaUs3aLgpb0BKuCghvW5ag,6,-0.00019264523310073205
BartDNNQqfuah6MPqLruvQ,41,0.0022106859735444664
Bawf-t1gcb4TAxS4NRSqhg,40,-0.0018947028944610173
Bb3F76xkJrA-IwXLNK52RQ,11,0.00037593984962405925
Bb3gOleSBIq9CYtVtfmvUw,14,-0.0011131725417439693
Bb4mYZA4qda-2OP6Gku0SA,20,0.006540447504302925
Bc3zpRSQ_1i18SDI1eb9cA,7,0.001021843761569789
Bc4IerNtvAJuRMNbwOyC5Q,13,-0.0014513788098693766
BcsRUZAeUiU6LSj7Ovtwxw,27,0.00017129757916215356
Bcsx_BkUCJxkZ0IlvOmBzQ,10,-0.003201302224633749
Bd-ferIX15EzxHI4KrpKQg,13,0.0020857782993705326
Bd8qNRM6PUGNdPvtIcDuzQ,51,0.0006384119502736937
BdTbH72RDWnPu_Qcev0ziw,38,-0.004219195896398513
BdWmI-F_7ajVToqDDL5A4A,17,-0.0069493006993007
Bf65X7McIKtxAhehA8jfjQ,31,-0.014962010520163644
BfQ4W2cNB2ZSd7yaAhE_BA,52,-0.01290623179965055
Bfjx1m4INbd7DMQ9pMfYww,17,-0.0069519210064905084
BfkpJQyk9AcMd9fDKhyJ1g,6,-0.005749128919860628
Bg3hST859sBg302aXbGkyg,14,-0.004524452445244524
BgQOm2TuoF1UmD4e7BOUjA,96,-0.058770474808210654
Bgbi-v7S0vW7WumMuR7RoQ,15,-0.12267206477732795
BgzHXdhg3_-sebztuk-KzA,11,0.1076923076923077
Bhi6oPbGK5zoyj9qoRxzfA,68,0.0007773444305952051
BhkuEhNPXGJV4jpJqO2cuA,6,-0.0009922116718233229
BhotShkJ2Nyk79YB3WiEAg,36,-0.0159020591059426
Bhz9yYEpREoiBH8qrPfC4Q,10,5.265005265005274e-05
BiMzwRR4rAmACrjAJCM7Dw,30,-0.00010479484028313688
BiPEA4tJ62VbrrV29YrrHg,6,0.0010651167683568274
BiRK_NQSTZ-NArs00xcXsw,9,-0.019354838709677424
BiSdlIuOlf6MqyEZ6aWhfQ,120,0.00752316042146665
Bih0eT_lbbCUwKmGYpX0hw,55,0.00378988875603446
Biidj3QszVuVO0Q85g5NPw,122,-0.009701796625064233
BiuIf46UxUAWTNiBmmcSWQ,6,-0.005033373454426087
BizQb-SEiGjln1UMkOBhrQ,9,-0.1978021978021978
Bj3ghHVtymOKMf_FFeu-Rw,22,0.0006278480343399835
BjVRG3OIeEp8X_x5tv8h5w,40,0.004890936187508469
BjnDHAsCzklPkzcbgm_zGA,11,-0.0016849859911048416
Bk3jAsbl6cMLulBadU773A,6,-0.03571428571428571
Bk4I9v2Hk2u4Rqyl9g1GGA,8,0.002016129032258063
BkHqlLR9Q6_HVUXNg2XBxQ,7,-0.0021879021879021867
Bk_1vsPtOtO0bojfQZQIOw,29,0.006742511220123162
BkzPB-keyU1Ri1Fd8YuiAw,22,-5.560189046427588e-05
BmRiZG7YUTQ1lfK61J6zLA,7,-9.75514583943025e-06
Bmh7d4yVxpgLPQ8KLcy_4Q,33,0.0024150268336314844
Bmoc9P_qcjuPvVzwOWIXJg,26,0.0033391030684500394
Bmyp9E2iedRAjv_oNmFVsw,15,0.004457806344598797
BnX1xUs3ebepysPmKDFChQ,18,0.001548566824618662
BnffoBFNuGmNAksel7AX8g,89,0.0002843708016121808
BnnX18SkiQuOUExbTIQErw,13,0.0016390318277110737
BnprLJ4Lr33--YjTmgk9Zg,132,-0.02988706695603247
BnwPx4GPOfxXZk2G-6oDwQ,47,-0.0016380544556371002
Bo5OP6v12_ID6TFKEKZcdg,9,-0.06088751289989682
BoeDuMEg9P7T_WyQJnuA9g,26,0.0011878065008994801
BpCi_s4hDtw7ru_hf2qpIA,7,-0.26212590299277605
BpIwDr5mG6wG5-Pxu3yxSg,50,-0.12575757575757573
BpYWa9VbWdhNyCEHI-xfOw,6,-0.006346427399058977
Bq94p5SNIrInYCJiYwwyRg,10,0.0017782717421505972
BqThEfcqQD_N-FWoVRyGiA,5,
BqYv564gTb64rkArp018jQ,10,-0.001661129568106313
BqoOkuGKlbDI3L_A4I3pkA,20,-0.0017110458641287842
BqvKbM7EOI0jXs0G-h2C9g,80,0.008318708318708316
Br37ifeGL9K3Yt2skPiLjw,51,-0.03185827804913611
Br673Q8kCKQtzolARAjUcw,11,0.0015448319796145882
BrAHIFFybT7Cr7wF1gXd1Q,6,-0.0016941391941391942
BrO4rhvgGU2vXx4cvVJIpg,5,
BrYsblzvygkDG_--9suxbQ,46,-0.004718584953418613
BrpA0juNbOcbCxCdGvCIYA,7,0.0013233159737044307
BryQISFnkCdcJET-tpAx3w,79,-0.02405440577641576
BsLE8Hd_ZbWhhYpR4Q2vFw,6,-0.02561576354679803
BsR5RIMJB5P9f0-SDMZHYg,27,-0.006467216993532782
BsRbHnmuO1dUfrbtxpxdIg,5,
Bt0Hz5LfGhwz1dK6MwcRUQ,6,0.0017979904812268643
BtXXYIQosyO8SbO718tXVQ,24,-0.10652173913043478
Bt_GzREmPMgYZGVgTMlWNg,18,-0.0024366110080395803
BtcOytu968lkyyO0IICv8w,42,-0.032637115875603674
BtxUZn4d7yxsHwdlRq1dkw,21,-0.0842911877394636
Bu-hZZaseWQ6wb15DpkLOA,14,-0.0004985044865403784
Bu9x6JH0H_b7_R_X53glOw,21,0.010854816824966078
BuEEKAmr1JDfhwG8Q0ODoA,5,
BvW13Bt772-wq6BXiF3nLQ,8,-0.000948509485094851
Bw-FkJ8ZCYFg4gKzGGCUsQ,17,0.002363170809772752
Bw0cpnfI-Y9QmjWzqS-oFg,102,-0.003210536182977128
Bw5UCOVXroCRve-hpseVlw,9,-0.0009499451954694912
BwP0b-WOMiwFlTeVzEwWfA,9,-0.025609756097560978
Bx0qUP8GYz2WOElBvwDNVQ,7,0.0009120583717357911
BxFVadUslmGpxFTXhqq7Gg,12,0.0007546251217137296
BxR5hjyBnJZrm_nnaCtGQw,14,-0.051184110007639415
BxfvdHqETU8jWYUjx5OL2A,108,-0.17994464306308386
ByMJ2-lGfs7_HivOoApW1w,56,-0.016252892909741218
ByeT-qLkYOT5pSOFt9iDkA,9,-0.0004996179392229471
BzDbphyIfHWZUoaQQdAUYw,21,0.001505671166104237
BzLWDaIPM21GCpzYWv06KA,4,
BzQiDngZIG0MfbjJFg-yUQ,17,-0.11029601029601031
BzYlrtKVKZ2YZV5mCMXBuw,21,0.08669108669108669
BzauSeRMjTiYoRRMRDblNw,11,-0.0002834890036107548
Bze5Vj4MmcE0KHGy346xqw,11,-0.09558823529411761
BztSLUF-sqzfl1dPLdNcwA,13,0.00018732485126406818
C-4Nn2flVd2LCKPpzfXzfg,90,-0.006455676271453315
C-JAsI-tgmf_eRmMXTp9Ew,28,-0.06983805668016194
C-cIU8UJjdSEuBxkbm4Pyg,35,0.004937601736299512
C0NSUnH2ZtKtWBuD88aEsA,22,-0.021555968924389976
C0ZxJF8o_CEDKtpRQ5kGTw,13,0.003544026306174644
C0_UsFrWCXdHdPFTb57Zqg,15,-0.004136874361593462
C2KhibuDzv3HJvZubkHTJA,14,0.0014477659769273027
C2XaAQrXj5UUWaHRw2CiRg,38,0.013030713640469739
C2_qmzaYr9o0Yk5Ya5RkUQ,8,0.01811134601832276
C2nJjRwdcC8pNrLUsLfCNg,18,0.0035724575050417743
C3n1MJBUY6Ll_1sKjlcNAA,17,-0.048560135516657256
C41wdAO75BL3xXpSDARcpA,6,3.075332595723281e-20
C4JRZbx9La4VONDO-zEkgA,7,0.0005796479175611851
C5MdSiVtZKirRghyh08C0g,81,-0.01553241878546852
C5yTz0UXLLRQj4J9T_FFsA,12,-0.004000680966973101
C5zdtQSfK_bjWi81MMI0SQ,11,-0.026315789473684213
C6K2OcRaErd1sYxBRLLQ7g,5,
C6ZTVm4BmpazpUTNzgVSqw,10,0.0008041494109605565
C6cOQD3ELF38AeYgtfw0Dw,64,0.0048599611203110375
C6fwGCGAEMMNzAPkeAgQyQ,21,0.0010147049038525516
C6glRVRajUc-QGrsZhurAw,17,-0.001581746920492721
C6mhivnB36Xtlha3juIyRw,5,
C7-biE04ycMX_riCKIWLlA,30,-0.023042603446767562
C72KQ0aYKFREtkbLWRXsVw,9,0.0018617021276595743
C73iFAmwEntIONkbd5fOuA,8,-0.0038461538461538464
C73qKghiS8ZoFM6E9DYkQg,51,0.002986913584856349
C7UNcd4OuXxOZUU36tBalQ,15,0.000588167454734171
C7ZNfxgDQWinNzRfTkevxg,42,0.005949048152295634
C7auHKLzJgVC4ShVyijP9Q,7,0.001676751476270321
C7diOJxxEOJyGOc41PWPRg,9,-1.7797202797202794
C7tsqS3EHvh8TTbrDHGkYA,2,
C809UuprygJyEgJw4wr2Pg,75,0.008030431107354186
C8IVH04NnrQ9gINalbiI4A,7,0.001224489795918367
C8_zQVh3L7-yFazQs76fzg,24,0.004554455445544554
C8qLAGhE2UP3NgdShFuOPg,15,-0.5464285714285714
C93hmXkaRnej-jg0Z0ilhA,10,-0.48484848484848486
C9C-JQOdb5iywv7MzBiUVw,10,0.005970473295701259
C9Tz2xr7kozygfeGSb4GsA,42,0.006292749658002736
C9UylQTOh7uwZo4a7QhLyg,52,-0.1376388077147867
C9bD25sowxyzHn5IhVroWg,5,
C9d0ZfAbgxDdBFu6JRHeZg,6,3.499256408013313e-05
CA3AOxJzSAPrsR6ycdPU7A,6,0.0030470146810707365
CAIIPqKY0pS0yQ8fKGlDPg,4,
CAMIAMKJMaa9ivYyMsEcDw,26,-0.0013182000983064483
CAnV18mOhhpQYlOqF40-Dw,19,-0.009755206430398245
CAuXO9K8MZFghhy0oJUL-A,8,0.0093475073313783
CB7nXPd5h_YLzcgfDo2DCg,14,0.0010828233990581948
CBcqn-mhXgWfZIreUWHTYw,10,0.00014998125234345704
CBygzH3_5D_W23q9M7FaNg,103,-0.004765841304832761
CCKEyg46JMgyZBF6iOfVnA,8,-0.0024509803921568627
CCKeeDP1tdA873cM8AVlJQ,9,0.0009268841394825647
CCO4JGE0K88eeK0RzBu96w,11,-0.0017421602787456446
CD0sZ2CwiWRuCtBbPipnYg,14,-0.009662288930581615
CDG9wwQI-miX2Q7mXAgPLw,5,
CEnTv6oyopMJZHmC7QRgqA,13,0.0002461322081575246
CFPWVAFSP3Ktfe-cEXeKoA,15,-0.00041441595930149497
CFlW9bfl4N63fZpQsZIkRQ,66,-0.03622419448196026
CFxs7aHPs60lgQmSvAkmPA,111,0.00901076590174445
CHF2-jj2ebNq2sne4q79UA,30,0.000996917142098619
CHVllyPyVszUQeGEnQQGeA,18,-0.000733843604513533
CHcpcv65XtaGuq4gogzpXQ,3,
CHvHjQWozGQiLLuTYj0W_A,6,-0.0006547304273375139
CIKXmAMtVM7pU0rrBQ2cBA,38,-0.002162012132101864
CIKlh4vEQy6d1lanzmDQXw,10,0.054695562435500514
CIct-LkqAJo7dqjG7EsNHA,4,
CIj45EneoM8hkcFGjuY4DQ,6,-0.0033056779880736337
CJJRMvWMr7r2MGhLg3Ij0A,28,-0.033860342555994724
CJNU0cYlSJVg07IVOc-ayg,9,-0.01671122994652406
CJQWVGOAKm1l1dh1VrASVw,25,0.001693147731533558
CJZbAeev7m4Ez414gqrU1g,6,0.0017001805129927376
CJf5X5h0OrUdqi7eC2P8CQ,63,-0.01359496482784154
CJkBaoXWYI5FwjxmVZPbyg,5,
CKyeKODeDG9WNxzrkn7uMA,5,
CL1kpAsyhhb19w0aWDOLuw,23,0.016380090497737556
CLIsXugvRCV-h_Suc-xN2g,6,0.001574033868866696
CLO__1OoB4FGWKlwhJGYQQ,10,-0.003143150418555426
CLVICRuP-1DilA-NLwOGvw,6,-0.22727272727272727
CLw-I3X3X8l1V80jxPv3AA,42,0.0021554662920886826
CLxp3JZNCLppIMHRUB3I-Q,6,0.00028735632183908046
CM5Dq-mKnZYdi9OlVluehA,108,-0.00038287504350852764
CMLS5r0rOAWqlnu5lnC0TA,6,-0.02108013937282229
CMVw6Q4k-k5-ZOhA03AShw,32,-0.0013410626986883232
CNMKf5yd-2KO-3frB4uWfg,61,-0.0031766029246344217
CNSvf0y2fXeOXF18hKxCNQ,7,-0.058823529411764705
CNVC7kz8xTaRMOiE7XdEQw,10,-1.187878787878788
CO9r8EOwyuAdgKHkr36lqg,58,0.002600257834554944
COMbxg_qdhUAkR7awxkT6g,62,-0.015857560161357632
CPdzdO7YuxFSUOWYhqthOA,16,-0.0012576896787423104
CPgWuWGZ4v2sZr5_-1kluw,20,0.00034684490735994647
CPnJ1-2f3gJk-bN2cH_u4Q,6,0.005241935483870967
CPpZTp1Lezhsfan8SgJs4Q,48,0.0005552935708964661
CQgCsfUUZduNz0fNyeAsyA,4,
CQgupIpIbkyiVLUEcMIRCA,58,-0.12209234365867913
CQhY6tuC5lztz-7uosT_5A,11,-0.8999999999999998
CQkbjIY5Jb9qJyHbTADMDA,23,-0.016044080706587794
CR7A7uxsq46VbjqwMZeObA,25,-0.0036051695024469552
CR_hm3-T9HEGGWTElXErRw,16,0.0017563082079211116
CSAJxLa_LeuIDe-lHrC03w,10,0.00041993281075028
CSCm7XPkoz72Ovfa0ugu7Q,6,0.0017345050878815912
CSJLpk1Z233hOPoZFsBl-w,14,-0.0003404834865509024
CT2QgcDyqc5EmJ4HT18uSQ,41,-0.005466830466830466
CT7XiNIjnbx4zqjVYmtF9Q,12,0.0010660980810234535
CTCYk-k84VA5vCkRgv03Dg,10,-0.023359288097886535
CTGvOtbw9dmxtMnZe8FxPw,15,-0.007936507936507938
CToesleRmkTElhvXhA4nUw,23,0.003889090781579734
CTvOidAcbsTaZKhOFmh1Tg,29,0.001341245935050727
CU0yiz9rIm6cBkdCGFwJiQ,16,-0.011830483753342516
CUIPL9NOTvrMTmO2tYeiBw,3,
CULJob5q-m4Y9NX-AGG_oA,5,
CU_P6jdPiYR4LWpDb761Eg,5,
CUksnsKMcWykT-rm0Lnw-w,9,-0.2073529411764706
CUmXZEwtHja-3bZ7T2atEg,21,0.0020181514210652015
CVJsqDS_XmI0CGbLC1EclQ,42,-0.026568368340520235
CVK8ENkVyoxfIHdrupIc2A,35,-0.009215516667775635
CVXPA2pB9YWJWwUGl_cECg,54,-0.028505122761381965
CVrU9WrUHs2SShb6RRMwVA,67,0.005924059533575531
CVwyghKKXFyWWQiI3ovaHQ,12,-0.0017976280562155306
CWXgDLJSN5ZMhrm6YjKXNg,6,-0.0012362637362637362
CWoOZKfVFh_lVaOPhKj9tw,9,-0.01733870967741935
CWtiEPVlirbiteeK9U60lA,8,-0.000170697012802276
CWuEJwwbQeshZfXJ0YhOzQ,5,
CXC1QLCiF7eTyP8_4JVuKg,21,0.01464093701996928
CXdp02VLnzNlILu9R6Y_wA,9,-0.012210012210012208
CXw0reinHayhSMvwxkNORw,20,-0.02217741935483871
CY9cIgT7EU0ot-3WyiOAiw,56,-0.0009566450298980111
CYEX-wXbW2bZDxk7nH60Vg,25,0.0007303447568934295
CYSPKiVdoPX3erovujnE9Q,62,-0.2516712454212454
CYZPFztvMTvNpXhd4ecjOQ,55,0.00021297337832771
CYpWfYEed24PSYHwmV5_tg,15,-0.0018617021276595743
CZNKuIB_TMfryRcT48feXA,31,-0.020023275939243825
CZuC-Yp3O96vUyk-mvAd4A,5,
CZyOI0tkdu4y35xnNmamlg,6,-0.006644518272425249
C_0iYuJI4uCVM-fC4AF7OA,25,-0.0006985926900880833
C_EtrXTygRX5RTUOKtO6Dg,130,0.00958042623915791
C_Rv9_R41_8qAz1TA3kW7A,12,0.003914835164835165
C_lyUPmRABHpE0K8C9TxFw,28,-0.06111535523300229
CaUkiaJhMKUgPg3Dm7sRwQ,16,0.0030622009569377974
CaXoVgnTfQznEN3vToZbUQ,16,0.009748460494729152
Caa9ztEvZaPTaImViy2-zg,12,-0.0003691045796308955
CamMWFlgtWhr5ucQOEV7Zg,30,-0.009259259259259259
CatoRG04GDTn0emzbbZoaQ,15,-0.003122560499609679
Cb85PgiOfcmHza5GQFTB6A,62,0.009667977970102283
CbGP2eUbHu8Jyl28yYmG2Q,11,-0.0005441821486487963
CbfI2g0ZJUCweqWVExU51A,14,0.001039570757880617
CbvpiYuWOHfPhU4eKGNf6A,13,0.0006053647844692624
CcGMcTXZQ9_lLIrpLtAZGQ,6,-0.001961540935108367
CcHbzM4bTBCHXe1YiAwAYA,37,0.0010901162790697674
CcP-Xzb9HdZU63yW3YAVoA,5,
CczaLGn5dIbkiZ66tlz5-Q,21,-0.030303030303030304
CdiIirSjwWzfX7XsSCk-1g,93,0.0056408439615808536
Cdt9D6XfEF7FBHRBbj-BgQ,59,0.0023702868086390196
CduRuby4OoRtTHYbYEZRlg,8,-0.014553014553014556
CeNiaICi59dWhfzfKnh8lQ,74,-0.005343272618448438
CeTWrmbkDGBnI5Ruv3v0Mw,9,-0.005900349650349651
Cf6p9CjO2uACyz_cSKhJhw,11,0.001777330650570087
Cf9cdIHKEZXVPIysDAqQ7A,3,
CfQ7JZbNDQFaFcwuoOv62g,34,0.00793989584222659
Cfpv0IjS0lI4CgF1fpbF_w,69,0.011274972134099285
CghBPM1wn14hKNpjlWiC4A,15,-0.00022314455304146027
CgweZJAp5Fz-2XzjPE4Htw,6,-0.00032365951019527466
Ch2Hg3r6n3b5RLY9hmwrUQ,64,-0.016201406886338393
Ch2TWEHEGgab5Ec-Z_yM4g,17,-0.02938775510204082
Ch3YD5HfnjRHQ8kxRq5OFg,12,-0.0005627545353572752
ChAVUpsZ0GTZ4m8T10ACqw,14,-0.023136818687430477
ChZvQI5Uatk8W4MFduMa8w,23,0.002667235676944416
CiTYWOKcXTZYztsT43wb5g,87,-0.029735605582439175
CinrOH8rMB2hEvPY_iFOHA,34,0.00157578270785818
CjQQGFHyijhU76hkMg7U_Q,6,0.0004537205081669691
Cjwb7VQGP0u2eWYj1wnO3g,137,-0.010131838471919443
CkKmZMDbIeJ6LoDsbJf2og,24,-0.005235325224748812
Cl14jgWjX7cDa5uKoeadVQ,34,0.0008257042971991346
ClIkpkKO-Es8MHlsfDOKMQ,72,-0.0013818516812528789
ClItrcjw1Im2qoUS3vICnw,6,-0.03076923076923077
ClJOFxt_rpMjc-ZliFUKqA,9,-0.01287001287001287
ClMlpl1TlIXLMkZYUOfChg,5,
CldkS_vTY-vQKYw3LPXpuw,30,-0.0003383678365990952
CmKp4n_4CkTup0ytosCEXw,20,0.0009860241790276944
Cmfs_i-FtaR6O1C07OEcOg,23,-0.30700778642936594
Cmi007nvusvrE-ary4Xg_A,12,2.8898602030126607e-05
CnL9asvqi5hwXc1sj7bqig,54,0.0022015986993632252
Co1VRgb5G32AvdKw8BoSmQ,26,-0.06707517233833021
Co3Ogqy6y2JgZdG0wBlrUQ,133,-0.00403184975794215
Cogh2FfWQjUTdB3GQ9zjZQ,7,-0.0015947467166979382
Coux-ZsMfvklHclKLliHfg,17,-0.000582084349947717
Cp5vp6LVGudRE6WXwVwEaA,5,
CpBuc0aSueBpTXce3fJoRQ,31,-0.09293504030346136
CpV8X8DHk2VqWo11CEde-w,34,-0.13319838056680167
Cpb4oUGR5XlWIx4bNGvORw,9,0.0006483871369967207
Cps6aUHXsIH7HPKdMx__cg,5,
CqpbkSMqjeJrtc_3uC-z0A,47,-0.002802708234923634
CqvSL_VPlESfl7QzfBGqwg,102,-0.0004677548378429556
CqwPurpyPzwGs9chhrUc3Q,15,-0.08444444444444445
CrOwbVPaqvS42ERwqxwKzQ,13,-0.046798029556650245
Crd6jbioxzgd1j2885eCHQ,4,
CsZJYRcHFzkhqGBBnoIKaA,81,-0.005257539071098394
Cscank-XKITnfKP5DRylrg,46,-0.0031412998149587894
CseAWVbUataNvubmxtyaHQ,6,-0.1
Ct23NeSxZrayJd_n9pkK-Q,31,0.008884200656352554
Ctudqb9DOaf_BTxOSqwA7Q,16,0.001361933946203609
Ctvo8tFJR3OwDI6lSKGBCQ,13,0.0017135536219505686
Cu7gosOTjGDs6p_OPhtWSw,9,0.00039807317972821455
Cu9U1x0rurDYlj0_7vesAw,29,0.0010719192523771298
CuTLs5KCpR-6QT5oMVZB-w,7,-0.009127351218008017
CuvEvIkPvYVvVvsWDW4T4Q,31,0.0028076021226706165
CuyQt_cUFS1i738GXTNciw,144,0.001937302591643775
Cv0yn-dxwg9lJVhu4i66_Q,5,
CvDPDrGIMUQsZ8NeDWu2Ag,8,-0.11666666666666667
CvPmb58eQQbhL4BHQ0u02Q,6,-0.0022408963585434185
Cvd57Nek1j5Qm-ZJn2DSVw,9,-0.1357142857142857
CwOKlv6SkDRfRbVOS1o38A,46,0.0012612413269902489
Cw_wZwxwQcLECIx7dBPZ8g,12,-0.05518207282913165
Cwz2B0bXZXwCZ6Ru9-P6UA,14,-0.0035561877667140826
CxXYiJBkq9kqsgtdagqVgw,93,0.010486970378702658
Cxojgx6wYWpa5ifSBbXekg,5,
CxxE9tXayYmeoNFy-PxlBQ,13,0.0012942384076404698
CxzaEZX7Zu8xHBqOBlzqFQ,49,-0.06126373626373626
CyKEqW5UjhPB2pMEPrUsYg,17,-0.01140918902251002
CyZrPCmQqMbXdD6SX02f6w,25,-0.01653708503023571
Cz-2ekKVyKheFccKtYP1YA,33,-0.06990830786329535
Cz4YI2kwJe8h-VgAnR7X6w,16,-0.004932622475966583
CzNfFYkI5syKGZnOuWSfYw,15,-0.0003341095474334314
CzXWmMKaU9gYJm3sJIlo2A,5,
D-2IC5xzIIWnxBYw7Al5kg,9,0.0026740134510979657
D-7A7PLj1bMvSKiHR6oSUw,8,0.00042993941762751607
D-Gxa1i6RZe_9QGQ9eWZJw,7,0.007223942208462334
D-_YWOPwibDCqWNxHYqUWQ,7,0.0013670539986329457
D-asgGqcutlSSXpNTReyGA,8,0.001422387136672851
D-f813jeoUJxs_-rujlojQ,15,0.001327922174808272
D-xMOgd36hqlyfbmPlKDQg,7,0.0007418812989921613
D0fanJRjGeSveHiBoWbpeQ,17,-0.21568627450980393
D0gEvEMLeag7CtcaCCStPg,11,0.00035164438834163605
D0uoz1yQR10Knf_N_TCJ9g,4,
D192-Jekm0LxaUzKYeynqg,6,0.0009872886585215355
D1Z06FgUfwdV9dhMW1o8dw,8,-0.09387351778656126
D29nUZF_33wCe5cAirHzZA,14,-0.00114401430675363
D29nnEUAZgPPM9PF1h_0JA,5,
D2C_oX41MdCWhPY7eD0FVw,25,-0.0010383349073586113
D2OcZHMkznF5bbelwZ7TPw,110,-0.0012966168371361141
D2bbNgi7HlkxbXk4nhI9yA,6,-0.000528336444647952
D2be1nYeXrn-1F5alLIVEw,5,
D2gONomZQyRjxR3TMHJovw,40,-0.031024149479992956
D3X5ajVPRLdsSYywnSnsfQ,7,0.00737379466817924
D3se5JzK_90jCX6i7UqNUg,95,-0.007515000666696296
D48I-imYNjFo9bmsiZc-YQ,46,-0.039119089865358524
D4AJVjAiJULF04BjN7bhiA,31,-0.004955212502382315
D4DZztR7vkbiED6txGUYFg,44,-0.01416267942583732
D4JkGE1gin-jQr1E_Tn2Xg,22,-0.0035838578304331725
D4N3kguo363wDH0S1yp6uQ,19,0.0032746160794941285
D4PD-ZKV06keByyoouJzhg,37,0.0037149917161904663
D4QXsX1dKYTb2W5nUnAStA,8,-0.0036039909457630977
D4Z4Wun4iYG2C4AgVkarag,57,0.005138335018202793
D4nBEzrfPgblamQcCCUe8A,7,0.013043478260869566
D5KUjLVbe3CXIGlIEzUWwg,28,-0.016615594143684038
D5V0Fawd6ODVgqCY8xngsw,157,0.012453084457431884
D5jAy5ev1lW6mVlOpiyO3g,10,0.009897959183673468
D5sobMXHhktSZUnWtj8I0A,10,-0.002588456319799605
D5zG92TEkRLN_bseRIQiuA,3,
D6-z-iVxQmKGGeV08_xFdA,22,-0.046438482886216464
D62EhS3EBXk6WulVteKBLg,6,0.017156862745098037
D64SJopgUAeXY_l7tX8klg,30,-0.01836734693877552
D65f1izTlcBlUJmH4iQW8A,31,-0.027777777777777776
D68heP9g3Auuz3768sl2HQ,5,
D6ITIj1MwI1aZP0X-DceqA,31,0.008442142214992081
D6RHhqoMP6AaRNUbgeCiMw,42,-0.07592910234419668
D6T7YvQlBSy6edaIdCLQUg,9,-0.003669289202387411
D6tv78balxSAdiUjuM8dGg,50,-0.0011846261846261837
D6xXxefPLQ70JhDKEQk_3Q,15,-0.001495502655059062
D78Bs3bESvOJzpdnL84tLQ,12,-0.001202176202176202
D7CBOXSfm0RetkuMbJ0KkA,55,-0.001735947094945677
D7WsVG8Rwyfj8-UC9u5p9w,11,0.0009115846694510167
D7vuk6xnpig8gk32Pak61Q,9,0.0026118366212836896
D8BMs1nTggV4e2w2TdKLvQ,53,0.003135498320268757
D8NEBGvh1DVHbyEs2cWVAQ,42,0.009263321125065038
D8kaGtgZ5ofwq11EX5fczg,26,-0.0069091880749704146
D9Xez9uOSM4DgSjSTywq7w,5,
D9_XFaD9Zi1F3REIiyh37A,25,-0.07662835249042146
D9lnOVIpb-0F9DfcQN_rgw,8,0.002348690153568202
DA44mAX_6Hq7SaPa91m-cg,5,
DAD2VbeD0Ea_sO_kJD3zoQ,8,-0.0055335968379446624
DAGbCH6-lWHELaKpNoLpVg,8,-0.00041613365596535295
DAPtNJ_fF203bJXBjbPxJg,6,-0.004618750506441941
DAbpxhhHOxInDNLdvWrTTQ,140,-0.0032858707557502746
DB8YfpBxsPlxDcNhfTKOWA,96,-0.010283319878522277
DBSsY0WloqbYcPcDJWeKOw,28,-0.16338259441707714
DBaRIJ-g0ydlMO6xBv7p_g,21,-0.0007825323510325608
DBcy7rP5chQyvZ4nMTkBFA,6,0.0017227346717308735
DCkboujFVLvFiAQ2qnBWig,15,-0.005922792173453199
DDFnIMsUjCHVOE72y86TfQ,6,0.001636427535913544
DDSlaH86g4liAmxA1pN4OQ,12,-0.010918367346938773
DEh5BPKE8LHm4PUsH_E1ig,22,-0.032457786116322704
DFNZQNWuuuzvaGKSXonY3A,4,
DFZnh7ApQMk0nYvwTlRUxw,17,-0.0003125616898071989
DFewXTd0J-u-3kIzOES9zg,14,-0.05934065934065934
DFjtOliGn9b_DLXqY38Mhg,7,-0.00023579201014970513
DFz52Xfl1T6iRoQhUFlRdA,5,
DGFmJcw2kmkLR4v4elw9NQ,10,-0.22424242424242424
DGY_XF6q0_-I_zQoeewlMQ,6,0.044607566346696784
DGeUJFwqY7Y_rNL_naQHAQ,7,-6.144393241167533e-06
DGmOEou-hKHkQlyOmtRz3g,7,0.00932009167303285
DGowEJK6gOUUIyv0GgNR6w,17,-0.0015751811191608517
DGvkU7CkdBs6lNbncQmF3A,71,-0.01181566820276498
DIGW-yEmaQeEq_SJKvbZyg,43,-0.004571428571428571
DIG_4Jkj7YxgK7vha3XO6A,74,0.01007168800076177
DIdq4o8AUR6xYPPPoP8sQw,5,
DIz7ET7IDNsfvYp7p5RZyA,6,0.01071428571428571
DJCntfqFto6XCdPxIpzNaw,9,-0.005627705627705628
DJJtybSWY0BygESsSrabqg,36,0.001388544507810563
DJSqD28YqU9tYY2tESGGEQ,6,0.0004823747680890539
DJZQCN0NUej_EtviN4rUlg,10,-0.014615384615384622
DJk8xrCvpN9MmG6mQbn0lQ,41,0.010956718861508757
DJt7e6ID5I7Wvc4-Iu6ueQ,4,
DJujODX9OTMuveKxMEL0zg,12,0.0016762898118830322
DK7ljvTHet2H80iUedvWpg,8,0.00025260290822826526
DKGZTo3sL5HTj1JnP3bxRQ,15,0.00046253469010175787
DKRssfE83bAnqHvwXK5DqA,97,-0.0018435746553762664
DKXeB-JIou5XPI49CzITuQ,55,0.003998536917884517
DL9Oa0S7BSKrpFRRL8Y8Rg,13,-0.03763213530655391
DLM7E6lrW-zpM10RJ4fAeg,26,-0.00028451429345617134
DLQO-0BnlO3emlzZyEBbIQ,16,0.00365686944634313
DLasGNHo7wicO4XlEy5QyA,9,-0.0009907875808587456
DLoLJPqY-LWfJsVZntJYjQ,17,-0.002138968109929998
DNA6jRC6wt0QXO4zN-BdXw,5,
DONT5k0tyFreFzJQXQWsRQ,33,-0.0006297446514837818
DO_op-iq4qoaOBEhJH6EdQ,41,-0.1492857142857143
DOl21AqtT74dUZ3kvXNNcA,70,-0.02847786811201445
DP01l73-ZinNADAv14rfww,9,-3.472463365511535e-06
DPO-9YTlStI7ihLl-wUN5w,17,0.0030760712418099593
DPrljq4TfnQe2UK5TR1K7Q,7,0.0003958134248604757
DQDZQp-THbeWE1uQ7CNZ5w,15,-0.0007434781657956309
DQK60HvSqp7hVJ_T77bwxQ,10,-0.23776223776223776
DRMEopD9Td8OoDk-JWm1Rw,82,-0.035374411227530524
DRYgIg2oiGmHZiWinNgXaw,18,-0.0009847480725073267
DRiI7iYr1UNbA8WXDBcv_g,27,0.0009395184967704054
DRnvSL_I8MLuTLhl6O4JBQ,22,-0.08669108669108669
DRr5xdfHtqgWfhmdTU1B8Q,131,0.00877269147042589
DRrbFtfJLyl7d3r6_MaMZg,5,
DS-aX6GzBVwRpIzP8luWBw,15,-0.026172607879924956
DSGHZnDLRbR9wk-u1trRUQ,7,0.00026036898004028566
DSG_T9HfKqdWxzwMf3DS0A,27,0.003026393474885745
DT3ujxJgs_OTgC-ZYf14Fw,20,-0.0901477832512315
DTExHg2DLquVmrjjQrBEPQ,9,-0.0015780245470485097
DTO--9INooXm3UqDMgMiYA,5,
DTbKzkWQGWJsHvhE6OcUFw,91,0.004931960544315645
DTwt8_pCuGyQbiIfXNdhDw,89,-0.0011075304624072668
DTyeAYLV9YCc4mG5XTorTA,26,-0.009534769028439914
DUb37wPM8xzM3HJtniNtOQ,5,
DUob26H7hiDCM4ubXMsn5A,24,-0.01589713617767388
DV08ZJKq_hPS_6Q8GKt0pg,11,-0.0036284470246734403
DVAyUdKXfZT0uhX-T_i_cA,34,-0.0071057245685810086
DVR9O8RKQ6YBdJJ6LyUL7w,29,-0.003533709896632127
DVcUOGr69wMY8-8n32KqsQ,9,-0.02865612648221344
DVhGDwHM1J36SulNSKw6Ag,6,-0.0003166507398883805
DVhjFN8N-jpw_EC_-Uoxjg,4,
DVko5ctpQ3d8bJxcOVLJyA,16,0.0029959810010960902
DW2aLprOpZfW-35l-_aBcw,9,-0.0007966716827476322
DWSucZb3RP2E_ox8hXJVug,13,0.0003463076772997756
DWsaDQZjKDcCqFw11uDZiA,27,0.0039357810594770355
DXNKGOCVmFP5iU8owhK2Fw,79,0.004019675252551963
DXXoCDfWrTFAjVqLNwSAiA,9,0.0002374793993774034
DXYhpEv17mWqSqFjau7vhg,66,-0.01667140825035561
DXZ1v8Kqr_fB9knSByVKrw,31,-0.008876244665718352
DXc0jSP1Kpm5jtck9o7zlg,6,0.0031588832920686418
DY2-gIyesL5S5_DZM2TqeQ,5,
DYfnzT72M_t4htMYiOzNNQ,21,0.0024602424814989775
DYolheNYiFUtyvbeu8nesQ,7,3.48068221371389e-05
DZ03mJdNvTMsJCCLouRXUQ,20,-0.002866715368919565
DZaHxnUe4QZRqY16g_2-fw,10,0.007692307692307694
DZglT5FP5VNDQJU3PuRIHw,117,-0.055480287223953394
DZu3Fh9YejCK5YNyxUx4Bg,9,-0.0010351966873706005
DZxyXqQSmR59wFOTT7UJBg,7,0.005666049953746532
DZzZwAWTgMiSHAyPrVgqOw,15,0.0007735045578548142
D_JgJY5V54i0EYOdTHmWlg,61,-0.0027243589743589742
D_KGxZF6BM0-37pIyCCoQA,5,
D_jS6w2j1mFzb2KoYncCaA,42,-0.004010489629958657
D_xImnAQxQh4nNY_xcMHaQ,9,-0.00025183150183150186
DaQwz_kDKnv_kplacSUC7A,10,0.0006722689075630252
DaTi7kaoHObInk2RzN3EMQ,7,-0.3333333333333333
DaZr4BeqPsFozFmwKytq4Q,6,0.0012175762526393662
DalVGz08sTzl693oH2j6MQ,59,0.0011246145474333388
Db-zoswXyyBz7CjXW12Dtg,5,
DbsVMg43LXjrOIWnLFOeZA,13,0.0006063171694274126
DbzFMxR_C9qs1GJfq6GaYA,21,-0.0031785747382077653
Dc0fpOkY-0e5TBAqPxTuvQ,8,-0.02597402597402597
Dc3wwi81xXrKqvFHl2zoRw,20,-0.06258890469416785
DcI-bOmfwZpy-9cE3F9aRA,14,0.002834008097165992
DcepdH3MsMWD0hEc6FmDew,21,0.002574217253116336
DdJybF-pDd47ibomniz7Cg,9,0.001723937099592312
Ddupo1zhmoct1yPFbF6ipQ,46,-0.007982674825615068
DeDszlU-Gg-Hodu_HSKRQA,8,0.0029971976202250897
DeGqvsBOXXu5jpSaQHjksQ,23,-0.0005192107995846315
DeOpnBrfkFUZTN9-VoXEtw,7,0.003022543134209312
DeSsx9UMrU3tfedZbZfCag,19,-0.019244868035190616
Derr7dcpu_BRwl8OwGQtyg,26,-0.005160628844839372
DfIZd-uCYMBOXfFOvnAeZQ,10,-0.0005120910384068274
Dfv6BewAcEokLLLpBXS2QA,9,-6.554780210026086e-05
DgDd0A3nI-mMi35jZIlyxg,5,
DgF4_72z6UkiGxtPnSJCfg,19,-0.1346153846153846
DgNM0DR8_uoDXyaysElVJA,26,0.0008247613752200905
DgZ9_AF79OJ-Qa3sV3lFsA,26,0.001793741170426817
DhBe7gF3li2eCYRjwi2_Hw,113,0.002581968070637959
DhZVpgeBKxoLd91MiwTxpg,143,0.00715310727218324
Dhhzvru7z1dfqoSbSKHZ_A,18,-0.001295962746562404
DhyRD0x7S-jav9DZN5ZusA,11,0.00242914979757085
Di-P4tJTGSUt3BPY4w2gSQ,15,-0.0006502649122707815
DiFP6DoPZTFdGtArLF3YCQ,14,-0.0012536007681638749
DilN8HS5jy5jNh_Tg2MELA,12,-0.0006662794273413742
Dj6KszfL_CKhf-kMTC4-8g,7,-0.0004788889775720331
DjXYVftTF62DVdTMGdCa-g,3,
DjdSIwAbttOUQWa8gpWzTQ,18,-0.001338952309826097
DjnC_sT1RoNUfib1lvcYXw,28,0.0010302920370034467
Dke3pFr3lAyj-K4rzdxjLQ,5,
Dkw1GWzFqt_Es7cB1pw41A,14,-0.0007219299836749499
Dm-YfL7owZ8_pUWdzFtJ5w,14,-0.010594668489405332
DmTeq_3mOKVro4OtU2i3sg,14,-0.0006670972593099591
DmaGQqKOjxkJtHjnxuXjAw,4,
Dmzsc5Q8gYcAvsGo3BJ_1A,80,-0.0018696820420958347
Do8A2VD9PxryefEJICHrDg,6,0.00020229021421088773
DomjxCQ9noralgT1ybCFYg,51,-0.0042088216443874745
Dp-LA9EkHwXMpfnygOzPxw,40,0.0021103160140450686
Dp4xxrLd1EfB-AbQTDPohg,8,-0.0021531100478468885
Dp52q5mxImbYwVi7Q2yKDw,20,0.0012841091492776886
DpHiXRM3cxC9c2i4idYw0g,28,-0.250197628458498
DqBqTd1aU8VfhLXAWs8ldg,11,-0.00011916922029281655
DqMK22MKFgpUfmgzMH3G5A,14,5.722395165720564e-05
Dqk-JnN76h5Roah466Z6tQ,13,-0.0038652350981118106
DqtDCKP9mDgIJDw7Umbb3g,68,0.0007366679122404312
DrGoibUtxnPSyblmVl7XGw,5,
DrVl5UFuhbud0DGTzCiUDg,7,-2.2917795860341577e-19
DrazQLX4I8aSEHAkkJEnxQ,12,-0.0007609441675867628
DsKzHnkLKnxZTVsFpts4oA,106,-0.05025711552260226
Du0waRmHch08QABPLIQcMw,101,0.004558753283974205
Du2BdpVqty9eC-NPDkTUpA,22,0.003852829791710497
DuB7UztTWu1eDfEaB9qrVw,68,0.05455693206028562
DucrEk1GbKkM18MlKVuSRw,43,-0.008023044916248799
Duf-k9b1xpuK33BGCLWQ6w,76,-0.0508070807080708
DutymeNUKwy8N2pAYvukRw,5,
Dv6RfXLYe1atjgz3Xf4GGw,113,-0.1607704359449125
DvFd-agmSZZZ6f-Yb9jmtA,9,-0.008683473389355741
DvyG9Fx1EeNJfr_UNL7NYA,9,-0.00923076923076923
Dw0nQsVS_2-vlhLUG87Gpw,16,-0.020967741935483866
DwEHeY-1Cs9GV-S97wzVhA,104,0.0029330449597535233
DwOhLOd9Say7BXn5iBKxZA,27,0.0013883746760459076
Dx3s4k3_a1XcM9k9Fvi8dA,12,0.002807602122670615
Dy4cK6E_7Ws14SluCdUacA,9,-0.054771315640880856
DyKNWBu6zNMwsSL0AaDRsg,5,
Dy_fP3cm42iXovWsyTmiPw,13,0.003234593122233571
DytKODMqcvQ7MWA0NN2uNw,83,-0.03146888987596952
DzAiKgi0HH1wDzAt4aEd7g,9,0.0046715073046977515
DzDzosJn3MeK5QyiZPMOSg,10,-0.0034573829531812737
DzzVSYXadZ1_XgfGz_Loyw,38,-0.17142857142857146
E-DcL1u330qwvoxXhipmUQ,67,0.0028712604264992006
E-DeHPIcuaRuuEa9hXMn_Q,18,-0.01939975990396158
E-KO6_dNGEcuGy4vUL-QJQ,15,-0.0010873753157241333
E-Ptocc2rOoDyYiYb_TiMQ,35,0.0010350647561311653
E-jW9jFfmUasdipfnLPdWw,42,-0.004716981132075472
E-zz8gs1riWX0r3hxAn60A,89,-0.0028158129728200264
E07gZP3B_WiPhuBskcnHoA,7,-0.0016595542911332362
E0AKqwkebF15_hvzNSyGlQ,35,-0.11411149825783969
E0E901zeU9Kir_MqeYx-5w,27,-0.03596837944664032
E0PQ4AV8cos828VUWvkbbg,36,0.0023744888570260895
E18dM4JF8MLlDzPo92vinA,28,-0.0025960539979231582
E1eGmRqgJ65Dby-BN5Gg_g,21,-0.001421593642924838
E1gf1YIWOo1BgzMUwJtEZg,130,0.008062311089454629
E2HM4u24stI2Rai4PGC27Q,6,-0.03609022556390978
E2_AzxFPus5ztQecqq_j4A,5,
E2pfdKBpou7ZdIBxyZo1PQ,19,0.000934040607947864
E3IjhZlqCZG1-HJyWTqw1g,18,0.0003200682812333296
E3V6zb2wpHEo-1dfpIaUYA,52,-0.019701817170171606
E3kCuQvpxM6O23_cjuSlmQ,15,-0.0009990009990009992
E3uEFdtj7hZ8NshWT4_zuA,6,-0.00043204320432043217
E42OJV_R6D6utoGynkNK8A,6,3.5267148651031385e-05
E4PV_GU0Rdn0Jx7s6aICug,11,0.0010171236487450314
E4qH6Mm7JkSxaTMqSEr5Iw,12,0.0038589981447124306
E52a-tWfAVUigt1ArF711w,64,0.00046344079493250716
E54C2rEwaQ8btmRqoC8iCw,6,-0.11888111888111885
E568xPW-urBy3g-3MhuRYg,5,
E60KIzFHO_lzWQwN6rIv7g,25,0.00041918786906758077
E6AnAHwEXEWwjbaRw5xyUg,13,-0.0323076923076923
E6Qs5dCetaqZqHOnqVZ2Ng,58,-0.0017544998169016046
E7U4a5XlMpO6l90ruuypQg,37,0.001755366726296959
E7jw4bNYxy00T1vIkzOdzQ,40,-0.06044565866985399
E7lzBLSNUwo7nP1QGMz03w,18,-0.0019342576028622542
E7rKpNaRd4V1cy93mD3ZtA,5,
E89UTlNjtofPbRnn1mICrw,15,-0.0005149387003823694
E8BoWn9q87ztDAt5zJgiPg,41,1.0493798820759761e-05
E8jXRCHPjcUTFboBPQY6LQ,29,-0.0014457534836506815
E8l_XGabADbFzal1p_HMTA,19,-0.06733048838311995
E9L_2tPvLBag5SheNTfNvg,72,0.00861200785299457
E9NdANM1gVijPPkl1K2CDg,78,-0.009395973154362415
E9kAJ17gVMvFCmsl6nJzGA,8,0.007303113553113553
E9oGqbo7KWr_NKZTsmzqaQ,13,-0.0008779631255487278
E9pmORNtyX53ZLWEZx4N-w,14,-0.009713228492136907
EAF4MLS6x7mzq8CDpOcXXA,20,0.0027472881815015933
EAmx_lbvIBPX7wimjt3cxQ,12,-0.15734265734265734
EAtdpksdWfWAaqh3XdnNNg,94,-0.0029723139603074172
EBdpDhJb5QcdOd3rQn4GOw,22,-0.00046795390435372045
EBfSeT0IobgzfcNWhMev-g,4,
EBoqt-NMtrKicAfhckAatA,33,-0.0006694336591243811
ECxsb2wf9J7Qf2CWtJelbw,4,
ED-6JeGGo8C_m7MiSB36Zw,41,-0.06941109205260149
EDdK4fWHafdU74GF00Xbew,27,0.0007379248658318427
EDdXCviJePupPdni6CQY8A,80,-0.00942079311063268
EEWjIIs6N-34yaAXI7lHJQ,33,0.0011467931925183653
EEgRSdg7EkrJ_6mOhQxv-w,30,-0.01385577486808677
EFCBh1g7X5u5v_tNeLTr_w,15,0.001246359930110657
EFci0tbSrb7wko6tpVDnbA,73,0.0054172832116869225
EGRgPGC9WN7FukEqX93WRg,23,-0.0006479700313860483
EGWIM5Bw9T6_QnD2unbULg,5,
EGnw4HlVnSqsPl347eFeIg,27,-0.0013568521031207604
EGqZQOR7R2Y_izHXiAx7Qw,5,
EH25hIn3p1TX56vK6KFYLA,5,
EH2yDg_E61zwl-e19XTiFw,50,-0.0004885967455803685
EHI7zAt0wuI6mVuoXnrBRw,23,-0.00015808491418247558
EHNtEYL9GXsv1sbKChMMWw,9,-0.1043956043956044
EHOqzuLrwrU_W46sCe7axA,32,-0.0984320557491289
EHUNi6ZX3z8KaXFjGtDd7w,44,-0.002117464900717678
EHWWQjzRwSBceWSZXtc2VA,11,-0.0028556319407720787
EI2_OgANt1Mb_83cNnpPwg,136,0.007489899513104734
EIMdpFSVbzITAn89Ha1eoA,16,-0.016550522648083626
EIj6irQyq2Oeq219EkFynw,50,0.0008600975451804178
EJ7Tp_KdGx52wSu0_7gbEQ,53,0.0048701955983149045
EJW0bbMyTGnmpALCer43AA,18,0.0011920122887864825
EK6AF2XWgZxvJOtCA2Nw_g,17,0.0013127216442328422
EK98686MS55Oz6Lob2DGcA,12,4.435098850526744e-05
EKHJbUCJDaKjz3bScLILLA,10,-0.012324929971988795
EKSmnS-fup3HNFLR9J17mQ,66,0.006398387255814973
EKskUEBnYFOVM25CPCistw,13,0.003702332469455757
ELJABLYAI-bM8wYk5uSZBg,13,0.0005394955716405163
ELJcgId3RiCADVIT5QbUTA,5,
ELMF8I3FN52Rokd8eK1hhQ,12,0.005335951506872706
ELY0HI8GDEx0jkmREVna0A,124,-0.10597607334525937
ELZqT1x_b17XF_k4jnjpWQ,8,-0.005252215778531568
EM09kU9ZTWN5YyWh1rh_-w,18,-0.00526302535821309
EM38BqTh8q4V4I8WEmOWnw,17,-0.0007916268497209514
EM8vtb08L517q4JEg7dvjQ,8,0.0009563337987491154
EMRzIdt7KeNETHsFo-RV7Q,14,-0.0006636714962651408
EMXZ_zHfbFQi18J88-i3lw,28,-0.013352346383199378
EMjC_SpCgx8-UnjrBVRylQ,56,-0.010808644126873474
EMp87GsYkVdwHftE7Ar2_w,44,0.002571944131983501
EMviUh7Lud2nqnarrqi_tQ,80,0.006519920757208892
ENIJoB8OHqUqpMXrXGWgzg,7,-0.009233449477351918
ENOg4e6w8OabVfEZijegAg,32,-0.00882389238553622
ENhzvzEbixDwE3f5G-shbg,44,-0.04585361960252215
ENnIpfmHXqG0-veKNlLpXQ,9,-0.014213564213564213
EObqiayUiJ_SJK3y9aOfWw,32,0.002101921067438309
EOw5-JPXAJoR0nI3Sd5ClA,18,-1.8882769472856082e-05
EP7GpUM6lGWOpvkxG-9C6Q,39,0.0018538039329722659
EPIsho1lUDpgsKKsOQQPgQ,37,-0.003434950622584801
EPMHuTHu46B123ivRIZ-Xg,90,-0.004204826786239851
EPs_rI2_l5C3-iXTGcR9Vg,14,-0.012251576342884507
EQDtTsve_bNxhQzxfVy9nA,35,-0.03992775771047513
EQNQD6KkcKHiDlnek4n6Lw,4,
EQWt7FQ3fPOwIKrt8s_jrg,6,-0.9999999999999998
EQli38poQh7nB01_xFxxTg,5,
EQrRwkK6yv44_CEHuoZIQQ,20,-0.000673743907011623
EQv9uUg-yVqYaqB67tzqaw,5,
EQyFENS3MWYRuDt6Ty6QJQ,21,-0.03538390379278446
ER34BPikyAIWcqpIpEgUFw,12,-0.002045587375803624
ERLYZVpkH1XyFwPFImc5Cw,7,-0.003907003665830601
ERPefAXgR35A55UsldpwsA,5,
ERxAPTa09fE0tZwvfht26Q,8,0.0004713723001101426
ERyRonqEDgNTHlE8yTMGIQ,7,-0.00014400921658986175
ES5-3q2LzvChQWlhbFCZWw,19,-0.00019445164635727315
ESgGX4_yw6pnVVQA-oyHsg,118,0.0009073147028006537
ETNlknCdy7jR33yoAH_l3g,61,0.0029745115134109435
ETjyPeqYHYkd3m0VR2k6uA,10,-0.0008048289738430579
ETvzuRC9gRPHHSfu-6H9ew,27,-0.0008415737428992219
EUgqUqD5K4sp0zOMWYPmqw,23,-0.00013170350249001956
EUlSBUUuaPVQ7NftUbyf8A,23,0.0006910002523448022
EUnnoesZTelOv_bT4GvZjg,31,5.80412996091887e-05
EUpaSsIsfz5ohMGormoREg,5,
EUwQbPPvacOk3hZLb_2pGw,23,-0.01497990500548046
EVBon3CYRXXhbhkrVYfDWA,7,0.1258741258741259
EVufVDMJrR-mi6qEyyPRFw,13,-0.00012341108231519218
EXMTnpdRTM-lWn5gLgs28A,6,0.0005189200999603982
EXXi__X7nwWjI2hP862fwg,96,-6.971070059253936e-06
EXtab5AZyaD4S3NHj22xuQ,16,-0.00027184650155679524
EXvPW0zO4lcR2T8OVdqbGw,16,-8.335648791330991e-05
EY21LIzWfGgzbJWBfe9l2Q,24,0.00260558080158526
EYc-VtaD12M38OBnqFS32g,17,0.003378337833783378
E_6jUatxBImLU-JT21rsbQ,6,-0.001609800546724714
E_EJIx6Qw74r6clNeVpldQ,5,
E_WLgiNMLk1dH7QYd_grmg,14,-8.288226255825667e-05
E_YLoKA_fJ6m9mc1g7hzAQ,8,-0.0013364381897337254
E_h2yNoagLK-3ODYwMPErw,67,-0.1621621621621622
E_w9t1HQtcizm9didoC4yQ,8,-1.2200253017858864e-18
Ea4G-2lAbodTM7FBaSO-tQ,105,0.00022541306944976792
Ea663rIHyKXz2VP2DPH7Cg,15,-0.047250900360144066
EaBgGhjd8rB9KVvCXKaiAw,39,-0.06524886877828054
EaGQz-Y2aAdfrn1XXgjJ6A,73,-0.026732326511087572
EalPRF-6CVQhpBJjM-fxbw,9,-0.0015384615384615385
EbH3eLngUakDg24XjaA5Ow,14,-0.01549491211840888
EcIutPxzAKh4dBPh_vsgrA,5,
EdA-bHKP3JKTDDTsZn3TUQ,16,0.005087881591119334
EdW55E5NZdYODrcDUx8-bQ,21,-0.012307692307692315
EdopUxxfxqEA79Vcy_dT3g,120,-0.011250557238815557
Edwz_unf39oePX5M7d4S3g,7,0.0007177033492822966
Ee8FPJNn4WHLsBhyFrQJhA,90,0.005656589513462446
EeUhcxo8kw5V21pgYSWliA,4,
EekwCjDqa9VT6Kq_aVE_0Q,111,0.0010549795032553661
EeugoqoiNtlBCpXKMHKg3g,50,-0.0018700556861026532
EfYKKT1ov4SYDBdrQiekvA,7,0.010419812745394141
EfpQ1gPf4GjXs31MyrFWAg,5,
Efq32INj5XQIX2CUUUQwzQ,6,-0.003565351268130622
Eg5vpF4qNLWAIRz1DmjggA,8,-0.0013169446883230904
EgI6S-JxwpxICPsqmaggiw,146,0.0055156023334053525
Eh3IqKQPxdaL4CC248JuVQ,20,-0.0021126760563380267
EhPoBZIeHCfrFPl3Rqcg-Q,42,-0.044660894660894665
EhotxJEJxpMgCJ0F82Buvg,80,-0.023040844244674622
EiCpbBVtUHuni_knPGaG2g,17,-0.004110463724159948
EiVt-BHRX_VAFnwu_i2BbQ,51,0.012715653271617923
EiwbnjJzn4KQ1hkZORn4fg,14,-0.000705027773821393
EjgQxDOUS-GFLsNxoEFJJg,30,-0.0010798469702579295
EjuhuChTEGX1eT0t-8OUfg,11,-0.00011789309659032658
EjvIyyvUGJ-l4G4QLdRbWg,11,0.0006378945833637093
Ek6iqYGdYtyltAxVnhtJKQ,26,-0.1532258064516129
EkA1I4kODCDTHg021sXgFQ,9,0.00120855838381427
Eke1SRMGRmIVUz158w_fKA,14,-0.000625942966869911
EkfRDqvHqLGdaJkwEWvMRw,15,0.0003503742634177418
El5a7GaPDqIszZh6MRvJgg,6,-0.0014505477726457227
ElyHE8LwZgyHbrhAhEw8Gg,6,0.0014103297122165046
Em0k3l76cFj-A0tqJbkWtQ,35,-0.09774489076814658
Em5rXI3amBD5Ekvmy0qZUA,12,0.0010936431989063567
EmIrNcZkTUF3mhoWQAT6Bg,6,-0.027472527472527458
EmQQkn-kdK3bZI1cpHRQyA,34,-0.05070028011204482
EmTlcS9DVL69iDPciczR2w,14,-0.25696594427244585
EmrOCT7fArKI0JI_XF6aaw,34,-0.000874534140344643
Emrw1nbhx9i3_y05V3Y70w,20,-0.001857843648888425
EnXcMavajj6xV0K67NKSeQ,43,-0.00021145218974715516
EneM1oBFxncaR1nQCD3gYA,78,-0.040117490146712835
EnhYC4spF4oWrYes-UvN3Q,7,-0.0006868373780423371
Eni8nf_49XDbzEmaaCOQjw,19,-0.021734693877551024
Enl56HI77hB3wyjC7RXKeg,5,
EnxvK5bFL7y_N5VrHKOijw,6,0.0003702332469455758
EoKKkfmOOgtdy-Br0Hs1xw,59,0.004369319622541081
EpFFiPHKx9yP-WqOCuxRCw,79,0.0007987467405979784
Ep_jh1Pt4Ggyla21f-BQcQ,31,-0.23830213903743314
EplLH353uir93Jo_Py3xww,4,
Eq1y1tLlpqmp3JpiJy0DTg,7,0.0005545161508464261
EqZhhuEpZawghU7MNazL5Q,5,
Eqj-RXQHbelEGH7XL3gLnA,37,0.005353862304260344
ErCpFI7z3eJc-Gun0tWVZA,26,0.0008829879797621731
ErJ9NtMXt-WJZV_TVZ08Ag,55,-0.002788392643897779
ErWSqXjjX55CvAsTiVL4yw,7,0.001127968427808655
EraDGJAHjf5IaA9VBGepfg,16,-0.0002928347949385818
ErcLBEFjqr4nGbF4ozrvgg,31,-0.16825513196480937
EreYgrQPuR7Sk_FKeZZg9g,91,-0.06206343627817073
EryhKE6cP5M_dZkp6DBNcQ,39,0.004209080342362016
Es39sSDXiReBthHLBSD_Xw,19,0.0030728709394205436
EsF5hZu-ylUzLyqvS6sUEA,20,-0.003950834064969271
EsHiMZD4kttwnic4H9wN6A,7,0.004140698369333219
EsQZIf_5Typ-plWtOr0DgA,55,0.002031520171679686
EsmHoc01UVXQHOfleQ5PLA,6,-0.0009157509157509158
Et5_maoRY_BEJRmDfx6ynA,10,-0.00024682216463038344
Et8VqhNbnvjVuw7gNtxk2w,14,0.00022617909992027192
Et8nGhb6FHiIB44Cc5zOtg,14,0.0007984524838457422
EtKSTHV5Qx_Q7Aur9o4kQQ,145,-0.11212769816796661
EtR7fUoAPNcUH-j8aXCGqg,9,-0.009230769230769235
Eu2wjbfHBUfXgLVDq5NrsQ,6,-0.00015599492109559217
EuG0fFtMLby-VejJORM_hg,48,0.0023117298505320565
EuKQDXK_AnBudtbeeRbpOA,6,-0.0011764705882352949
EuYdJeX1EPC3TH_D8FJPKA,5,
Euf4yeAMDMnkLdboPHmVMg,8,0.004633204633204633
Euhys90AAREbdds8KWSoBQ,19,-0.00402880701388164
EvDZxSv_9UlAOH1NyKzb8Q,21,-0.005961126736912811
EvYeRMbG9XlEkafCJfnovA,76,0.002410950279069464
EwIYwDYoevZRSmo_BubC1w,4,
EwX4CUwRFwjO9oO5sJJ-bA,46,0.0013173918840837376
ExD3yBY3iJQ0zs-0BhGwIg,12,-0.01932457786116323
ExJjmQZ6M01JDbHFQ8CbzA,24,-0.018775510204081632
ExRxjqOGmkWjArvM_qBORw,18,-0.34365325077399383
ExcIcrtV0-RAbOV7xp7Rkg,25,-0.009641964243596394
ExfSwwCB1zQ6ZGd_UQ4wYQ,48,-6.031120582204178e-05
ExusAIA__a3IBpX56fzQqw,4,
EylVXUFlkCndr9DlGWb2yA,8,0.00014174344436569794
EzQpL3jNNGlUzeR6n3uevg,99,-0.0018385370498046557
EzV_I35eggTXjmzps_0fgA,8,9.376465072667597e-05
EzjysPg2-lVX1E0ibStUXw,146,-0.016961136726407464
EzrG51vVwwaIrFt8Q5o2Gg,46,-0.07184407343053562
Ezv9L84ZSjtjxpLUKkIE0A,6,-0.012612612612612612
F-QvJFjFPcFsTLWzrFywRQ,5,
F00qGEKYhqD43At669lcjw,20,-0.00683526999316473
F0KshKDXT5e5CU_psZsuMQ,4,
F13x4Y7Lmv_FgyWUxka5xg,42,0.00124223602484472
F1Yu0QcZkNGIRsah3waamQ,6,-0.00036598117811084
F1hbIYD1lNzbprtckd7bVg,5,
F1s6Ye5pYOiBYBXwys4ExQ,9,-0.3
F2VLDCdsb8ewXyleu8l1rw,11,-0.0006906932655024912
F3WnAc9mYZNSnxgdg-jwtQ,11,-0.004842918275754095
F3YfPvpUazeOHya5vwl7RQ,5,
F3f_EEY7gdivYvtDc__Hsw,11,-0.05244755244755245
F48wjJ_jjEz59Prh20XhRA,62,-0.03502347942754918
F4RyWsOr2dcV_j131gqNZg,4,
F4cJX9TcdJwO17iGE8Fkjg,8,-2.073398299813383e-05
F5Oy_o1JR9lagi_RsEoJmA,8,-0.06769230769230769
F5g0nskSr_xd0XxXTsKoPQ,19,0.0011394465545306568
F6KGWi35Y79rC-x3LiISiA,34,-0.00382747023968398
F6SuJfk4bTxVNDbJR-tn-A,105,-0.011646411211240463
F6WK9qGM3WH2HiGmDt4YtA,9,-0.0020066889632107017
F6X6CKxuWKLn89Y5nV_6Bw,5,
F6hASqb_Z5ASXz0-pZFlfA,9,0.0001806684733514003
F6lNQPwg4gyg76wNyimxjQ,48,0.013166079203815054
F7FYN-nZ_Vb4o2oaPJjr-A,7,-0.001879699248120301
F7Z4T1VO9hlrnSdZU1L80A,12,5.5991041433370643e-05
F7fC4dZW17muSvE8ixaXkQ,92,-0.0015217298379956161
F7hZGoYPmFX5JhBGzQqtPQ,7,0.00018668209905352173
F7o1wLdUIT5uwnHcP4Aq4A,24,0.009065934065934067
F7ogxdrqzuYffhGAYaaFDw,17,-0.0002989377035178561
F7pG70kxLYt_HR6OnylgMQ,7,-0.000857263675854381
F8XeDi60WOu7ualSNDvvmg,6,-0.0024283071230342275
F8aGABlhBphv86bHC8pwKw,39,0.0008030231459612661
F8yozE3NWnImNApHO347gQ,160,0.022877617460653806
F8zdcJRLKNrOdGdqP3i3hQ,22,-0.008208525345622119
F96zZwm8zAMxUB2DvLkmEA,56,0.010697012802275956
F9MijJziPbzfvdB0j1mrTw,9,0.0014905149051490515
F9cYW9x0BTqWowB6v31oXw,7,-0.007755102040816328
F9okYgOCbG_zydC3WJkB5A,14,0.009664753850800364
F9tynmqLJmopf7AofTgLWw,16,-0.0009112779762338707
FBFFCqsidjJA3_Lwmp1tpg,26,-0.008758683177287828
FBFdK0h-Agd3Sj0nZpiVIQ,4,
FBav7ij_TUqmBjgDlxI_oA,15,0.0036805299963194697
FBof1_DJG-IMRdk6WmY2IA,12,-0.6643356643356643
FBv7DrM8M4uFoclwAL90QQ,23,0.006478166028727828
FCBrbR6GpRop7DCMQ1tpZA,52,-0.002356209761440441
FCR7LqDdkKtWsfxeoscAkg,4,
FCayNgVF7non019PU-1cEg,6,0.012307692307692306
FClTbPhPbslS8uk0p8leOw,48,0.013994816734542764
FD7gMovIYQmhdn23Iq91zQ,169,0.0021982717885714507
FDG0iWM43AKux-_q8zQlIg,21,-0.08819345661450925
FDifzPPJA9aZKxNQo61pfQ,28,-0.14407944996180289
FFHTUPo0QTSIylLCCe27ig,4,
FFVHyBI0eiZLcfV8FVOMMg,9,0.010627177700348432
FFaf8mspfggNqmKAdk6tQQ,15,-0.03859649122807018
FFeHf7WyHxvfwyQla3wbnA,52,-0.008313425704730053
FGMWwMg9ZJ1prb-NBMng2A,27,0.004961316608679729
FGUI7K-YLVdY61PgIx-Rvg,6,-0.001586462189317821
FGUeyrd0lKyWn1Eb_3H7Pg,6,-0.010389610389610395
FGd8MNC_IArIpxeXe_5u8w,6,-0.0005660644370017452
FGdxWqLjlTwanru0uWm8-A,15,-0.0008726406027755352
FGu7K0mI91Q0yW3orPY99Q,65,0.00256853974162232
FHGKWwhF9SftrHxeV2UQhA,7,-0.011444652908067544
FHNIvNgh3fS7VZQq2Y3dsA,85,-0.1380170391406346
FHinXLaal32gWzUfBUdcaw,15,0.011163227016885552
FIDLmYEuCtSj_rc8lqaKFw,38,-0.006787330316742083
FIFi_8eNmc-jPHZVHPS3NQ,53,0.021593172119487913
FIQZMB4G1pfqOAByuJ1SYA,20,0.002503293807641633
FImeJg7pVG9K7wjuexmV4Q,6,-0.03503010399562123
FIz3Hueg-ZQkRKjT5xxCQA,14,0.00015746653836059795
FJ2JmZGB5rotQ43BxyIp_Q,7,0.000839595315058142
FJ6kN_0lFg0bNa0iSBRiAA,6,-0.0008201501786104831
FJaTierDJxsT8XxCrrfCug,30,0.001968302134377627
FJl6LCHbqiM9mvSwDjFAjw,103,-3.232062055591495e-05
FK51cKu1BDTG8NOQjZOsTg,6,-0.0015113512122966108
FKECa722YgWl7y2qUUx-xw,6,0.03063241106719367
FKK5ucMZVKr6qdU_SnUEuA,16,-0.0037267080745341623
FKaGYKach4AVw6d7RzFaNw,5,
FKcvOjndFdq7-Dy4M-mrKQ,15,-0.004636431906487735
FKlNp7sCdEIt8_tQ5AzXDg,8,0.002337625979843225
FKrP06TDAKtxNG1vrRQcQQ,69,0.006545489241925481
FKzZU6drY-_TFOPRZunlmg,7,-0.0022397891963109357
FLTh2pLIPvWzDybfPbjg_A,11,0.0020979020979020988
FMFoM6Ly1cJCzUyEkwVPUA,16,0.0007140746577366296
FNQfc2Ih5bSKnmRcsHTcKw,30,-0.07746606334841628
FNjlHgBGW7g6_RdEG63wkA,60,-0.0018247777979321605
FOCh_0eocG1eI8bXvxCO5A,7,0.05944055944055944
FOTp2JNMj0_SuDSPKYhixQ,21,-0.005471058102637052
FP5fr2zUeTEhI4-TGEeVCA,21,-0.12561824729891957
FPbsfa_Y8aTzunm6T-3YLw,4,
FQ7LVN9wmxhiNIbYlcxjyA,7,-0.0019037546271813855
FQOZgFFbPdc6AwI1t_dzYQ,5,
FQ_QUyrwtnaEdxUxruZkXg,18,0.05685483870967741
FQrVCcAnpF6myMhnHCIOKA,5,
FRbkFjoF4xHhJAzC_ftx5g,5,
FRprVZYNDk6AugNlWkh-Vw,6,0.0005473453749315815
FSOGWOkjr_QI3X-2qmhSrA,9,0.0004911119414936207
FSR2ErBcsgsRpAWtU-xxYg,6,-0.0024967433782023445
FSUqkhjuattf6NmBM1FMoA,11,0.0007696200946502272
FSgsyY_ofQtAy6PNVcBeYQ,62,-0.013948393378773124
FSsBUhbhEBE9N9tJ3V3bIg,4,
FTD2hJ53c0NbfKFvVQxAhw,40,-0.026740134510979657
FTFtoylMzkrzqNVSl-bkKw,7,-0.35454545454545455
FTOz8_xNk6BBrsY1O_KF8Q,6,0.00016145773267212558
FTSY6Y1RU-ICgc3GAbquXA,48,-0.017876859982123138
FTYGT8M8R3A7RNXz8oIDaA,9,0.0015137686860739574
FU6CaKb9hePVMAsXO5W6pw,23,-0.005180496952648853
FUMAvaQ04H4yV12gCsVD-A,4,
FUMp1kmo3ix5BstG-OW-8Q,13,0.004615384615384614
FUpDwSrQgdm4DOzV8f_PlA,4,
FV130V7ArLHiNRtkCPbEMw,11,-0.0014389067230542803
FVqZjT4m3pigbrJPLP7Kfw,35,-0.023763924174320862
FVxo6PKyPgy5C9iOY_s9eQ,105,0.006568241830978561
FVy-ciRsXtvhrXaolbvAHQ,6,-0.06432391138273491
FWTkrjnoIVJ4UiUWUVDi-Q,7,-0.19230769230769232
FWr8f-mfdoDu6BdNh8Q8QA,5,
FWyrssOAZn9Q2KWkQ6R6Wg,7,0.016752136752136756
FXTIlnd5z1ufA4oHraKq6g,5,
FXj02QYnpbLGzR5MGW_LHw,27,0.0009208644369991569
FYV7zb2yau9DzN3AT-n-fw,46,0.0036346905912123303
FYYFJy-Wfq1H4-D5EpPzdg,25,-0.0016251611465968395
FYboiPpW2j6lP3T3n-lKAw,20,0.0003619909502262443
FYhsm9Efvw8lw7zAOIDUbg,20,-1.283116883116883
FYuoVa09VV1MAGLtn9XlCg,6,0.0002504526409709214
FZ3pdGpOdfOkXZoQDc1yaw,31,-0.0051283399957921276
FZAf9spYl0bMp9Yokdcxyg,48,-0.002448433317587781
FZixbNAPJsQzCsXkEx9oGA,75,-0.004246512601003105
F_ker4jxFkcvfZQf-MDfJA,81,-0.035724575050417734
F_p-pLonAAzzOSnTLdJMtw,91,0.000976548174630284
F_spp-lH3b9Gtn7smRPXEA,5,
Fa2RIf4F94u_qWN6TTvrkw,19,-0.00010714832389407618
FaDboHLpVcN01oL8EYTX2w,28,0.00040628385698808235
FaLHFj3EF8HbsCkIhysgHA,4,
FaRiZSGNY9G4aOn1I_J52g,5,
FamA9E7MQRWGIyktvrcHpA,5,
Faog49Gh5vUudIhUqI9m2A,12,-0.09461538461538463
Faqzugp5aAc9-XOjfOsDGA,4,
Fay6yoOC6iitEt3QLkrcMQ,103,0.00060526054901306
Fb6pH53eHaDI8bpjEFrSHg,29,-0.001757592800899887
Fb7xzuIkL8Bj_VMcn3H_7g,6,-0.007389162561576354
FbMWMAcJz0bzK3dizVNb-A,43,-0.0006093470483005365
FbY5HjT_nCqfB8PiXX-fcQ,35,0.0014295088113985758
FbuQkR42LQ-8AZINSD7FQQ,37,0.005059772032249097
FcZCU1-T43sEh8nzoUTnQA,25,-0.00035924368774075126
FcZxIZcFyJFDny8J83KzCw,39,-0.13839037927844589
Fc_8eLlcq5yy4DzrEeqEaQ,68,0.0016247569976766607
FdAQ7g7swv2lVuf845A26w,7,-0.0016871899473697455
FdLjOH275hK_BiJL9pPwhg,14,-0.00027767493520918185
Fde-_DZdIpKhXE7i9KRlTw,9,-0.0029049897470950097
Fe5Q2saATrFH4V-y6yhfAw,30,0.005148514851485149
FeEYBozUzyVGisE3HPGbBg,27,0.0019109062980030725
FeHhy-6uPJUMyVYPAwYjKA,90,-0.010511184275748358
FeLo2fu_ZWue14wt6D9XQw,6,0.0015996760149843072
FedLWKgw_FWN23S6-G6_KA,22,-0.0005704614315181829
FemC1HzXmvotxIxLZW06Cg,8,-0.4230769230769231
FfBslprOhObk8m4QcgUGcw,19,0.00013865444899927642
FfF-juvpvrF9T4670vCrXA,5,
FfIW_oKFGHJokwcdpu_Ijw,18,-0.05324675324675324
FffPXnuuKYWbi3Aj8taNcQ,15,-0.000925583117363939
FfrMJk5L3weVgVGhpG4c2Q,4,
FgYpzGx02P2danClOzrHPQ,49,-0.0013462446858762398
FgpMROyfhEbCSi2dXwfQeg,8,-0.004971857410881802
FhGshHPi9tEL11bKuyWGrg,4,
FhbTiSZaMOaLArEbzR3_kA,11,0.004667824576639166
FhwTEGqdir75uyXZqWqxlw,61,-0.13210473736789524
Fi5K-mlDg6OvNRYM8My2kQ,14,0.0003417634996582364
FiEZbnwXKRfyUi43mEIHRg,22,0.0014254434961347695
FiPzoDUHkE-W7TdtyuBRBA,20,-0.0017481684719959601
FibcT_HHPxko0J3TtMsemw,14,-0.0003360336033603362
FijH8XsF5mX-6BnUXlqTJw,5,
Fj1jToh-ChfAOSR8x4wEnw,38,-0.21330872774641774
FjXxz00esSUN0Ij5RmgdeA,11,0.0007339505266727744
FjlsbWYN28Uk-v5pjb5pWg,7,-0.005156317846287452
FjtPoVSq3ek3G40C8npFNQ,6,0.000725689404934688
Fk7Ba6M0tPiVi_Tf3azO3w,46,0.0012325307120332456
FkBGdMJgPFqxQ_h8vP5FUA,7,-0.005224698575082207
FkJveuL8rikyPUfft52sQw,20,-0.016018099547511315
FkMO7IzhoeY5SinJwaXtcg,14,-0.01264957264957265
FkaPKIvGrG-MENTETzznZA,4,
Fkl5eS3aJ6QzoXzQgB8p0A,6,-3.8560535220228993e-05
Fkl9q6P0PIAY1_JQxbqc7A,10,0.05494505494505495
FlEiAFFylBm4JGIseb6mwQ,5,
FlRWGkChmDpPOY-lTaEIWw,22,0.010562812449604903
FmICum1URhJ60F3AMharYg,42,0.01616804248383195
FmQygwfW_x8AkEWLXESezQ,10,0.006433150183150183
FmYKd0C06vACiDX8WGWFpQ,10,1.444930101506338e-05
FmiF5GwSlG0tiZnmGa0Hvw,31,0.00451007326007326
Fms7fXefxckNMTqF6tDiQg,29,0.0056322624743677385
FnEkr6LzjuGsg93Z7fkl7Q,58,-0.03570114096429886
FnxuenogtH3_cElc_Dp7Bw,55,0.003330970942593905
FoInxau7UwTN2vguRTBNQA,5,
FonAdA9atQ7dqCkM0IF-AA,32,0.0039942969710821605
FotR6jku5WWtm8THC4T7ig,14,-0.17017543859649123
Fp0S9XtlpiYsSWfc3q3wWg,29,0.0013462101258413814
Fpbs--9KYumLMhZwB8YfUg,8,0.0012248967383563594
FppJo5aymUsfOg68uTOipw,19,0.00030395136778115525
FppRGRWQxEs0BkA75MmsxA,13,-0.009204044594244232
FqNpVym5Xy8CSv-9YXu75Q,71,-0.003940339556777914
FqOCC8Y9xryaX7sIBJcrxA,166,-0.011130765785938199
Fqx6lq9MO20_71qs_0UBcw,17,0.0002388915432393693
FrtU3wDgLuDGGSO8fz88sw,7,0.0014118792599805258
FsRAHiYUERqUIeGVt49svA,23,0.004501748251748252
FsVo3IKsjTC-2vhuSlvz2w,9,-0.01652173913043478
FsWEzgnPsARCH0qmKkWLNQ,7,0.00037615884044025913
Ft5fpvevlnMJbugX_w2YsQ,11,-0.024615384615384615
Ft63agEyfwLzhOeRQbQ2Qw,7,-0.002325064790818216
FtDi1aWrQSLDwSBs6U2D_A,6,6.162199951665994e-19
FtT_HlYiyOrE-TzKl6_qgg,11,-0.039705882352941174
FtyrXpqxGT0Py-940r1VRg,6,0.00031590031590031587
FtzKdwb27s0Cd9ASC5Uo3w,12,-0.0006964955953102633
Fu6fvUUeBsQtQLsXbynoBQ,39,-0.019142051977872873
Fv6EIYsJaUCqyvvAr6kLew,10,-0.0013111888111888117
FvBUare-QfqoTyHIvbWkvA,37,-0.027344877344877346
Fvz2TL0BYYuBzzf8oEd4HQ,11,0.0020302070195945734
FwvK-Xyi11yDeYmqmL6uSw,32,0.0038916203011574693
FwwbaUc7u5nSiLmkF_Z1Tg,57,-0.000580175837907798
FwzuM3w43D-2fNj3m-SToA,7,-2.9389290542526333e-05
Fxzm5Yp3yDq_8n5gptP1lw,11,-0.0037764503391718124
Fyc2hrO0LjHNlyswvtI_iw,12,-0.0036342457775189294
Fyi_Mf7UsTNVNQii-RGzTA,6,-0.0002968460111317254
Fz5e611pvaSZmtUqiryHRg,10,0.001625546364194632
FzHOoHFUI_V4lABV1gboKA,5,
Fzd22oK4wFqGTU1BmMlSGw,28,-0.006269592476489027
Fznh-uToFJJxTuY0JFT3lg,29,5.1825555181259946e-05
FzrbnV-9y0LkksceBa863g,12,-0.0012962879707473513
G-FrjKHpQVoH_P1saaMNRQ,30,-0.032793522267206485
G-UGbGmZDM6jp_hWutqU5w,12,-0.0010865538955426596
G-W4bF6oQblDpmpDj3Ft7A,12,0.0005194805194805193
G-l1Ys-BBsq5JJjJdZzIIg,24,8.202099737532806e-05
G0DenXssfi7rL5-KzBFS6A,9,-0.0017227007502083906
G0Gjr4iT6tEOlcH0SM79Eg,7,-0.11515151515151516
G0MgcqZAUlV_kaCha054UQ,23,-0.005868544600938968
G0NSmjqBQetKio5DSP7t0w,7,-0.0010559385063389102
G0OV23-dZlDjTwgVR7gtYA,18,-0.023710407239819004
G1IFuNVjboZDxyEugrh0ew,8,-0.005145025403562931
G1Kor6vXczC8IbGhs-5_wQ,5,
G1PbNo1yYxAu7G6b6sXZiw,68,-0.005242244684559081
G1eSeHP8jXpNjU1LscMhfQ,15,0.002448086672685603
G1q1IeNbiRJL5bReBLFdzQ,66,0.003271641036177712
G2Byuh4EVeSnqqWBWtD7rg,18,0.0010456310306385269
G2n77sQxr0XqPekhTu6HvA,20,-0.027737461699725845
G2oWC7vWPTiTZt--0bUMzA,34,-0.23514132925897632
G3PjjY-Ai1AEEA83TroSbQ,19,-0.016902761104441777
G3Py_rBYU1R0_QPzo64tNA,22,-0.001684801684801685
G4Fp73FQzy9U-PkYV0yZbg,16,0.00043286920135632355
G4P_3-Gj3b5pizqDmitP3w,13,0.00013413816230717604
G4TSX0FPMYsPpMPoAjWXSg,11,-0.0006968641114982571
G4y0HxePBgAYi3iJS_tUPQ,53,0.008469090516776351
G5L3yo64MIor3JLUSNfaQA,7,0.0007292763957539907
G5aLEWu4uOCSXGlHE_LZwA,3,
G5kg0wEuDk5eGdS8Dgb2vw,7,0.0011689070718877844
G5ovf32QlclDiBbOD7sx-g,15,-0.00204560697518444
G5rmqJ7nPv04Jm1slaDYsA,10,-0.00042677144018425693
G602l7e35ia6mOHzHaFV8g,5,
G79i75_gXdsw9xlICUBjmQ,17,0.0014031753130590338
G7GgIvjuxAe13Y-6Y9acCg,13,-0.03724696356275304
G7OKvrO8KAODyaM0schyqQ,6,-0.0001353083606323887
G7OO9Dys3_buE8uW9shKbg,9,0.002138968109929997
G7XPVBOKuxCq7L84fqNflA,6,0.0024961597542242707
G8OVfFHXAV4tnLh--rDHOw,33,0.0017584936229908226
G8oBujUQQ8Zs-7YRQkfaig,4,
G8qD8M6rHAMGL4Tt1SiPFA,15,-0.03376623376623377
G9LZoNlCfRH941q87_JLIg,66,-0.2038409351842188
G9QFbucw_PC-eFjAfN-49g,9,0.0016315303925923397
G9hwzbk-6OGXqdSli0iKrg,18,-0.0021839392295170917
GAZMcRxy2i8ZHlwl7otD6Q,11,0.007516188714153564
GAhzoZq315gjxCUeVNQTGA,13,0.0007227155652942757
GAmJ-icAu-0z_FduzJOtJQ,3,
GAuweBrcC_wK3a0UhZjwfA,121,-0.053105990783410134
GB1Bmqd-Ymw37wv3UePOCA,23,0.0007404664938911511
GBX0BkRwTDgXGuxieyxkEA,13,-0.008868778280542987
GCLk8y_i_1BLHf27NdFfhQ,10,0.0024630541871921183
GCPecqD-FJis5SxrqKwSZw,77,0.005426726784462815
GCbbAqY05IjvBv9ZkZCTwg,27,-0.00015822925463353934
GCkkrW4vzgk6kQakNDTGbg,27,-0.1431451612903226
GDKBK8buUM_4S8kSndweXw,8,-0.0030812324929971966
GEtK2S6zALXgsjKjK3abJw,6,0.0047364400305576785
GFBuCSY2jMRzg-E7Zhg1SA,26,-0.04551920341394025
GGgYoWnKOpRQ3S0Yl14uDw,78,-0.05105743313290483
GHbq2lZcy0uuiZLAleeS3A,55,-0.009013237131822834
GI1uHsf8VOIJRO10GV4dpg,8,5.6004629716056536e-05
GIAgyEwEQITK7wZI_vhXIA,16,-0.339356295878035
GIItciLVJF527Z7y17VSlA,12,0.0020526643168152607
GINa4RluLnJeDZRxbtCY8A,5,
GIq9z7R9e497A4kv6rGhPQ,36,-0.04268761205498165
GJ7rs9e7xvxLo5gNx73I2g,6,0.01818181818181818
GJDyLmomkU4tzaWawdD1LA,17,-0.0030507048180096774
GJWd5E-3vX9Z3C2j7IUrcw,14,0.0010512750949538791
GJmyROrNu3KrhnHNNRbVrw,22,-0.009163272861902997
GK-IbObdUilYtlfgqnQ1Kw,5,
GKBN0jG6f9XhvWmAEOgYPw,109,0.0023840245775729675
GKN4PuboPpC51eRSvgIqSQ,22,-0.006853733268827609
GKNknnI7pZgPwjOKNI9NPQ,80,-0.01175696697631006
GKPtlxe7wdCWZ67Fx904dQ,13,-0.01597038603913273
GKohndn_sMk2nWCh1jkAfg,103,-0.0005616993208076111
GLG7Xxbwcahg1DZ0E7WHbQ,3,
GLSGyWYrl6t2TJl1ZS_tVg,12,-0.2112820512820513
GM0uSApeGf191_sqWsn0FQ,36,0.011012711379165553
GMQew93RTcPVK09i5AVXiA,59,-0.0027696285614837645
GNbRgiEV_XoaFQep-W2BOg,8,-0.003225806451612903
GNnDvJwtA9C1XFf-yv4KVA,19,-0.003205169545085197
GOSVLhjUT6TnrPhkkmDOpw,66,-0.05830485304169516
GOiajzGBbAevPr24G68XOw,50,0.0018744354110207821
GP0K5RlP2_6eTYgtLCuy_Q,33,0.005076917204260029
GPaUDXZP4OEoQcEiPrTBAQ,15,-0.0012056996711728163
GPcmuZ9f8qlzq4F27QV2jQ,26,-0.003403289846851957
GPs4ssH_b7aG-xlI7_eung,7,-0.0032252862441541686
GQ4VOEsoaHKUd8i23eCiDw,13,-0.01013986013986014
GQ75XoXnC2-AjdzUdAgioQ,5,
GQreqlUM6Jh4NVyCwExw5Q,14,0.008182861914205197
GR7eQKhHRbVWpzRsCAMfEA,30,0.0027853881973168393
GRMKMKiNabc9DNwCMNgG0Q,21,-0.018084003111226345
GROalyyK79uPqR8GnwpRTw,40,0.001573871288071498
GROg6x3Lf-Tp3TgiTtYsoA,90,0.00942483904576176
GRRMLWCU388_tfvpKYOM9w,23,-0.1630769230769231
GS2BewsfyISrKQXjXllmbg,8,-0.008057793831619893
GSRBHi_05ZhYp3EROKL_rQ,42,-0.009522399111440212
GSw55M0Aq9D_78Ot8J51BQ,12,-0.11519607843137254
GTaTcGEZSd71YHLlGR6k1g,30,-0.005902079141515759
GUMVStVaJfWmCIpQA4TtHg,104,-0.06684149383264427
GUNpbcLvHZLE3NpOifjNUQ,64,-0.011515824998971065
GUY8jHP3eUSuPTDh_kjBzw,32,-0.006911784209506127
GUwFJByGCwguuB5CAVpXBQ,15,-0.002662751847727042
GV65vWKhCQcqZ_knkGaCgQ,5,
GV8PIa7ch_kH9Ewe9keu_A,15,0.0047430830039525695
GVRTpquM8rSPe7x8XkmmrA,12,-0.2252747252747253
GVZUe3iXg75_Zp9ZS91y9g,127,-0.0022469829315719613
GVqXNt0HKJLpciN9ePxnWw,17,0.0006926153545995512
GWGXTKR0Fhdvzf_isDqJug,16,0.002533594624860026
GWH_fPOdtIjFZT4-XpP7wQ,23,0.008062462038833049
GWqPmrWu0kXB_-gB1H-j6A,57,-0.22161005963183825
GWsSHV8IpaPTQY6t-F-1wA,45,0.0010389300214951034
GWu4brzs8SDCsH-pbnPddg,4,
GWv1-6HFvZf4cOy1J6_CKQ,85,-0.06953003648448505
GX0REnnZMhsxlu3gSb-mAw,7,-8.81714595767771e-05
GXJyNhIlZ0_Obeize1Oj7A,18,-0.15506715506715507
GXM_Uitc3Ep8CvwEq_kpcQ,27,0.005720545277507303
GXSLrw48fYWpLJ__fxJgZA,8,-0.031452991452991456
GXhExRdP5UUDhoxTRWQfcw,4,
GXq1DWYHNlH9pEN-4XvsHQ,10,-0.0002429887617697682
GY0OfiGt04kur8WlviKacw,6,-0.0012615955473098339
GYAX9mPGYx9VfwDiuIl_9Q,47,-0.0051791713325867895
GYB5w02K-JrWKziBEwXcQA,6,0.004583651642475171
GYFDgaBkWnxepHoyJ7mWAw,20,-0.19649915302089216
GYn2pPeu3rwIcWmo1m1nmA,9,0.001125474307029391
GYwGTj9uXSpehe3YFFHWKA,10,-0.014822134387351778
GZAHv66k9rDSRx_JHDOMpw,11,-0.0008547233326320216
GZBMBov6QL7lI12iicutwQ,15,0.0024189646831156283
GZDUQ9P8oNRa8E3hJWXgmw,6,-0.01785714285714286
GZF6aC0nOhappc70jj5RJQ,53,0.004418262150220913
GZcZ5wUcGcIVAM0_OEmIRw,35,0.0023065154103647802
GZwgmKNS01hEWKQaRTro_A,68,-0.002641813853126168
G_0iXYnyIbmYKEMJLNWD6A,6,-9.495387954422137e-05
G_EgeYlRd9Y2wJxd9BK7fw,5,
G_Qhti4qDgecDduv2rKS6g,8,-0.0007907851153352626
G_VpU7J9do8ZRCLIblDBZA,35,0.013581488933601607
G_h3OH7YLOH0iqW4YQU2jQ,10,-0.038709677419354833
G_j7x1JiHw8_RrXNX3JiPw,41,0.00479809148539799
GaDeCypnvJKZBbv35hcpyg,27,-0.08985200845665961
GaPP9IECXksFDYGoSX1Wvw,45,-0.012880918893577125
Gap5d_aBk7k_HLLH9ScvqA,28,0.011473706456271354
Gay6ZhRBF8SNF5YudevDoQ,84,-0.000517397041461213
Gbfw2LQJGjrS6eHSsGo_VA,10,-0.0031031468531468524
Gbme3lbFUzssuPJsOfDUQw,32,-0.0098154142244773
Gd6yIH-qhf9uCdtUWs382g,12,-0.0004751915749818055
GdOJijsW30iiW3e1UrMHcA,59,0.003961092230165241
GdU2_p4x4-1ql0CU-E6eIA,48,0.0013819265682156892
GdWGH407h-sPzZw2Ui1hcg,38,-0.0070871985157699435
GdqZaRx-gN8IxrmqYTXcbA,22,-0.10671936758893281
GeEuj4Opkd3aM1yOQ_pOJA,10,0.0008186054321816884
Gf0SvZmsvEvB3BWpl4oBzw,19,-0.0007154193012066402
Gf3szNlyQWst4v49S-W1lg,93,0.0030998389694041856
GfIk-0bOXYDR8yXZkDCM0Q,81,-0.0006193679817968243
Gf_kRGQ3nyv3gsY_dH3Vgg,10,-0.013833992094861658
GgkFADywPR-BU4T25H8K-w,6,-0.003511852502194908
Gh7CumEuDbHjEf97BkSWmQ,8,0.001434029907071088
GhJ0L2bavp3FjOF9C9ghdA,34,0.016087852594666094
GhWF18Fsz3nGC914WPBVVg,10,0.0014026884862653416
Ghe9NE9-n46nCMdl-t8ktg,6,-0.0004551920341394025
GiYgZueGSUdTfG4wXek0gg,16,-0.02097804945818283
GibAacxd1kRIi2WU5DN4-w,11,0.005106278261404533
Gj5G0asdNZILROHEUEF-iQ,10,0.001375095492742551
GjvRSEmkCd19T3MkSOataA,46,0.0011994002998500757
Gk6EoDA3Bd9LDnYhJe1WKw,4,
GkjA0yHcFU2yGMBq72jEyw,7,-0.00042378673957621315
Gl1ETVQpQHX6n3dWSvX59Q,11,0.0011038256521534034
GlRPcu24wMfL0K7NjQlG4A,59,0.002592511382543754
GlhqPvCyTD-Pcorhtso2Ig,9,-0.014682981090100114
GltVrzwcDYT9Om8tW6H3FA,37,-0.0008195307108350588
Gm-Wqb_Jr4KX8QC0QqBDhg,47,-0.04208118925100057
Gm1DYE8Ko0IaYnpfvKhCXQ,42,-0.0062478062478062485
Gm4JTabNe81qEL5Lf9NcCQ,6,-6.044624439927766e-05
GmJDCmDhtKbjofeO35yBrw,52,0.003832699035097836
GmLbLU9Vhc9zyB3oYrUlrA,11,0.004115821586366505
GmdKnVxC7oA452WOS8W32g,28,-0.07851875860951299
Gmj3Lrg0wHaJnzshCxNG_g,14,-1.9043712645025196e-05
GmomRGW_omclyKXKDppsIg,63,0.005546281245881475
Gmt4tiyNB3XgtkO5R1ptjA,9,0.00012397303418975252
Gmwa3dHeqM_kHJHFrMJ2bQ,12,-0.0013668117849549456
Gn04KrDDpvk97Z8MdTgqGg,20,-0.041788856304985335
GnCO-g9SyJxnOwFmGpjXng,18,-0.018815331010452966
GnGxFpM5--XNJAZRUyDnRQ,13,0.0013977868375072804
GnQ1o_nd0dBzrEZ_b_h5Og,8,-0.05517241379310346
GnRLt9KWJ1vOC5BLw5BRpw,7,-0.00048076923076923015
GnXLe-SHVmlvx8vcU-I68w,10,0.0008547233326320218
GneLbZUn_GrzMz-GE6KfRg,14,0.0004738645476416131
Gnn3GHyNiMHk4A7FiGgrOA,43,0.00364963503649635
GnwEsZCA8gzKDB-pTRl3nw,10,0.0013174761429995728
Go01QF-ljjsCpmFFd3cISg,12,-0.01276595744680851
GoYSJ-YY-YwbxdgasHuq-Q,176,0.0147549372654562
GpEEc2ErQ2TgQk5sGYx9aw,29,0.01212121212121212
GpOC-e2vWYi1gADV1SI8eg,10,-6.99851281602658e-05
GpYDs9W3cM5D1mjNx6pxug,4,
GphyhvJ8tX-ZZ3cDxJwdZg,34,-0.0134817680079249
GqE-dUBnMmvJz_3REK6Ykw,43,-0.003929200259475489
GqFDqjsoyLGlxMJAWHjFmg,10,-0.011449077238550922
GqFZg-duGej4VifTbTDJVw,8,-0.01672473867595819
GqLG6tBlitl1Qy1j_3smgg,8,0.0001275111731665487
Gqly-fbSiUhgXGgP4hAx7A,15,-0.014479472140762463
GqrCrEwm94IY3rHbL9wRug,7,-0.005882352941176472
Gr6nYrQ_-3p4LcE4M84lTw,154,0.016051956441152614
Gr8fjNtHJHtiaQblq5cCuw,17,-0.0008158980127484063
GrHQITcWhJFOMZ_B2h3oRg,29,-0.022232304900181486
GrRrxHK9dWgibvUpcotxtw,111,0.001440430612941132
Grk1h4mwG5aFyI1LVsxwvw,10,-0.001495273007910477
GsLg3ZOgxxYoMMK9vlDtzA,5,
GsT0zZ0Sf2JE7L6YJf6olQ,7,-0.0015796703296703297
GsVytpXDRdxZUbV2WLJzxw,13,-0.00128581553103169
GsppfYtMMxI86N9FuXzccw,18,-0.0024814705978385082
GtC_ResrQIJid_WKLtrZeQ,6,-0.04945054945054944
GtLs9oOfNzBlR7JUehCVrQ,27,0.0028566636851520546
GtbN0AYvJvRLa9GLV6x7Xw,17,-0.004450716456795484
GvM2JY_uhNhIqqXZSrZ14w,8,0.024509803921568627
Gvi0ZAy2iuB2SHHMi-9jxw,13,-0.004608819345661451
GvlQw5zpaCLBY0pW4pm4_A,4,
GvwV987P6u0kaR4YAhwCzA,8,0.0003625192012288788
Gw3HYk6eS9KrycleuXv-AA,8,-0.0012862563508907322
Gw7UW0E2BguzL9suQnwDeg,69,-0.10021544793877421
Gx6VfCz3OTtcQYfsMucMGA,35,0.0008204591079689271
GxHVyjdwP6T412vxpuIW-w,5,
GxXgWMJKvkidWxfEHwDjPw,7,0.0004823747680890536
Gy6tBn6lrf4AN2Gr1I8Oyg,40,-0.10361990950226244
GyQFbvE0yteV1P7TBPYnBQ,16,-0.008403361344537811
Gyv8LxXIj3fa_hrDom26aQ,9,-0.0004355481419701604
GzMyIDM8KTg-doebtZw8pA,8,-0.0008665026833631481
GzSBK3xn2zL9of5-GoRQHA,19,-0.1288156288156288
GzWIBhi32It2LMgX2-c_hA,6,-0.0014177027931386707
GzWUL6ctJJnVmWuRzQSLBQ,24,-0.00808080808080808
H-kgJbRIqYdjOYHpbk69Rw,8,-0.0006539182602174725
H0XGVaiFWuyYSz6WMIBJWg,15,0.00470582049529418
H0eLQFT7e0U4ZAPURjASEw,11,-0.001566119914743768
H0i9L8ReZOYWV-BkvKlgNw,8,0.0013534713463963816
H0mtZ81wzpV0yh11x2iCUA,48,-0.0003965784173839655
H13Ujpop52WuIGLU2tqJTg,13,-0.0005770369657979055
H1LPlb5J4K-TmSRruICJug,14,0.0005822077317186768
H1UHnQRK63leyN6_vOfuNw,8,-0.08333333333333333
H1tnsLls7c6hOzZHGN1N2g,6,0.0005062265870203504
H1zluBWeIFkOamadC-j5MQ,90,-0.007147259557480592
H2-IBgi37Dx9JM1SNJqY4g,7,0.00043204320432043195
H2ES2RwZWnCCT6VB0ywYTQ,25,9.846311914037421e-05
H2c5e7PfcCg9f9Ew19-xRw,18,-0.027367268746579094
H35-qdYCX2N7nb-dbvjrZQ,31,0.0005972451282610109
H3B6ZCjtQURr0iWBXYmYzg,16,-0.04812834224598929
H3EK1Q8tqRGqPBps05Uahw,51,-0.14633158395266105
H3PBFYqsgtA_EZr5WgroeA,14,0.0008082394763338806
H3T-c6Mx1L7NnyOwva-irQ,14,-0.0001367989056087548
H3YlpHJb_nbr28eNnVgQqw,7,-0.00015093917710196845
H3_30Yyf1Pjateg9tvh_OA,14,0.14736842105263157
H3bRWGQMuX6_c0INmLh7Ug,4,
H3nfY0QV36HiVHkeJBrjyw,19,-0.005844155844155845
H3yoQNhw-AfdLIwScR1zXg,7,0.06153846153846153
H47H_73y7aZ9KHpzct-xBg,25,0.0013935719659423586
H4eTwVFJvjCL0asz94CSTA,36,-0.009528130671506353
H4l7sUyE7aWFL6Cmc725kw,10,-0.0037788274520700184
H4t7YAtaDQ8bKOW452zSaA,37,-0.026605679435868116
H4weAR-oX0WjGdyU-tWvyw,2,
H6kzeEtNaghedfO5yoC0Sw,31,-0.010865741645495405
H7-pLTKDqQNb62ngq7AlvA,5,
H7ViV-eL_t9XgOA8SeJYYw,82,-0.037429161358344676
H7XDiKMUTh4qmB4I3U8A8A,48,-0.013016568638757543
H7sj0yO8iVH8hI0mYQve5A,8,-0.09287925696594428
H7y-KJ-MEEfUhCPA98g8kA,17,-0.00022478982151688203
H8u-gnn80Am8ejA3YuOUyQ,67,-0.047111935683364276
H9YalVFugskHF38MfJWT_w,6,-0.05714285714285714
H9dXz4RDYxzRM5-z3FyVTQ,7,0.08181818181818182
HA217nXPzk9ZFNik4jx_Tg,16,0.00026450361488273666
HA7KZzk_Lk8pGfgI3Kc1og,10,-0.0016241064376987097
HAUzjmv7YWHulWLsgdgmIw,19,-0.20672268907563027
HAYfJc20CxJjvI72NmmV6A,23,0.004244620759460606
HAfeuAQDHknXY1jzq7HJ3A,14,0.0003870459863112549
HApa-rYgGx0goGEk0Wf8GA,10,4.516711833785007e-05
HBk165NRJcLWdPHzuSkAEA,9,-0.015406162464985993
HCH0I51c0ih2VhEQeaE8Iw,4,
HCIMrCc5OBJyTwicV_7GQw,40,-0.046512959499179295
HCN3XWVqv04fws8vkC4H7w,100,0.002156545866762277
HCrj9O5EYTsU0c5ebtfT-w,14,-0.052502780867630695
HD89IKBPqc29dK8qpu6dVg,6,-0.003896103896103898
HDFpIdD3BFYrrTIJuQTnVA,38,0.0023385814657161906
HDGTOksawKXEPeoCUrH96g,15,-0.553503893214683
HDvB3LN8R8EWd4WmFdbdng,7,-0.0020814061054579094
HE7jT6BbVTg0OrmLg51dzQ,21,0.00016121129743484373
HE_8eMbGMLPdhy2harLH4Q,15,-0.0029120588457566083
HEhVtP712TjJ9uS6Bxl21w,8,-0.0008206728160607704
HEn59vPykhJahGDtN0sGkw,9,-0.008607671398369073
HF1YWT8QVR7095r-aLbV5g,6,0.15476190476190477
HFHLReRcAlrehyEJje-PZw,9,-0.0038084434000486187
HFmLKshpSesBsPPU7zGVSg,13,-0.014387755102040817
HFuAKE0uZ-frIMjroeA-cA,20,0.08571428571428572
HG0Djdv_hQwFeE_-R2XFaA,16,0.2073529411764706
HHBbetQ-XRQYJprT5Qp9jw,52,-0.05342741935483869
HHIyL68LhYkX4RDu8rLNZg,8,-0.0008212207471597351
HHL5AD3DQo2DEoIE8xL62w,9,0.0008432197183687985
HHUnRJeJDPQaV38IWBoyng,47,0.0051862573434960785
HHWTWs8sa7cE3ksH3_BCTw,11,-0.10150375939849623
HHpkOkPN0sk7ScP7Y7XBXg,19,-0.019104991394148018
HI3d_nxaFBIq5SbJo_7oUw,5,
HI5ldaAiOYY-ii5LsgARug,71,-0.002669899782022675
HI9RLpYxQa3IcVZ2wVvJzQ,6,-0.3214285714285714
HJSY4FQViwzHnTF7d-IUdQ,13,-0.0008881501590222586
HJzg9b6lTivOIKJRv3Q_GA,35,0.006220345351626737
HK6Iew4GgRzV6A5zO2OXjw,12,-0.009211718514044093
HKBiW43ctq-aUHdt3q0-cQ,4,
HKVIsKtwyBW_X1HR0GeT8w,8,-0.005134400483237694
HKybYRX9b-Qaobnojl7-6w,3,
HLpuAT5-2mVeWKigV9bHZg,24,-0.0010589048235590992
HLrDflJTscXg3OuuU0SYkg,4,
HMFdn_aA3ASTKWqme7aMpQ,33,-0.06602040816326529
HMNvzlEacv6yge7m0YmNXg,5,
HMlHYl06c8pzNqFNDMAFuw,7,-0.010777084515031198
HMlqFPIHqiDV7qE1vREQXg,10,0.006638217164532954
HN7ZEswlnT9UneWubNVU1w,26,-0.005677866437360108
HNC6Nvp_rza7AhsXrFdENA,24,0.0014568903749701456
HNI6qvswn1KYybgJVqUWGg,83,0.011723760110856886
HNSozcDwK5ei5YsWsfUVmg,17,0.02545155993431855
HPHmPInnyYFbK8B6cYFaWw,6,0.0016795816314845212
HPd13-ZvIJ2XkmmhPEwU3A,5,
HPqTJ_yF2ZJw87yHWnSzSg,147,0.04712103407755581
HQD2fLfTDlHt8tdi8p0p3A,66,0.000438917750200759
HQRIfDw-q1NSwwxiRJUIXA,17,-0.03132161955691368
HQYCwGVhgp2sahAATJbnFA,26,-0.021144762434009447
HQolH8hSvmK8mhZc0bYVRw,4,
HQymRoSeLWncDt2vZrSW2w,5,
HR7C_tRAEgzTI8_yd4NUUw,6,-0.00779220779220779
HRImZ4HeqDJQ5hxSMMlW6w,54,0.02829435709154761
HRdeb1f2JYk13-VkXKeeww,40,0.013180176534939832
HRh-JeWCnn2sjG_HenWG5g,31,0.022036474164133738
HRwwyvm2RiMdaTWOwzhpTg,18,0.0009095406433260842
HS5CfzQ_gOJHgqwtv9rvNQ,115,-0.02308141799766264
HS741Ek9wipds4usHKulyA,6,0.000834687870667311
HS8gBkXfgpRCBa8oP4JC-A,16,0.0002050524934383201
HSE8mV8pKmnYuo843dBIhQ,30,-0.0006711679125472229
HSTjQ_z0-k_m8ZkbmWSBnQ,10,0.0008038995125609302
HSXvx9ajd9cGDzYIScmrig,25,0.000377817891776164
HTA_BhZ9ptTTurDlm-cxew,4,
HTJWXGmZA5dCBV9ylvLjUA,17,-0.013349565509424458
HTOGECTmHHrlMYqnU40jIA,9,-0.008441258094357074
HThZ53HBR4UktXa2TyCaaQ,5,
HTqXI5S2XcSlh_ylx9sE6g,131,0.010035727616914627
HUI4BzH9yfLB6PXnwgUX-A,10,0.00019566189624329168
HUVLNeBs32cInBZVFS90RA,55,-0.0704032809295967
HUikwo_T9mnpgk0M7oUHXg,31,0.004251012145748989
HUp0fqvl0XbZmrCp5FfBjw,27,-0.0029211295034079843
HV5W4i7iXWjLPxAvxPUHrg,5,
HVOHC7EyUMYdgV7S6kd0uQ,90,0.012223771348902063
HVz5AY2hpuSi4UKcw6hJYQ,7,-0.7857142857142857
HW5LkI9qeqVDwHqhd00_8A,129,0.003761562742318266
HWTq8bdRdf6feY75Twgwmg,22,-0.2170940170940171
HWemyl5lI-BMgl5zAb8bkw,31,0.0028504727141401504
HWrG_7G3lN_0TR5b3N5YWw,25,-0.11914829356689821
HWunRZkrbkdvMgDsr7_b6Q,13,-0.0018698483304664757
HXNnAl94bXuhBJjP0jPL2A,10,0.0001342842648682525
HXP-l9-asO4-7-ICzsKCew,6,0.02197802197802198
HXosq231DQ6MlXJym_8yTA,27,-0.0015046802554457175
HYNJFIp1x-8GjkxGcVetZg,68,-0.010851769447126484
HYNqCK5AxSv0UsX0AFY8sg,13,-0.0013241213354089273
HYbQulTlnV8lButMp1kuBw,5,
HYjvyOUbkrF8z9MgII3K0g,8,0.00017496282040066483
HYnOTG5ss5GtKQC0obLcEQ,9,-0.001273353512159482
HZN82-Qh5UUi14nIS-qPlg,52,-0.0023378191856452727
H_JO3CNWRTRHmstEyvb31Q,21,-0.030951499444650133
H_RxcyZ-4N-Wg2baKMXdTg,9,0.00011901244295610499
H_lYfJb0Va8O0QQ2W4zc4w,66,0.021421083284799067
H_yVbOCHTEocWeXl6UXkIQ,89,0.0026408705136766967
Ha5YbtGAAR_CZx4MChu3sA,5,
HaME_WsTgD84z-Q78tJ0Vg,18,-0.007593307593307593
Hb4xDlnBd2N9jJND4RsqLw,9,0.0023013723416887666
HbE4woza8xPEE4UBnRAyTw,15,0.007071189679885334
HbbPQJ3Ccy8d2kSEPv-StA,11,-0.0006874669487043887
Hbd-b99EBCYTZfSaZz3tHQ,5,
Hc07aoVY4GDe9Eu_y5M8ng,9,0.006019871420222093
Hc5oZJ7T8XOqwdtRUPt2_g,11,0.0010836975761297552
HcddEbhaQ3wgyEFoEZSeGQ,138,0.0026780637580076593
Hcpnj06bcY9AuvhDjMGTkw,6,-0.001920942542474174
Hd6U8p2-9k5CWY1ScrYong,15,0.0016611295681063123
HdCTQkA_8XeYeqoX6XPPZw,13,0.022139993832870804
HdEpUNV-7Eqr8ID-blUHgA,13,0.000663919413919414
Hd_nssBYzYDdwd2_i1dfYQ,6,0.0009388335704125177
HdbG53Bt29qyqYhjl5NDOw,14,0.00049819281614427
HddE1bPVuTas6hACmHVcUQ,59,6.473426148267653e-05
HeSOeHKVNoHFWWComKEKcA,14,-0.031991744066047476
HeUS0X72RccElOPKaZmnSA,41,0.004759322636561625
HfTgJzprirtASpvubd0_rg,8,-0.024471635150166853
HflF4zXqD6jNqekOvtsvww,13,-0.000713877784123358
HgP3GGeQaujK18LuTCKGpA,5,
HgdemRov0VTmXtwVg3Zn8w,39,-0.0005840740068927988
HgjHiBZtYXgpsBhEITn-EA,9,-0.0010576414595452135
Hgow38h-HeIeDYNnitMWGg,11,-0.0015565080081209111
Hgqa3SSaNQbNTbniScCR7Q,10,-0.001628310898827615
HguxlcVKp23-NdBGstw9Hw,5,
HgxY_RnJFGqqSVO32nxS4A,57,-0.04651424528908612
HhU92tUeDvBGaFfgQHISAw,14,0.00027730843146612334
HhVtu9x95-hygnUjQn6yBQ,21,-0.0013141314131413146
HhaL0aFNFXsxitfL4E7upQ,64,-0.0006202418271383793
HhigppEaT8hbG4HTTh0ueA,10,-0.0002609786885913443
HiKFAocRpRHvZ-Wpg1ZjJg,13,-0.0012182573980326781
HiQkn7Rp1mZda-oy-2PBjg,9,0.002215189873417721
Hilkfh2JgsyxSWrlqIyAeg,13,-0.01215663354763296
Hj0DOOPs2bW_Rqd_Zv1MPQ,6,-0.0029411764705882353
Hj_mWzPoyyX1es-a_x1eXA,23,0.0004178672383891628
HjewUoIXMm7yLu3aqQVTLg,12,0.00019053607324206648
HjqJ1ch3PUSOdS-K-glwoA,24,0.0012568850345716631
HkQ_ZTwjVMxBa3HISF5heg,14,0.0006323246658121223
Hk_EjFDeK5u7rlYEUx6a_g,5,
HkhqlX-GOrm96yvG3wHZqw,5,
HkwI8KWCXAfbnlF8g9AM5A,8,0.0015243306624975572
HlxVm95HBTAzaVzQO0YQvQ,7,-0.0020989882876453554
HlzbNeFmy-EyZUBth5iNWQ,9,0.00010819827333588791
HmabivmdZ2N5SE5rLDsviA,15,-0.01702127659574468
HnDdcVLvvpiaoBYXDO73Fw,30,0.002698109320637246
HnHAbKQmecWR4VCvub0AdA,18,-0.05675213675213676
HnHkLgV8wijyHI0XbJkv4Q,11,0.0001236858379715525
HnK0o3uQwixHquSVLmJDnQ,11,0.0012636012636012635
HngRiL6Z3DFTDnNsXZ0TQw,93,-0.06907847884916685
HnsKjZ5SXBOwsdur73b7iw,10,2.7211348642773444e-18
Hnz1_h_D1eHSRtQqHSCZkw,51,0.008276533592989289
HoSD12A8J7m-q-F_Z7s7uQ,14,0.016599190283400813
HotEtVKhb7SVb7AFgp4O1g,45,-0.03877597109304426
Hp2MjhmTbBMiQ1Ez8LKfdg,12,-0.0020648259303721484
HpFEBBqIQOo5QdBTVZ3FyA,6,0.000918165803661987
HppAioydGJk_W09OJXw_QQ,21,-6.706908115358828e-05
HpxdtJYWumMuLV9Crvf-Ew,8,0.0012942281598998016
Hq2uJuRncYz51VsvMDG1BA,15,0.000549073438572409
HqOdvnCuA5SxRiuf3lNgig,43,-0.0013302514269541016
HqqU6VFDSEcV7s9FWyM9Qg,16,1.6634506620533546e-05
Hr16lbtrtvZhFr9vvkLW1g,20,-0.0034087513134682316
Hr6LA4Tr2oAjCueASWexZQ,10,0.023076923076923085
Hr6aM0s-woIJaW6DJSbvNQ,146,0.016787008058355306
HrGoblJqsV-Oi8jcH-6pAQ,9,-0.0015810276679841893
HrIEc9gVWWnjqn9OiglrVQ,92,-0.023302666896186784
Hs9P9OzfJpATwWkp5aYx2A,42,-0.0004926691820994874
HsBN0LiWQnbcltRIOWOslg,93,0.0077692073897007476
HsRyFKdU70DKYpqai2HEIQ,6,-0.00046756282875511405
HsmNo7bzZwYCfu9RJAcUEw,9,-0.0004069451980466629
HszIFq0D6aZKJwW2hVwWLw,12,0.001415724110134267
HtEd7ZDKlR0nQZbc_QWn0A,18,-0.02076923076923077
HtHIZmIOEaEIKaCROPtnsA,77,-0.03064378293690357
Htnv87XCc9GXuE6hKEHnNg,33,-0.0015841584158415847
HuDNHqKv9n1mWpe4BqCnwA,41,0.0010371175308743225
Hv7e5Csyo4pfX60JtBPj3A,26,-0.01201213185409849
Hv8nT4XiAvIW4PEwBvykPg,7,0.0005194805194805198
HvcIFoojaEFIGUCWgtu0Iw,8,-0.0020302070195945725
Hvg95-6XJiE3B8WF10XAGg,10,-0.0003849898384893591
HvmnXUubTdxHK95SS0QiJg,6,-0.10714285714285712
HwkfIhwUHcEaRZv84BOMBw,11,0.0004775961792305661
Hwma6sNctoesQzcRsN8CSA,5,
HwtynrR0JtrHBzqLUfqRUw,11,-0.00925897443784798
HwvLq9-ibWnUkeImlMC1Iw,36,0.008663799968147798
HxBT-rFCLh3KKWcl8Rtf2A,12,-0.008906882591093117
HxMe4b5Z-VcIaM6x1elWwg,19,0.0011520601476806684
HxSAlo0GRb4JTmDIxNw68Q,66,-0.07309021350117241
HxX6dXDeAOpkUPT4xT1wiw,13,-0.2857142857142857
HxYMoEFg4mL2XDxfd605Dg,12,0.0009954167416071794
HxdaEwpoXKll0Ze4nhS0XA,40,-0.004881261061036342
HxqKo-FK8L_f_xPpBtebQQ,46,-0.024675324675324673
Hxt8qo2hEraEbxEO9k4TVA,65,0.0027873394104389044
Hy-gZGsEpgZhIaARnaBKdQ,17,-0.021080368906455857
HyALuyIMyol-hL4eQQBbmQ,5,
Hz40F0hsr4CIrHGHcRZ0Xw,15,-0.001986713851120631
HzKZlWwxEGgGjCL7M1Kacg,35,-0.030564045568213388
Hzp-J1e8KwOgo24lR5RVWw,6,-0.00024342745861733183
I-478nfv8RXjSW-evYXxiQ,5,
I-VOMeptMsM3ooF_2zWO0g,16,0.02371541501976285
I-bZsyEsmlJsqYObIF2V7A,95,-0.0007411358294209211
I0AJ0BKPdzT-fIUo1z9TUw,7,-0.001534526854219949
I0Vb3hAvqdYfpYvZ3U0sXQ,5,
I0gSLthWBsiUPzBft_CZ9Q,16,-0.0002929801945388492
I0zkCIn32FyVn4k4e25qBw,6,-0.004705109968267864
I1H5s9cVCGh1nH-4bhsSDA,122,-0.027560554930633675
I1JIxBbo1iDCqn7NUnE1UA,6,-0.5666666666666667
I1cabgmLp60mhm7UTY-vig,7,0.00026350461133069854
I1o7ggb54e6-OYhiyabjgg,11,-0.007101306942660725
I1pRPU_OB8-gzgKOSl9zFg,10,-0.05454545454545455
I2EK0VsOnF8pFCs28PHPdg,10,-0.6225641025641027
I2ISRV7IybkMc3HEYKUE9g,158,0.011752680676415533
I2Yt2mJp0TJkdOnIpuOwew,5,
I39Gnp-se1D8-mvv_MumOw,89,0.006916020414312268
I3LSnL6UfkgoslMzXSYvDA,104,-0.002288417706884338
I3fp0l4Qkvhkiu6lkVYcdA,10,-0.0048852962655183685
I4RP2WUlqoOoIS_NDzeXaQ,6,0.002797202797202798
I4Szupt_YHzR9dczcNzfeA,101,-0.0066886883406299886
I4TFiNX5gTsJBnEGH2Tl8Q,27,-0.03775030090819564
I4cEvMuHycbWp34Ayh57DQ,5,
I4tDL_n4rloVGpC-AHbGXA,7,-0.01646273637374861
I5Bbg2aiQGRhe5V0E2DPXg,2,
I5KZm-NnxYeEQsmp6nK5_w,128,0.005094575641560216
I5ueHDysyhKzHkE5Nw4Rew,59,-0.0007652509095406434
I64-ojG2iHDI2MWNL_fjtQ,9,0.0033422459893048127
I6DZQ3EvWniopa1O35titg,5,
I6Y02PJiMMlXMluwXuU5pQ,18,-0.012755102040816329
I79keuDOkqf1CFjYDMRMNg,72,0.003302817188796539
I7Uj583oxTXdbmqAEfCtaw,8,-0.0018966334755808434
I7W8NCBr9MuUg5BiRZiqTA,32,-0.06100131752305664
I7reDf2Lh1wk2LzcoUFK_w,3,
I7rg5l148_dRkvsxfGbpxA,6,-0.0004915514592933948
I8DHKbMYQDkWyxGMmULlTQ,15,-0.034975369458128076
I8Mp86nc0nWOkBZ_Byc6cQ,7,0.0011987492295774409
I8eSWVzc_y9ORuKWgl07Tw,87,-0.033902288188002484
I9CwI9oIr0L67KLS8UC0UA,21,-0.01080069124423963
I9DCtzUgR4gamBFMVsdY8g,46,-0.012706488406046582
IA4QzPw-IFXwqgTg1XMN_g,6,0.005555555555555555
IAj1Lw3FAOY-yZn4IO7ElQ,16,-0.00019022534386889115
IAuLHyV0o-BZ04oyIp671w,30,0.001182118211821182
IAyHcNx5IHoLf3V4dlgFCw,56,0.009634101358926882
IBIp-yVFl2PxYS-rgc19Yg,91,-0.00014785973040242484
IBXxheRBebb5lyrPGIWshw,11,0.006472795497185741
IC4r-CreIIONpsXIrvtGJg,11,-0.00047225501770956324
ICE-U3f_bpDMlTQMeVvrGA,14,-0.0025607799580402322
ICn-fL9g_F7nhL_yalhnqg,19,-0.00037203720372037214
IDGg4Ax0iMYBtSKRP0tBbg,19,-0.0011579151406331295
IDJNpNJZ9uVpjPHuAu7c4w,7,-0.021994134897360705
IDdVpQSDPe_VSXvUU68JwA,79,0.002908093998202937
IEQ5GMVDXat-yOI4Gf8TLw,21,-0.03588130946621512
IEQLfPmCLjJU8t_qOnPIxA,48,0.00035526630045378557
IEcLzwD9o5hj3N5aKzD-ZQ,42,-0.0028665990498051566
IEshRsQ4MJLy3urbWgURFQ,5,
IFFuw9ZIzpcWSqu2OHmjZA,103,-0.00974875711213199
IGxrAQcqw8Mr1x9WLXQsNA,136,-0.041012985260235404
IHCSJHLyz2MgXpJAVssC3Q,37,-0.004019454382826477
IHWhkrT1BYqTqU1km0UCfw,6,-0.001858578234822397
IH_ZeeTh13jQURbh31d1Kw,71,-0.0021739585294917665
IIJD7kVuO9k3VCj4hVjh3w,46,0.00300091474228536
IJ8Typa6BGckVuh1jhjy4w,114,0.003267503127250672
IJjBbfsG4Frje0v8_jQ4vg,5,
IKLm7PJDrtFdZE2N_D3mUQ,5,
IKO8SSiSg2Zl3K8fbgrxYw,6,-0.013367346938775511
IKOIffVmSTZj8HkJbY5D6w,7,-0.890909090909091
IKOtPpMJTtvEkDXMSc_wjQ,7,-0.00014348849222292387
IKUTq3R9tceSewcsTFxKWQ,6,-0.0012265512265512268
IKXaAODca0KYqr8Fo4sgjw,9,-0.004901960784313725
IKXioGicvU2I4atIkTpTEw,23,-0.04906191369606004
IKvCKwRrj9_m9mR2pLp8HA,11,0.19930069930069932
IL1t53JLx3Gu0rUB4P50EQ,33,0.015306122448979595
IL4DTuh0IcO8Tq-tGUx0lg,10,-0.3602941176470588
IL5uM-wSJCc19cclqeqGqg,34,0.0032689287410058816
ILZ3hdPSOd65uq-iuC5w7Q,24,-0.0022980030721966205
ILi7_ep3fBfUZdJrXLGW2g,25,-0.00022444170126809576
ILn5k61JhHO3dHmv_JVG4Q,9,-0.003822937625754527
ILvJAuSP0sYWJKAQ-Goh4Q,71,-0.05984244539836785
IMJhGf4nyvrL58964xB54A,40,0.0023413350200467246
IMVCi-j2InXt_dJn5mnxEg,13,0.09090909090909091
INzXxeWaJD0dXM5mi6bP3Q,49,0.014010324967920984
IORvbG2rAIVJ-1d148cCmg,99,0.0005193815896539194
IOroNIZhOtGM9nWMT3PaNA,74,0.013593579940612532
IP_E4SHLClorhNg4o5bw9Q,41,-0.10452961672473868
IQAeeDGSUUA9_vsw2Beg8A,11,-0.00019445164635727223
IQDtcYxo39RhG6sYjmm12Q,18,-0.00836691377772309
IQw4uJsiSzLenDFVnM-DLg,26,-0.045141700404858306
IRF5JWf1dByxOwRxhz9Sbw,40,-0.01359496482784154
IRGEHIPSekadwUGAmVA5sw,5,
IRVQ6INmgAvl2dXU5ChqWw,16,-0.14516129032258066
IRsSA1CAr-GFRr_80h0hBQ,54,-0.01325879674503528
IS3h8_4gL_IbmpVTKDB3LA,58,-0.10764860139860141
ISEISkjWHewbr9ZOlJstbA,14,0.0010296707763175724
ISWkfjTIT3LOWvnUSUzcyQ,5,
ISi0dQy91K16TLR8zo-hQw,50,-0.047005625952994366
ITCclruFXqB7r24N-CUTUw,38,-9.483017496167449e-06
ITOkOiX-hfsazVPpFFQVJA,114,0.008959334348998007
ITRCsFTe83h3SSs4Dy347w,7,-0.00609756097560976
ITfY9vBKaaI6guN0ewhD2A,26,-0.021797451374916163
IU6FsZm-1BAEymLBYJ_PMQ,24,-0.047619047619047616
IU7t5rJQ299EYuXNul7Klg,12,0.07636738906088751
IUQLbsQYryEO6py1araQ4A,8,0.005348026902195931
IUy1uzwr_aQ4nzdBNMwgRA,12,-0.0002739843315210409
IV9Zoou8edeyGZqaUQ2c7Q,38,0.0034712950600801072
IVA_KlMolrs2LVWLVXAs8A,6,-0.0012947248709649205
IVgqdMqFPjgadEVoPrWKtQ,6,0.00034188034188034096
IW19SVvxiuRlSt3QQmx2OQ,14,0.0018374095032439048
IW5nVwCmmhL6cENHTst2og,55,0.004077474249888042
IWHdx0NhDKADkGOgXgOFKQ,166,0.041761577003405444
IWaYoVUU-qbH_nTjgG4gdw,12,-0.00022531789415936834
IWbAT_jOGwJuDE-BAZ1Riw,70,-0.005668754649962803
IWqQjclp1fxK3vuqs5nNzA,85,-0.0037293297357946184
IXA7wKzcL7A9dEJ0AStN9g,14,-0.0852216748768473
IXRSMV7U5D0sYJvArEbm5g,107,0.002263638094908329
IXaeTjiYZEw6fukh_X57xg,9,-0.021052631578947368
IXdXM97Sii2-JVrNnDKMhA,23,0.012574679943100995
IXkVHVU9jY_VTwTTJ4ZlRw,6,-0.0009725701296571691
IXmbT3oONCTKVqUdP8ZB-w,6,-0.0003339517625231911
IXr5oaYWFbDJN7CcdcyQVQ,36,0.0005642395410219536
IXyGZtmODsQZ2qfVzsd_eA,6,0.0012803828554636665
IY7cyEidmdGsxGzb2-gx5g,18,-0.0028430371127000347
IYkcmNBwqmVsc5eVbKGq9g,5,
IZ0ZgTbvsAK3moTMFK5FrA,8,-0.02380422691879867
IZIS2BYNDD9VDB2p5a35dw,7,0.0013965201465201465
IZIjOSlY1QqzGUfgrnB32w,26,0.0011318601579022446
IZT4vXB3444kBF4E-0xKgw,6,0.0002648033621484948
IZ_syZp77K1ewunXZlVEcA,14,-0.022996680891417733
IZkYUE8V8hknaSnnn0-Xig,10,-0.010500868776913195
IZl9xDTwW462FKkwEg7EDQ,42,-0.08310929281122152
I_x0qFo4NRvS1nfiPz_G8A,10,-0.0001944984717977215
IaIgyHK4q0Gc0Sc_-6Myrg,29,0.002955097337119809
IaM9xtcAYIYr49L9_QEhWQ,13,-0.0006716396581782847
IaYxqtDuBJ7YhwL22X4zhA,19,-0.003342366757000903
IaelRCI4Ah5oxiHuBnFC7w,37,0.006900895856662934
Iajwf3yFrz2oajOZ_qRDKA,9,0.0017039922103213245
Iat9GjPmYd_mh-7gvkGI-A,6,-0.0007492153487901185
Ib9HV7ekw459jM1Ksdiyiw,105,0.017604170854944846
IbJqpgbMZGPcFDR0DNiaeQ,27,-0.015942028985507253
IbdpXTUI56Jb5uCqUsKzhw,8,-0.00217131935923461
IbfjmW7svGRQs7zIBwx-EA,13,-0.11764705882352941
IbuP_D_bXRLN7FYSUL1ajg,5,
IcLm9Z1zphLnzUvrFK6aiA,146,0.004276890640366208
IccxkISZzU6zycUBCKRflQ,9,-0.0005514591755867935
Ieb62CSuneOJhW9rJOT8hQ,9,-0.0061538461538461495
IefEo5kZdwR647j8WBUozg,7,-0.024675324675324673
If0EcO2DAJl4ojvNmr-NBA,11,-0.0021696528555431136
IfTiafVaBhG2_4vV_WKHiA,12,0.0009104819231401512
Ifg91Sp981Io80sqMBr8Ew,38,0.0027615174940792725
Ig91reskKFPK6FxUcVLImQ,63,0.003350581177352831
IgNDlyLERBwFGphgcC5VDQ,49,0.00838689612274518
Igfj3Cxs3LXB9xB0GEe9YQ,8,-0.06191950464396285
Iggez45FOelUEv00EznD8Q,14,0.00035766372664768384
IhkMaYrHMVfV9CRjHc5ZBQ,28,0.00168158149809526
IhtoO_V7a9iNOew2cszvZQ,38,-0.11860990162876953
IiZNPhS7CLFI3JoTHau_fg,5,
Iippi8QXGvHycSGaaeQThg,9,0.0064285714285714285
Ij4Qdluz22N4Ca9wVYbn_Q,6,0.000489225393127548
IjMs1n7UelI7ev_5IDl5kA,128,-0.01501333595267059
IjaRokBRNoiY2c9_nI-SaA,5,
IjbCqowo-2Le0gXhDS4OtQ,10,-0.0005473453749315818
IjzcfMi8lQBN5-3CuYm5zQ,14,0.0019230769230769232
IkXqFVMhfFt46ANGagNQkQ,41,-8.689147632396174e-05
IkY2ticzHEn4QFn8hQLSWg,192,0.06586818383330872
Ikqc5tNLqyCafgcOXaZ0Ng,89,0.0038919103619123566
IkxaqBbo-cDZTpkdVvdUXg,15,-0.003685329553508151
IlAW63SepzVKroXXFjeo7w,5,
Im4IDA9RXycirW_EZqAj5Q,30,-0.00885474515611502
ImfWM_EShTaz4F300vZs5Q,9,0.0007435093641990194
ImskA2HuVbTc9KQtH0kIjw,12,0.0003499440089585668
InPU6eftzlVdKTu3897Zdg,17,-0.006312098188194039
InawP3IfShNTJjSeLMDmGg,31,0.006522196507468966
IniyEQNtws9g8Ts66-fatQ,3,
Io5Mvd_1bSjZpa-dyjOZbg,34,-0.052653061224489796
IoBETK0vHznKX008QYQ07g,24,-0.010320915981293338
IoEjQnHm67nkTRdlIb5FoA,34,-0.03823953823953824
IoeHxi-tXbCUS47M9Lagjg,18,0.002109111361079865
Iof_aWES_rnb8jj9Pi4S_Q,7,-0.2637362637362638
IpUlqml-oz2Izby8Hsx-lg,13,0.0029591836734693864
Ipkx4Sa7ybn8C6LtTqTztw,72,-0.2441475336034472
Ippv_wErDDItMRwmu1de3g,92,-0.00046041542326081674
Ipx423BSHRNBXuMwUHBxqw,28,0.0012676940523683202
Iq5svbpQv05faAs1i4G-IA,52,0.0005859603890776984
IqyHN1g7PO179qtqDf01tw,40,0.001831628638867034
IrJbptQgdCXC4avPQKeChw,13,0.01127037969143232
IsRc98sNAR3tuPDB1GJrZQ,23,-0.004394079555966697
IsmxvaMe2i-eWnHDyC0WJQ,83,-0.02369952389349321
Isw145X5g5kpZblQ4BxE9g,38,-0.046072341980270375
ItK7wimYGEXb-XrfVCQByw,10,-0.05438596491228071
ItX4pzCynRB3s_toSaT5QQ,24,-0.0044489491091432845
ItgkjSjo5rXmnBH3Vww_Xg,36,0.0015228692958042323
ItxBRdovLG1Wl67DOr8_3A,24,-0.00304435307497157
IuFt1CTq9-tWu192kCUAxg,14,-0.003934642136889326
IuLBhQTVsn-XIYk_n36NEg,11,-0.004902804608253799
Iv5of7UP6Eq-OuQzLmIIgQ,16,-0.0024352230664328846
IvAa7PvfOYl0xRML5W3ebg,131,0.0514322181072542
IvIItKgPAhsgbxwRczEQeA,37,-0.003924207383616718
Iw8uqNPxviwcgxtruAx_LA,176,-0.007887337181706392
IwjkFCbCyovE72tT2ekr6A,6,0.0025802289953233346
IxE8Vt-OClElR7lAgjXFcg,27,0.001412246378689332
Ix_88gFalSxSCsz5Fbnl7A,45,-0.19166263505886147
IxopnFY3N31qMErNHaRTGg,49,-0.000631626438078051
IxxLhFQ0NOdPY8lumTtisA,4,
Iy0CmHZ16A_XCw2nST-Fsg,43,-0.008985449471795894
Iy5NjdEmvreKhE43k5nV1g,5,
Iy9IBht60mlX9bEyez-oCA,9,0.006916996047430831
IyIZSTVm6tTt5AhAz1sX7A,35,0.0020216103171836874
IyJcI31KqXROaDAtJNf0uQ,50,0.0012497159736423538
Iyml-SRyWR_nY_r76wepRw,5,
Iyopb5uFIBT_HOgp8ipSfw,122,-0.020348246299699703
IzLOX3tUTqQFBb9kHdu_wA,59,-0.0005405094589155318
IzTh_D90T7LZRxy1lgAG-Q,37,-0.09013574660633487
Izde7Mq_4bPFyx13AQ0U4Q,14,0.000548635269766456
IzyQVIJG8JAnOiRQPb0-wg,46,-0.18858509911141488
J-6zITFsxeTL3wLBeDDSWg,25,-0.016130114017437948
J-7oP_UaDIYG8CZwFL70kg,38,0.0019512889901723404
J-ciDDEdIHMcChGIyKZnOg,63,0.030298921956659623
J-sxpWHWh8Q-85nEhcEYdw,44,-0.005952642446074772
J0_WwhnmqLLR83WArIUdEg,20,0.008547008547008555
J0_ihDCYiXm97XVzbx0Drg,5,
J0axQzhoWD6A_iHoW5Bi_g,11,-0.0008766914427291787
J0jCMhGSKiaYM7rmxSnMNg,16,-0.013379765395894428
J14P8Bo0yDYYXyASbht5xQ,8,-0.5
J15SxNowo_p87Gq4LWQTNQ,15,-0.003228888923138572
J1VkNgVP-iNNZ2TNgC76cw,24,-0.0012870884703969656
J1_GoJjDYmjOVmq6D5mAKA,9,0.0006068706426326625
J1yeiRSPi4qOYKilgiBbIw,5,
J2fh7F5wZ9BwjfKbxqQWiw,35,0.022855209326648005
J36em-jyd2inHyXC20jtXA,128,-0.01469967431011997
J3nx8u-uRRejlfyP9KjFhQ,49,0.0019317942734732132
J475RpmY71mhvYvC9ep41A,41,-0.03120311197554876
J4AkXVvFZ4xyvGIrPNPiRQ,13,-0.0018137390734816235
J54i6cg5rVVFq9cwzKhk8w,17,0.001852789308494482
J5BAE3NCOe8YEg-GvOOF_A,23,0.002628617429376442
J5CxTCM9nL_s-qYByTiNgw,6,0.013750592697961118
J5HBKeeumWQ2465BpGWZag,5,
J5KCZj4soXXiMceLe-FJvw,16,0.00036183054025547875
J5hBRIiXk4tLu95irojFkQ,6,0.0010526315789473684
J6MGQigHItdSlG-3XZ1myA,25,0.0037143781884314835
J6bDpaw9QQ3qqncfIK4StQ,45,-0.007967313585291113
J6dd1EFN19qXrgviccL5ng,7,0.00018937899471316945
J736SbVQcqIm-CDdIntt5w,7,-0.0004723534315087531
J7oMBdDypJ3lc738Luxpqw,15,0.0013789581205311543
J7y2QjnxKL4w1VP9ifcuSg,5,
J85Ien0NnLdWhtopkfWA2g,6,0.0005917315379760152
J8CjBAE1l3A4Ny487_5VvA,5,
J8Qrh33-kpXQxju3boUfoA,7,0.001700180512992738
J8S7cPPlTgsQnXKVfTyN8g,82,-0.1111394619814828
J8UPVO_FTALzvJ0tlMdr8w,51,-0.021321056584059812
J9Vd_slUuhnyjZi47Lh1ug,48,0.008965407807045384
JAMmjTFdUGBpV24K1riSjQ,10,0.006715506715506713
JASlc6gfA2AJ-VaLXgPgUw,46,0.0032345013477088954
JAeJ7ziCPs64JlowBQyK_w,22,-0.002380629408572979
JAiOA2A5Fds8ksABI1GNRA,8,-0.006060606060606062
JAwXfqM-coveEnxOpKhEvg,8,-0.0007654735000364511
JC1p7xrsv5HhWPfh4fpt2g,16,0.0015721572157215726
JCFoc-tILAHIf-zqSatBdA,56,0.0005479589670060207
JCpXQbh5efRvZ7pwqikMrg,5,
JD819tYQ7ApQXgCETtzsIw,10,0.0009228213725429878
JDBFp-o17rOGth-KeBCvNA,4,
JDIhiL7qjOoXdysO7xxvmg,52,0.0018357841465154211
JDM7kiCEmeBc_5W-z6eZZw,6,-0.00040165363741452613
JDPGNFFq6kheUQVb8Tt-RA,15,0.00024658153515270926
JDv3h1xRFIW8fXckqgTdRg,158,0.005005018582318314
JE7SWXVgY73azAd2I8Gq1A,91,0.010386929891573854
JEeDUd7ZrUO4jwy_jBnelg,7,-0.0006040471156750223
JErNh8byJAEMRAoPTifV1Q,13,0.001217413206834306
JFKaix06XWdtt7cvSeWUZA,124,-0.00423968193342263
JFjEZFxZwBQx7DkmqzCk6A,19,-0.3915384615384615
JFq-C0k28iKmWdJRWA6RDg,52,-0.0017584189156914251
JG8y0w-3daLWTkyC2ZlZLQ,18,0.0018302750129723096
JGVfQFOMFd_6XHkiGj8bcg,7,0.0004320921796649951
JGhgV4FBAwMTr8w-_UcZJA,63,0.018789553086855152
JHAfVAOo51rxW0Hh9XGxpw,81,-0.01021902190219022
JHRlwxxKY0JJcU97rJ-Bug,183,0.02815795394884872
JHgfIjfB_C5LH3r7e8hV3g,23,0.0024817674244650445
JHmif2Bu9nmRY_-wBptbXg,9,0.002532005689900426
JI-n3NJ4yTJBOybNPQQ9aw,8,-0.000893407444685074
JIBa5XxXMO2IVP_p_o1Kkg,5,
JIQgUceja_UVBefHpOJp0w,5,
JIepYkB28YEsV-WVzlhv7w,18,0.0007248340333288172
JIrsBVXBPGeW5hRZvX7ZuA,89,0.0048013283936306035
JIvfg4W979rqqfGDRD4MXA,11,-0.07170224411603719
JJ6tYuw5Ms_r58DhnMtOCA,57,-0.003341796201322017
JJMyxZhrGS0V90WcovlxDQ,7,0.0044603033006244425
JJpkrCogVw1EK7xDo29H4g,8,0.0012047076267259751
JK5y33Om4fm9sZ0IEvmRlQ,74,0.0020319485178962953
JK6a5IRnPg1tQA3FruwaQw,28,-0.0005742393217931382
JKR09pJneafnwpUg0FNEzw,111,0.004444281605510467
JLggLAox_ABHrGERr2zybw,100,0.0029385868368919225
JLmaVSOfJFz4fRdLg-qLqA,25,0.0015667390124796522
JLulel_40m_1LjqK4rWcrQ,22,-0.026252881413813715
JM4gj4650BCmjM3sGbTDHg,17,-0.0028247509256785126
JMHVCpY0PAW3MiCIGaU-kA,102,4.396651217322867e-05
JMPZQKPPQI15C8FnACKk-A,24,-0.0025918801255441944
JMXMJDxBMBBaFsTcf5-umA,13,-0.005998338921529421
JMm_VEivWfEcf3TsRKfplw,12,-0.0013180303591262498
JNmzSRU57m1OsIyC0IudPA,12,-0.005727644652250146
JP4jIbkthYZVKJCvMiZUDw,77,-0.002524941048430981
JPEo1KMRZcx1BSTGwUE-ew,10,0.00029301453352086244
JPfe9B-RLrE5Nz75kcKImQ,146,-0.0025802926355412543
JPiSCbw4-BK1oCmPPs09hQ,45,0.021577599596994252
JQFwOkPF3iXRSA52Zx8rSg,26,-0.00039397222495814047
JQJIC75zDcYkou6OsHsfkQ,22,0.0011415632812868534
JQV6iAVa5_Fqojey26TjOA,8,-0.3626373626373627
JQkjDxWxx73s30bjhE5n7g,11,7.162729191130042e-19
JQyF_uBfOKxO90FAehrTKA,9,0.03376623376623377
JR8xod3kSAhG6ZSGZle-9g,16,0.0012802275960170696
JR9ZiDhmtB110JgbvKBtiw,18,-0.017421602787456445
JRMoW2FkG4crggjTKbNaeQ,40,0.010954235637779941
JSMvJtdPVGgq9xfc298QVw,36,-0.0001754358236790947
JSg7qVsK6Z8uFhDKRyDMcA,28,0.0014194139194139194
JT1hfGTlsb9Hht8O-0-5wg,6,-0.00034259515832430653
JTA1jw-qSYbcoGz1QFsv4w,4,
JTE5cXgwmTnoC7p2dfHjhA,7,-0.005590534085974816
JTfQvACdBw5MF3dzeGnjww,23,-0.000289446205140418
JTgckf2Va1qeHA-4iEwSQw,25,-0.03357753357753358
JUAhdg-Oh0teRhVBmccsig,31,-0.012099222510181416
JUQG2g3KYK6nbEuKNSxWiA,31,0.005062265870203503
JUVtr9lqM1dCaiLPFPCeBw,18,-0.0004569423423597118
JUiwOZynj3Wid_spJoxUug,12,-0.2588932806324111
JUlsvVAvZvGHWFfkKm0nlg,156,-0.03998102196118805
JUnGN1OjtlPrLdzLLQGlvA,26,0.0006886243527464901
JUyqzjxF6dSJTB8uhc5e1Q,45,-0.002246984672495098
JVDHxMnKjif8XdXVFWiClg,89,-0.16208585422068567
JVZ_c3k01uAIas5B61iISg,125,0.018922394724117
JW2czmOSnyGHnwc87PGX5Q,6,-0.0003055767761650116
JW8GAI4_RwyNorbQnouyFQ,29,-0.4935222672064779
JWAej-k5kcci49ACkGCvdQ,10,0.0009864815491413953
JXHEyz6h5xl5Xd2ZpmXceQ,14,0.0027702850477509654
JXXLweAoAOBP6UtmFQe1lQ,26,-0.04648586034096346
JXYKzNSaK_fznAXvmRdYPA,30,-0.19888765294771965
JXcdTuXGaPQHY2-qWIGndA,10,-0.01822660098522168
JXnatL1ALEIL-0JZbDitbw,67,0.003691638508783392
JY_MjUV4KNNkixkOTJ96SA,12,0.0015832482124616954
JYgsQrCI1P6iObIIqyD3zA,6,-0.00391304347826087
JYlNxP4j7LX59o9gNaKnKg,5,
JYmRXNPd9hlp72ycpl4dtQ,14,-0.0012987012987012991
JYv4luEjJ43seuZ54vJzvA,20,0.0010280042538107048
JZC1rJ6UmpNteyWM5dsMxg,4,
JZVK_yoV48O_2gDykG_1Ow,30,0.002752548927692488
J_zkRwVcoUcHTg549TndSw,24,0.004374572795625426
Ja5q1hoxAWrmb8ghT3y7BQ,31,-0.12105263157894737
Jb5ZSvFVQnTZg3B9bln2oA,5,
JbKTtN9goxrWEvuGmE4FOQ,10,-0.0014106859460412628
JbMhrL1yJdYRBKQowj9g4g,14,0.0014304808004912762
JbVtIpb0iKnSzlPT83KMOA,62,-0.008841732979664015
JbyHeQe-Ifn3FPpp0LATwA,9,-0.018119658119658124
Jc-y852Fq1_6VB5kPUjxfA,57,0.0020200984413453653
Jce6MfjcGJzWCrhDpqzP2Q,10,-0.04285714285714286
Jci_xPpsvVqhBNJ9oHA31Q,19,-0.018142235123367205
JclXOdPHF1Kkglcon_B31w,10,0.0001509505165337988
JctmT2xauE_uxiqY-YgjqA,40,0.007792207792207791
Jd19vvdF_rBTq8-Fpyyfsg,4,
JdaAaoijcQRYWXz-BMNkyA,11,0.0006626559459022295
JdiS_2HdAMtBprXgX0zkqg,15,0.000803793907242183
JdlxHdL74JU5RumWlKaSTQ,9,-0.000988234341143355
Je10gqBQIqSvYNS8XGrYnw,29,-0.0007404814618976542
JeYdY2_Dgj5l4sYikntcfA,3,
JfKe2LI_1F8NhqOsKzHggg,40,0.0018626534755567018
JfQ1HCK2Iv900P9pKZfMVg,7,0.0024001536098310298
Jg9kkOl4sx2AXJVohbpSiw,73,0.05469814995131453
JgFwbdsUGT7cxIn-z7iMTw,5,
JgIn9KgwPcgBQ9M_Glnk9Q,15,0.0003777290926947189
Jh2XqMQLWa_OixWM9rxdJA,4,
JhAyG4TYH9sFGVGhxjHsSQ,8,-0.004695637326047983
JhIh2416j-t9ybpiHSLGLQ,83,0.005145896596729872
Ji1QIOEd_0Etk4uNnZ5FHQ,6,-0.005131964809384164
JiDH1O4t2nE3ibkHzmzRrg,7,0.008547008547008543
JiLdxFx_nY5HoQNJbMSh4Q,11,0.0006716762520465134
JiVO3KgLI5yVq4CRBac2SQ,53,0.011832991903228956
JiXca3iilV4FewV2zTo0TA,42,0.0003220266208673248
JiXvIIxJ5iOHqYyWQfvPuQ,12,-0.025435540069686412
Jict4YkvVVV4ERgxu3JuxQ,10,-0.00419287211740042
Jj4TRoceBE0dNpS1rKHAyg,21,-0.29023150762281197
Jj8J8AfO4tJW7U74XbWLLA,10,0.0035839160839160836
JlKaAWO7yHAJXWGcMQ3ZYA,8,0.0007268204229045842
JlbAYc0fgqVX2IVT113BnQ,44,0.002564172323262552
JlbPG1auhjZcLCAi2lG1vA,7,0.0007852789498359118
Jm8OvNQy8PlXUroRmKE10Q,32,-0.02003606491685033
JmQ9qWR3orqlMfC717BGJQ,9,0.0007325446633574597
JmXqkl7S9mc3AG44tIK2Tg,8,-0.0063274251953497245
Jmm8H0GCKaLtKOEM1brLeA,24,0.005392702535559677
Jn4tRtjIuz6MBCykQySpeg,70,-0.02712393079940833
JnPIjvC0cmooNDfsa9BmXg,10,0.0035519056855681783
Jno4HLrVJ08zkMIGqkaU8A,26,-0.003006189213085765
Jnu5uBn6ZHtQ-DAJIW8Ppg,17,-0.0001954270080125074
JofztY500JID_vLJxtyVBw,89,-0.006756178048719047
JomDoQafikclSVVCPkWjnA,96,-0.007129968128983879
Jq65KuNzC_Uee3TJB9Xv-Q,77,0.0012925568237245155
JqOS1yDmOdhx2SLopAoo9w,26,0.001984825904349005
Jqham2NFd0VMMVWk5Wgl6g,22,-0.003423442229412379
JqvkVi-aiTjdfdp4wP8XIA,8,-0.0001137980085348509
JrDLf5e-awIC0suNlK39Zw,132,0.00280970727488253
JrG4NINLspXPNhSXg7Q07Q,75,-0.11853935538146064
Js3nE43tlBkXvFkD3QOk-A,13,-0.3464285714285715
JsXm65ov0pJEFI2FmGiBQA,11,-9.441384736428082e-06
Jt-O8U536fd1_NMzVbDW5w,7,0.0021141649048625794
JtAyaKWwnax-Ag20WXW10Q,71,0.00835514500483035
JtDZvV3HddxFnNdrwrWh7g,52,-0.031555944055944064
JtcwxCtg9Dc3WfNMIcIJxg,5,
JtxubrvRdst9xsmCZV6keg,61,-0.004220532239711141
JuMiGeS_i9c611znnG27xA,17,-0.0894736842105263
JvnbsGub9FbXVJftM2Zn7A,4,
JwKs0t30KXFg1B-Pnm5FKA,86,0.029617904904154037
JwoRvWmsHIw1FLpJ1ZnwRw,7,-0.00504201680672269
Jwp0yYMeQHdPaZZA4DQ7qQ,18,-0.35994397759103613
JxKgwQUWG-RUNklb-ZJgSQ,36,0.0025939819618485114
JxRSBtTNuLULDfKI3YGQSA,59,0.0030292037003446398
Jxv_aGuB6uvZs67PxzJJjw,7,-0.0001893237848294028
JyGPkISyBagJD-n_qauQyA,32,-0.0024582710417212525
JyMuR8osIbJKzE2kG9At5w,7,-5.436275407434536e-05
JypwTpE-sXraWkUfNc9RkA,19,-0.003651411879259981
Jz2GVzNL4gOBc12gWhaP2w,5,
JzY3UsaDijXuSflzChNSYw,16,-0.0025237919974762076
JzZ8jz4J6AEd8JF-k2gIKA,14,8.063215610385338e-05
JzZyST-19Zhs5zA7Mw2Y9Q,15,0.0016274823614273154
K-7yK_HKL0FncU3pxC92tw,3,
K-S_YhtoGffXF9f3azGY2A,7,-2.827238749003402e-05
K00KiknORCOQdIhMisBjbA,12,-0.3021978021978023
K0Dmo9rw5K7KOaas4I9c9g,12,0.00104834012813046
K0JZOvCUgYtbPjcDzys_kw,90,-0.05575420372054311
K0Mb7ebSa4DRUpEmfDZVuw,34,-0.045313601127554615
K0f_P7b6ADQagwunK6YcPg,56,0.0011519907840737273
K0lttiVfWWP1u5JmsVp4cA,52,-0.08794109474854125
K1PVi_o6gMkuASnnFR9hWw,37,0.00177924736262006
K1SsvIPfFcHniNSPc3IG7g,8,0.10714285714285714
K1h1Cwy1VSGdjKuw-GM9Iw,7,-1.607142857142857
K1h9s1n2679DxUM2cuMZXA,23,-0.0075505889459377825
K1oIwHH0QNDOW5vTelfHgQ,41,-0.007610659439927731
K2DO5pvLFjDjVcfnHjn9BA,5,
K2rMB58Z1onV0l47qYnAKw,33,-0.0003899266739585165
K2svtoFXk68mFIIwLjG36g,53,-0.019068142108328478
K2xCcUr4PgMF_n6cEHNNSQ,5,
K3RURR9lIEE4JjOaPt99zg,174,0.010480826848972346
K3lXNfqteOz_ksfqRIkT-A,10,-0.0011304484988695516
K3oSW7x3LU74viHIbL8b_A,19,0.00195102916788606
K4WSzNnXbOyjTnPXNNM_9g,14,-0.11050061050061052
K4fLZqHVuJjGZjM5iv9B6w,16,0.003107289427398866
K4iDK3cRduiaJ6eL5jHrgw,94,0.008281624478807578
K552cD0P1v2pdM_-A_3qLg,9,0.0027807921866521974
K5iDEmYP3mc_uwZqHMSR2g,12,0.00297719087635054
K667iat12Z_J6Sg4MlKBhw,6,0.004032729398012858
K6GTL-hbT2o0BdyEXP2T1g,15,-0.0017979904812268637
K6VliqaqiQqaVeaOXQv4wQ,35,-0.00212248915684887
K6hAv8V2cTuXQtU3VHAD6w,131,-0.012376779846659363
K7IyeKyJIupXIiEb6L4C7Q,24,-0.03967611336032389
K7KHmHzxNwzqiijSJeKe_A,135,0.08774348216961343
K7kSAU00L6jNLuYXKemZCg,5,
K7vT-aZRtl6V4IjpRXaCNQ,23,-0.010347985347985348
K83AQ_2U1Fuf_TIF-fRRXg,15,-0.09250136836343732
K84AScOvOQfPAebCP2iotg,14,-0.00015525504065170585
K8b2MQ5Az59-nzvqUfjJEQ,63,-0.06341243809891312
K8tLlUcLvCY4VZ-ITQ1sxA,63,0.007002238420478677
K8wywWf32hkkZ6fLP5iNqQ,5,
K9WeFqsGnQXTPFskzYCPAw,6,-0.07032967032967032
K9cXWQFJrYL4AN9RCCPjJw,30,-0.010168899242865462
K9cn-DrPEEXse1s1n-6mMw,112,0.022406082289803217
K9gaM9XdGqGWsQMdjpxFIQ,12,-0.0007455188489671247
KAZ2Z3831eb5lHtUDKa8kA,8,0.001387604070305273
KAduZ0DxquGJw6C9BIH23w,22,-7.033196688369103e-05
KAwfsEOOS_mW6xfRFEuijg,31,0.0012230634828188684
KB3I1jQFeJqCHhVHY7TieQ,79,0.00275800589936397
KBOou5pq01RTc2k82phw-A,6,-0.002153249869266972
KBWSXXTFE_SgKyns1lVftA,14,0.004426559356136821
KCCF-VmT65o9cVTsuwwk2A,6,0.00047742519652632003
KCFuMZja9iDK9vc0dW2O8g,10,-0.17156862745098037
KCl9Smwz_UwRqStq6dTC2A,38,0.00042810051800162705
KDG7FDWH-C224AsFmf6yjA,6,-0.0025715955581531265
KDKfiyYY7VER5GUZIQoSig,114,0.009722222222222222
KDRKXax6rpTCdHf43nqQcw,32,6.758832565284154e-05
KDWHReUcvNqhvbwhlYYb7g,62,0.00389686649228634
KDcKsQcDBKGaD-o5GjmdUQ,24,0.006720430107526883
KDnsBMAFiaUkol06rXzVNQ,16,0.06410256410256411
KDplhtRYnHOCnuIjIGR8fA,101,-0.0531456337310684
KEGlju4Xke09QsBY8q172g,8,0.00017421602787456525
KFHGTl5rhJWaUUrfr5q8_w,11,0.001160432095853578
KFZNgF44I7SoMi-B4p9oAQ,11,-0.001133586920926015
KFkTHcQ_jlebGV_WigGadQ,4,
KFmyGXB4oW8JXw6qywhBYw,7,0.0004407875404055248
KG0HWGeerZri6_2W89QKWw,10,-0.00028094077867833533
KGBjEO-FilXoCK_Pk-jsvA,84,0.003061008264144401
KGo93t2QwqryygJXGv9MTw,7,0.0009148084619782743
KGvGSfvlWzurRu247ckEPw,81,0.000951462755448784
KGzDbWYbVRItq7_ubPBEHQ,22,0.0015556131708581796
KHQXmUFiAD0FHvrMSakJBA,122,-0.03806251144479033
KHe6HAqmyioITwTvg9Bbcg,106,0.011653568309915058
KHuc3PjQwmIUlMmdpTnfZw,32,-0.0413265306122449
KHxnvzKcekc-dC_52q1j6g,17,0.009090909090909092
KIqh9wB8Pb4yOeLWxao3Gg,32,0.003570347405299083
KJTX_Ct2k249kDdAgNZOmw,7,-0.00018489120109149574
KJWfjy6xcbIEKJ7vQXm1fQ,21,0.0009087686507041346
KJe08nAYey85uYQrOW3TiQ,11,0.0018677339432056415
KJg0FBg_SxpyKDlxx7EuOQ,16,-0.003024193548387096
KJrbJ2kl623F1HwgRgM9GA,4,
KK4brg2RZ04k8K6lyv7aMw,10,-0.0006543385490753914
KK9qPZYo5CSNKyugzpMNfg,5,
KKWQ-OyBDSEVtPQGt3yxiQ,30,-0.003874489445356339
KKXjBP81nd_F5H0-fke3Jg,7,-0.005131964809384164
KKeWrAl2luH3Je_ZpJiD7g,5,
KKivjYzOLDlbAo-iMyqWWg,12,-0.4405594405594406
KLMmtgxOWBVdF92g2xsABA,8,0.0007694644122709328
KLVK8gSFZhB5FVexhUKykQ,17,-5.862810240375237e-05
KLhihQ0r0BYD9ySP-WMT9A,21,0.001234490406544892
KLua_5a3AsP-1TnjjjhW3w,16,0.0013523875914952948
KLw1CW87qo3Fw4i9vuietg,48,0.003213184421238113
KMBkUpq_7uGF20EmXQS1bQ,12,-0.0016831474857984458
KMQrA590JiprwoOnu4UKVQ,16,0.00020564656674799584
KMZfBj-P8Mcw1rPLp3QTtA,5,
KMm3o506ue6E6sQuRtsyyg,51,-0.0032098138155863074
KMoEorja57rkcOSz5bEzCA,6,0.009090909090909094
KMpVCSIfiTm8fx8T32C-fg,16,0.0007193187487612681
KMw5seXeJg_evsvsHQMUqw,19,0.0012428673933098711
KN3-8a1ito3X54_8YKOipA,5,
KN3h_-RuZKcUNL8fJ1r3XQ,20,0.00032611020959755373
KNDMUyeW8bSsLXGSNyQS-Q,25,-0.013646600755811733
KNghZPPBf4JA8fsG_qaHKg,10,-0.007326007326007325
KOCh1F8V3PDC9iy5Bazc0Q,4,
KOGYT5fzVLYRkrn3I1t3CA,18,0.0007181605932979308
KOXS3nJm-e5E5MwQ6Pfrlg,13,-0.006138072453861926
KPIjz4gMwMTZzTGT_g8Byw,18,-0.03540903540903541
KPPyh-vQI3IbbQJUcegBjg,54,-0.0021054236093248366
KPgZ5EaJbZunG0d6ghXwFw,13,-0.029743589743589746
KPyHQaKR7G0tuVedn4y9Dw,20,0.0023005274379979805
KQIPm9YpHlfwawl-9Y5Cyg,4,
KQgCflC8eqJU5kvJkByXzw,66,-0.18888986090455775
KQjQiINBQpY63f4loYtThQ,9,-0.008305392352886892
KQjn_DBqJFMQouZ3eBoQ-A,8,0.0006674082313681873
KR-Pb1-fxE9TrZijQWH0Qg,34,-0.001824590503835787
KR_sbvIHRAyBj-osH_kENw,6,0.00027757492044504505
KRhAC2scnvxlGuiiOKfzDQ,48,-0.007914897103606497
KTGEa8V9ec0QBYM_uk1YLQ,90,0.004469190351086696
KTU_vMbHV3Jq7MV_4KDECQ,17,-0.0010810060660509321
KTgZXj6xh8aN_tLfI-YZ1Q,9,0.06666666666666667
KTl3dH_1t4PLts01K5WQeA,36,-0.0040748724959251284
KU3Elc91d2M3tkzcDN5tAA,10,0.00044956562240537867
KUHuylryakAeMPUVkZ5HxA,37,0.0011854762227340458
KUYLBfW9vRNmhBn5mmRSQg,9,-0.05461538461538463
KUfhi0ZOOMEAiJts5LeYJg,6,-0.003917754931925535
KUq7seb8Fxz-Qz4fR0iDZQ,11,0.000790513833992096
KVFUBgmPEHGUaJNkpMGcLw,108,-0.04148294453637964
KVJlTdRTH0VVMA4j0FUxhw,8,-0.00016145773267212555
KViWYFEfaTs1Ihu3Yw5SRA,5,
KVpCAZY9quNGHSwtoWPlBw,29,-0.007362240289069556
KWuTXLu1PJtzndwSDYnRsg,10,0.0030485304169514697
KX4wcjdbHsl0HlxUOC8Y7w,54,-0.00045264893931360877
KX8xXj7JKgYEIWJiEUGhYg,20,0.001652892561983471
KXMyRhQDG5mZ4BwALVRjww,31,-0.00036303686746164625
KYHYFXwkHsyEHYYkfkpihQ,21,0.0025595152903010346
KYPhGJIibu_7ePIX4HNs6A,82,-0.05824028741502588
KYRFtIEWIQ5ZY9qSA5HBVA,6,0.0005432769477713295
KYm8YRuovy8PmTTzcMEPNg,27,0.0017875688434303696
KZ2V1ZPnrwoT0zcJunyIQw,108,-0.005233572397751502
KZIuyooXzm7Y0x78YO7n8Q,5,
KZl-0F4hKwhKSLPmT-A6dw,54,-0.025193724472267816
KZyyoQ_nxLMyzO4d_Ts-NQ,65,-0.007122004741472208
K_CS--rB2jpdZ_YmffEInQ,9,-0.032173913043478254
K_cYYWf7cAyTw1vUEW1dSA,7,0.002156525260706692
K_d3vDN8nZ9HX0z7d9eoGg,8,0.00036679543058809524
K_s-9Wd6vXSfnxYFzhE0Kw,48,-0.09622117254792996
KaSlMK8uWCVVukYuanF5uA,13,0.0007053429730206314
Kap3gxlPeVEWaVyCYgyUgw,4,
Kb68faOZmCQfrzRba-vfNg,5,
KbV4RkZuCvPFBj_XDL4z6A,56,-0.0019799367824591
KbvVke-HA_oWGgd2hrQAnA,4,
KbzemSYcwRQ_KopAViUtzA,25,0.0007108478341355059
KcTsFk7fAMkciPSakHNVcA,8,-0.03571428571428571
KcWYzBrXvEOPV_mh9wHO5g,12,-0.0011252410221033525
KckdgxZXRbYze72bhaJVfg,21,-0.002027861047434315
Kdp7FV0Pl5kHIGivo2sRbw,8,-0.021118284276179015
Kdq1xfIFIKOdO-qW-_tg8A,34,-0.00934710905947723
Ke6TIwYVKj44thWmLDw9mQ,5,
Ke7FEXPJc6q54_DvVg995g,4,
KeciMW8XlB8CY2OZfQKhFw,15,0.004539295392953929
Kf1M74ZpUJhESFTDl34Qmw,32,-0.004010378618031592
KfIPQSLSj_rJ9zbsdO7wFQ,84,-0.04721242539338035
KftGp_AXC7FKvss-ow7jAg,7,0.01877470355731225
Kg0gJ_3lGToLjuXrLY12Ng,110,0.02450540602714515
Kgb-t7QzVrnWlZ5gcuGO5w,31,-0.004788889775720329
KgozvZ1UFfXuJToqe8CfQg,62,0.0030466022795840627
Kh0ptlhgqmrCWm0w-1SrUA,6,0.05714285714285714
Kh5SojHNsEU-4CLemEQnXA,8,-1.6462937811252428e-05
Ki2BtVpfsuY07u7j-qtXbQ,11,-0.1853146853146853
KiUa4mgYeMGXT6dwiDp04A,45,-0.017657342657342652
KihXlum3VIjC3HzNPSYnvg,90,-0.0014458572600492216
KjJDvCg5wuK-wyRy9OYJYQ,25,0.0006975410764044862
KjdGQMxhgW25Fn_A-DNY4w,11,0.0004256361971340496
KkA7sTU3YovKzBmgqxrGRg,10,-0.0022222806648432565
KkCkP7Va_4OD25Q35UyynA,6,0.03333333333333333
KkHtIFckgv9udL2RKWRU4w,4,
KkYf3vwufgbSWXLINt5YOg,6,0.1393939393939394
KkdLjGfVsfGESNkE0ktURg,79,-0.04169523622947073
KlAocfljVDKA1VyXoiCrPQ,16,-0.0028260129383724884
KlylNgeREG9_aPt84lbgSg,33,-0.008653846153846153
Kn2bokx_yH8F05n3s6dFBQ,14,-0.0006572541382667966
KnDq5XACtO5-G8QzZXr0Tg,8,0.0012013303152543656
KnPLPaIimYCzGu4Qxli2DA,7,0.0023125608568646543
KnXWxp0DO4043CyWAnAx9g,41,0.0014281493154732591
Knk5_SDSCx7slFb2rtBgOw,126,0.009267047475571737
Knt2mnsG15akKb9cjSiuxw,11,-0.0003925290588676416
KnyuQ1D7QE7X8eMk8T3kTA,46,0.0010914739095755845
Ko4QKy1FGcOlHURKZNaNJQ,46,-0.028875164523640785
Ko7mOX4Kqm3MeGKA81DZDw,19,0.0002445302870587302
KoMlidUMfCLz42ETmlF56A,42,0.014094432699083866
KoNoawHBnbkHZq8Stg0gag,6,0.02456140350877193
KoZqkus7q1RtPPu4HsjYUw,20,-0.0008534850640113792
KofmXktylwRz6ziJqW24tg,9,-0.004940711462450596
KpapS4o3byLjgyN3S9KPCg,30,0.0033000473367445853
KpbkYBrQp9G2kGeWaJypzw,7,0.0008681158413778734
Kq2b7UTDJnk_luBRwa5LiA,14,-0.00770891150169596
KqUinf0QEeiZdxko2dFEsA,95,0.005958834009324892
KqbwtP88sAENx9mJk3wXTw,25,-0.014357743097238897
KqsaIY5E_xKiyV0Za-5fhg,6,-0.060294117647058824
KqvaJX11rb4Hp70D8Dw4oQ,8,-0.007701600724856537
KrDXSYLYTvuh8tu2MAYeCQ,51,-0.0018531752877103923
KrJyAjAUnZZB0nbVAroSCQ,10,0.0008504954266304203
KrKQChZ1hwHHVaUK9Zc-Ag,38,-0.2594076655052265
KrR8o8nLTrhadC1fcWx9rw,8,0.0006221400716813559
Krtxh1w4-vgZikis6LkAMQ,13,-0.00084033613445378
KsFuzQCOPhP8eHmt3rP11Q,13,0.04884004884004884
KscVqYYG7ziAroZhfNb0Ng,73,-0.06817498291182503
KsqeNYvoUyOJdSzME6jIbw,6,-0.00024538568227888577
Kt1nb58MsId-FjRg2-Fiew,5,
Kt4NZ9IXvRCHI8qvV0h8qg,64,-0.03595566936736493
Ktg3ahIxk0JIkJwXAqu2ew,46,-0.07329462989840348
Kty7iDGZqwQeqUz75CQyoQ,3,
Ku2b7oA9s56mHoflb5lJ2w,18,-0.40877192982456145
KuBLONOp6RFann37XqbJGQ,25,-0.059183673469387764
KuLi91b-N_0XY_3IA72RJQ,19,-0.0014472518154403273
KuMz8-0-uEFlaNQrzsD_9g,15,0.001528373979904712
KutdYfcmNCM1qggUg2QYeg,96,0.0009755815410717898
KvbjKiRhLo1_1-zxSXKSoQ,10,-0.00010366991499066989
Kw94tchxjpDMF1ZnYWK7Iw,17,0.00021148565367241538
KwADSZGoeiqnlR4vUpNhig,50,0.0026489639392865195
KwL7F6vphwFlultFEE5SDg,11,0.003939161833898676
KwgYrGC62jTgXyV3_-Yktg,12,-0.011764705882352941
KwswVVltIMPBIYOd-rtHYA,8,0.0030325173547679947
Kx6kRvz-qqhpLdZtcTXiEQ,8,-0.0034188034188034153
KxccJ1WW9J-I7TxHQazA_Q,54,-0.02558717253839206
KxkPxl4mBD6wn9a74MPpMA,7,-0.0045303533675626695
KyDcAU41QDQpYAFyK6Q6hg,106,0.012186940966010732
KyFdgJomsfNbNilFAMNbCg,9,-0.0016202844774273343
Kya7-ov8E4a6UiP5EbuO9w,36,-0.020937334633947306
KydLm9nUhLSK0K6VnDLVjw,9,-0.0017837235228539575
KyupDWgHg9juUPvQrRKDBw,34,-0.012765642354683452
KzJ_J-U08OhhDJjuW0DCWg,5,
KzSL2VzyT7bdHd0bhMyanw,41,0.007745279526101446
KzsC1sM5PwMY6kWcgs72GA,27,-0.005349997752101785
L-43PIGGgYV6BoK-GaW4Vw,6,-1.1428571428571428
L-Stayf726lSU3eung6a1Q,5,
L-Ts61WIQZP_bEqzYmpLrQ,4,
L-hvp_vsi16XTFCdf7yf7A,23,-0.0004151139204679463
L-qu3bjkz4Uar55Fxa5JZA,7,0.014035087719298244
L04Lh8fHIrfD_hijTAP9qw,6,-0.0004971198611220706
L0c6-mnkcV9fXLk0--dkWQ,148,0.008212187618959432
L0cREFNSrDZbozJYWwn5_A,15,-0.2088235294117647
L0f3ETO9ZyVF6_tdpE0OMg,11,0.0011801791411986315
L0fjkXDSwAlKFMX8mQ5ziQ,6,-0.00040165363741452613
L0zMk5SXnqR0JLEe0XY20g,137,0.009388826466625328
L17PfKnnk_sVm_e0bBgNAA,6,-0.003172924378635643
L1xIj8vAvZrZdfEVbH4qTg,55,0.0022214627477785366
L2B9nMEFanEbWhkCLDtR_w,6,-0.00010204081632653025
L2pmVQMrpY-yZwZkZoRt5g,39,0.0018982002249718782
L3V21nAe-CicW2bvtNWa0g,60,0.0038122332859174993
L3h60m908xbwVGI0_O4Ikw,33,-0.0047187736475657665
L4G5ABxhYHQAKIcT0818_A,96,0.0029419972094877414
L4TYFwhUHYoDmkUKfUUqCg,26,-0.0014428196475440571
L4kfcADLCU4T33i7Z0CkuA,153,0.026254027013040297
L4xQO6dGB193NuuY4_PkGA,5,
L5BHhLkVTuJNDjgiZpCpeg,7,-0.0010115662098713599
L5IZRz9o0ryRW9Gf88LFdw,12,0.00043046547666877107
L62NXZYNN0A2dWZvCj0RkQ,25,-0.0016243200243886177
L6EhAZMtseQGL36ps0go5Q,13,-0.006674690885217201
L6OMHJoj40I55BaRdYxTRw,36,0.0003450655624568668
L6TPO5xPUO_P_kO4_EN29w,18,-0.00045343476837040556
L6dgg_oodKJvNQTNdqIZ6Q,36,-0.004358063273256561
L6oy16zB52ZkaD6N8-D-Yg,6,-0.036290322580645164
L7JyruCnXOSHTNAJ-oIIxQ,16,1.1534784671430198e-18
L7OINhojRoruY4iUl-q0zw,12,-0.00430004777830865
L7R7CGnHw2jlAw2MMRUQow,5,
L7VeVSnIal7qyy2yMg7T2A,9,-0.000649350649350649
L7ds4L1huaAAjE4ctmt-Rw,10,0.004665718349928876
L7wxpQOteDpED0zcn4hsHQ,49,-0.005541655082939486
L8jywv8RrssSIHn1f-ZYKQ,15,-0.0011881188118811883
L8oJ1bakGgvpGk958EKSyg,13,-0.0034632034632034628
L9wRaPRmm6k3O1w9mEszYw,3,
LACylKxImNI29DKUQpWuHw,27,0.0028676830081336945
LAWaTIkUSof5xIcr3sJEkQ,6,0.028656126482213436
LAx7f7-pG9-8U399x9Tp2A,15,-0.10628342245989307
LB19zg7guFOqO1KatskCUg,70,0.006498976539127696
LB9_i89g1iUIInJ7cK9EJw,9,0.0006799123668504946
LBDIwmGed02sn5Z5CFIyPQ,65,0.011675035220171225
LBXnNajuMTR6rFR23oalcg,16,-0.3161764705882353
LC1USeXD5ruayfi5wFC9Mg,12,0.00569721540595327
LCDWggWQ_M_YjEHH5Erzdg,28,-0.005963938973647711
LCKWURSKqNmuGt8_qljQfA,32,-0.002584236850522176
LCPfWX2npD_vSsxi0oS19Q,6,-0.00024227122901644227
LCXRkGG1RhisKLVTHH3jiQ,41,-0.004466681574239714
LD9Zw55zDpA3CD2wJfhSLQ,6,-0.006167129201356768
LDDtUQkXaHBv0jySmViaPg,45,0.0021256241595108546
LDHcOpJHJYocygDRzUZehQ,18,0.0027555208129763542
LDZtTWgBKEsg3M0K0s2eBA,84,-0.0004975402504472275
LDc5UUzva8KZQtKKGCySfQ,4,
LDeHaPK7ShIvMD2zrwH8xQ,33,-0.03248766737138831
LDepg4jhTLwxY2YN6YGHtw,7,-0.0018148820326678785
LDxiC0oywntw2F5zkxLHsw,35,0.00024135737287746538
LEwyF97d5SS_V4kLwSMu3A,13,-0.2835164835164835
LEyWxCngS9m5hWc9coJD4g,27,-0.14826254826254828
LF1hK-Q68vY3t7Xrrd6mLw,11,0.0001660557704380227
LF6tcrjx-aDTeMeoCCoLqA,25,6.327159712696346e-05
LFOiOxKTB0oDELEJ0yjBhw,38,-0.03346679761275213
LFmq7ZPuuTybUXht0n-bVQ,16,0.0017241203415594617
LG9ZXJlsedUyYR9SBuq-rg,17,-0.0008206423104237357
LGcIlVav6GFEPWfvBlJ93A,72,0.00772594188131199
LGs4pFZig73PTn-HpsnJoA,62,0.00216138775358319
LH5biiHY0zfWWQtcrIjLTw,7,0.026209677419354833
LHNszxnsUkoZGrG0OxGsvg,6,-0.0016260162601626023
LHyhsUpDG3-qwvRxZRLN8g,6,0.002223518262010644
LHzg5i6hX1Qb3OxtWJ4QDQ,9,0.0004679966478379645
LI-ajMokOWZpefMUA_UeWg,5,
LI-aq2-ArBhzFo6UejgOHw,8,0.00030781069642170063
LI1Bnfn0jPjkDBqv-dfnRQ,51,-0.00021932772514698495
LIF7l-f4etKxOToHkg8PgA,55,0.004774757809721089
LINqYppbDjHbPrjpfHqCaQ,9,0.0003436641872176748
LIWVmAbYIYiou-rr_-PfWA,8,-0.004681365146481425
LJ4GjQ1HL6kqvIPpNUNNaQ,30,-0.002261136712749616
LJ4gWbiKjZLQ1RZhOzi1IA,6,-0.15000000000000002
LJQzAt-l3G8l12WPwrwZPw,3,
LJk9GA_C5zj-VgGCTTp5zw,16,-0.0010002778549597115
LKARmHZQs4cF5_OtE196xw,16,0.008008658008658007
LKtbjlUtlRlRCdGAXP00xQ,20,-0.0008262287114477228
LM4-MPJIIwQlpBVZuzbJxg,77,-0.06103185460230603
LM54ufrINJWoTN5imV8Etw,172,0.07734401878048283
LMBzA2XpOVMvSYdBZjJAkA,10,-0.0008794215360562826
LMwidP7zstUZz_u6yRcVFQ,5,
LN39WTkNOUCEbcgTq8yY8A,5,
LNKcNCo6gMjEPggKAN8uTw,16,0.00018099547511312165
LNQSFEjYjJNODULj_mSWvw,18,0.001162340178225494
LNRyU5-qWpJg4F6546a3Dg,48,0.014114768285040734
LO5yBY9uoowtq7FsaKPJXA,123,-0.0635258358662614
LOaaDZ9NZnGlz0OCbNQE6Q,9,0.009919028340080974
LOvrMFpRyXEIvRSG7UkX2w,6,-0.012307692307692308
LP2tjnXiKSn-Yy7MFsUKLw,11,0.0005979902948177989
LPPRHV1X9YmTdj7X5fcAag,10,-0.009287925696594429
LPQJ4AjGFKRRf4Uo7dt7bA,27,0.0017887209988847826
LPZz_elCEcTTBokuQWDWcg,57,0.0018923415823022122
LQ9dLktfxmcrfGHp931H8Q,16,0.002421323928377645
LQH2uWNJrht-ez0yoZDl9A,3,
LQIoQ4ZOXFg2iCb529b_Cg,86,-0.0005150308006134815
LQR2MrrRBoQxqlmKh-x8XQ,4,
LQRXcBw2b2licjzJh1GG5w,7,0.0
LQZdcwfqneUIrZTy1VvWfg,95,-0.014630048572759334
LR36pCDNMp08zRLvjGYVjw,18,0.0014420516462057384
LR40dPwDG7bVoIPQM9M78g,7,0.0001317928216843122
LRhONqwTJivxeC74p66uMw,8,-0.006229143492769745
LRoqhFyj55o-45GnoeT09g,12,-0.00388903292714545
LSGDvJrw_sWQQ9P-fFPhaQ,31,0.0029680365296803663
LSUa7rauZg6UNErHfuBDKg,41,-0.052563364055299544
LSdg7x7HhUdvYUevvYVHjQ,8,4.468474909513385e-05
LSh18uOYKvYUtVoRXAsrtw,23,-0.2018820439873071
LSujksRVsK7UK6jA4rvRGA,23,0.002100183207471291
LTPgXy4GNrOQ7cHgAPEOGg,13,0.0015426385289398989
LTSlKMxPKHmOCFluV-j17Q,42,0.003375892889753877
LU16w79SDkHD5G-iR6unMw,6,5.2488846120199576e-05
LUL2M-R107_ovqrLqg7d6w,6,-0.020779220779220776
LUXRw-mr9emGL2gw4otvVA,70,-0.0009929103999120668
LUrHWJLYXObeFPLKsoN05g,15,-0.06478260869565218
LUxMJ-3S5F2JHt9u1aPh7g,6,-0.003834398444012225
LUzv72OXoXKxs6Tbz37L2w,19,-0.004977375565610862
LVNt93fRgTR0C-eubUshbQ,91,0.0035335583052118536
LVfCt9n02ylrle12sP_-1w,11,0.0022083251905413333
LWAeI5Slp8mCiJstJ9U4EQ,5,
LWxC1AisOHQV-cfo5tprLQ,10,-0.22703818369453044
LX9FOwFOyXZaKnDCwIYpkg,15,-0.0010464887225450615
LXPTcbiwQ8dkjnZfS3bqzg,9,0.042348955392433656
LXTKiTlGw50LxWAkDgzCVg,16,-0.00012056908608632759
LY4NDxWKK4uEwUh7oBOBmA,34,-0.011583353355505255
LY6OCkHEwfZtdOoQawNkWg,18,0.2185483870967742
LYPvkW2MvEbg-JIr91r1VA,67,0.004012676833768505
LYkQFSYLRVaRU4aL4KifSw,13,-0.2960683760683761
LZbPAYNpIUhcKHvNhoyT8A,19,-0.007739096346691286
LZxRqo5BkIuNMPHg7gPVcQ,10,0.004396824041663111
L_Rwy6oSAnMUY3NCDspxmA,85,-0.0926942473334226
L_sXNadtVHjxMw7Yhvkj9Q,20,-0.2954887218045113
La1QttPPJr0CjPgJvKE1Ww,19,0.006432411674347159
LaDJBSYEKiQ3iMqbLXt_sg,31,-0.00203933910306845
LaNTydbNkpZexx14Jd1Nzg,8,-0.00030712530712530717
LaTe2iIyih62D1kCQ0hflA,7,-0.24999999999999994
LaXtCyzVwvakxtf_ym2Gwg,13,-0.0024370798016409294
LampjstbVInCDYjznOFixg,18,0.021695951107715813
LaqJHvI5NCKYAFvh_G88_Q,12,-0.03575248281130634
Laqf1fHOcmqe1yGZrxKw_w,79,-0.00012278406516870149
Lau_goViHeF22dKSuRu31A,5,
Lb11i2WxB9p7r24Srv7c4w,14,-0.002129120879120879
LbhHgTK94bFKIq4owlS9NA,40,0.0060306030603060334
Lc8uAfs36o2FSlvEmuqwgQ,6,0.0014492753623188408
LcD7bu2u0u6YGM-JX0DQYw,18,0.000613464205697216
LcURr5CJT0Uo0H18l31qpg,16,-0.021704681872749102
LcYUTKRAZo12b9QnIg0pXA,11,-0.00029761904761904765
Lcco-Yzab4bqjQnhUKg05A,5,
LcdeqN0u-OCql6wiNUktqQ,5,
LcmiN-4moMYNhGjx9Rx1uw,12,0.0026027454766802405
Ld7wYAcFvyErl_RfLc-uiA,43,-0.02490222683374571
LdK6Tqr9-QK8eNezCUes9A,86,0.0017359741182040582
Ldch7Nc5gaZrhcIRd7mcjw,86,-0.07515366042600834
Le6m4lVrBQdBY3u0xOd_hA,19,0.0018787304437461552
LecNsn6zR2_IFcl6wSTleQ,7,0.0012048192771084336
Lf8moegM3j7hz5Kf-sTnFg,10,-0.002853234316982607
LfMWAP0gTbUlv-XqFVJmDQ,21,0.002580299057794166
LfQBrluW-nAR-VEuS_MNiw,7,0.0012714533144386711
LfrCUDzg66jncxLvNxBnlg,46,-0.1018037518037518
LfrkgT9GM1A0WIdNNT1YpA,5,
Lfwh2rjCXsAczquC_BETNQ,53,-0.04338959212376935
Lg0CyMD-R_v-NWe8e-UQwg,6,-0.00024330900243309014
Lg4Hx23FIfGcZKGT6M3dOw,7,-0.008205128205128205
LgAuYz5cQe3zTxuteJ4VyQ,120,-0.03497051085425002
LhWV3p52q4TXXoa2uJuiSw,16,-6.16724106656992e-05
Lhr2IPoYZ2tON_1XGXNp1g,5,
Li07UPjvEgT0pVybLDOIPw,5,
Li0rvEbw0kGwYcwGM2HJxg,9,-0.7151515151515152
LiENf54-IvO7aSSI_-j_Qg,53,0.004909409701928692
LiHdRXlcj0GDm_e97oiwKw,83,-0.050231023102310236
LidsceHUX-lNtk9W3YzAXA,5,
LiisV3YRS4CrVbMeEbn-sQ,15,-0.0004420866489832007
LizaSXXtaPjbxGtwo_rw9Q,118,0.012082559417762808
Lj-uBcIDSf8A48euLsoFQA,8,0.00029389290542526316
Lj3EChqTZZxsP7E9hpLQ4A,20,-0.004207868714496107
Lk8Xi5ZXCQxLg5YaCfF-Sw,10,-0.026923076923076925
LkTqiNDMvuWrTLOuoikHyQ,45,-0.005887140531741726
LkasU7-347mpSm3erAQHyA,49,-0.16904761904761906
LklDTDwgJLbUjd67ZKsvCg,116,-0.008829390305012409
LlT0_n7AU4C-WBP-I5DkeA,18,0.0014605647517039928
Ll_E6bZMd-GM-_jg1a4qnw,27,-0.0008710962839403206
Lm87sW-GlrPwRusYvI2V5w,24,-0.007680890538033395
LmgIeoy78oFqJpX7wtd5JA,12,-0.003971656023095093
LmznAuunJMclWtfN0U4mgA,21,0.001167924797037459
LnZvGYbqozanOSevcftnrw,86,-0.060750075007500765
LnmNc3u2811-zXuboLcLjQ,24,0.0003203676183137374
LnnWq5-4pTnBn96E3lQygw,5,
LoGmLfB7Oqe0Pym6ThlEUQ,7,0.0008426238008815128
LoHhKrZyN53vwQ4BM80k7A,5,
LoIdYUEioSoBCIefdx_qoA,7,-0.008708938120702827
LoVVyTKjpuH3H3q8Iyre_g,27,0.0010539896350396883
LonkKDT2WwTKC_W8fj-D0g,13,0.0027419182758988588
LopGlCZ1ANqrTf8BqL0OWQ,9,-0.001466275659824047
LozA3u1TmiNFJTwwtDEMjA,70,-0.004460842925973353
Lp3WgICkIBq52Q6g7ac67Q,7,0.0008588498879761016
LpSHqELVfBaACCLrkC4y-w,11,0.019799777530589542
LplLIVAjf6M_lulK6y0zpA,9,0.0010705395261250339
LqkSZd1KXnpPp_fVUeCwZw,10,0.0013551169981295566
Lr79G0jxKFfR2DyX7tpMsw,8,-0.0054655870445344135
LrCyYoNvb86UiDVXVV6bOQ,35,0.002559387359246289
LrH3WQwkAQqe9LmhQJocOA,59,-0.0017601951899616584
LrMVQ2TlZyS82qTkDM9mxw,20,0.0026419184392358764
LreM6Gs1JUh3bY1hVhy7VA,82,0.01972020759864263
Lro-qULT-oa4Oz36p1yTwA,11,0.0052410901467505235
Ls3zQR47_wmUkupJXm59oQ,59,0.00018750732450486344
LsABs39yNN46P_qVqYloVg,6,-0.0025284801333703816
LsEUy6GZ6hCLnKzLG-n_Og,5,
LsEXXMggkiedirw3zuqKoA,34,0.003667711598746082
LsGhInbkQ8jUNn-defi_fg,8,-0.0012642105759705648
LsNWj4m0GYealI3-GrgRKA,8,-0.0018131847158071542
LsqIKqHgfJv9tPn2PQPq4w,5,
LstEK47rU1CBTlTmUm0XkQ,6,0.00930487137383689
Lste6ASA2UaJF9uWqQM_GQ,6,0.005234093637454982
Lt18wRdjDvdlnkkUuJSx1g,10,0.008672525439407957
LtLbT776NOAjva1ttA2h3w,95,-0.047830866375233275
Lu9d6M-BqZfcP6MKYZL50w,19,0.000900584281509467
LuAgSJgN7AtScsKxRQlYWA,10,-0.0021191085129704055
LuZNdY6isIgpmdtJY6CWNw,16,0.0012417755537021595
Luc4Zxqua--lv9SLErxuWA,22,0.001309007053716766
Lv1sMLqeXVn0CaZLIrewlw,13,-0.009866102889358706
LvFmVnPSbi0lmgpcK_qw-Q,10,3.607243344636047e-05
LvNlZHG876TFbI5HTarbIQ,11,0.00017768761776431954
LvmGo7LIAv4Ypk99a0crrg,7,-0.0015563891771091076
Lvxzjhsupfp4rd2oZbkh4g,8,-0.05494505494505495
Lw0e3JLpHoxrOzvAoXg3uQ,63,-0.0029079080312476896
Lw1gzZZGI2GFQc6BI5zyJw,137,-0.00967046238785369
LwX2vbzttWYAdoBoVtfvRg,119,-0.05974025974025974
LwhIJDc8IZRtwg5h0fRQ9g,7,0.0003329583802024748
LwtjkyjvpN4O7dHk-XK6lA,64,-0.002576760810969178
LxIUCkxSa7YnUCipS43Dbg,12,-0.01225490196078432
LxM8hN8jRG0rGhlDJhd8XA,7,0.047619047619047616
LxYJJbrttkwqoExkwa8xWg,6,-0.0005088807905709314
LxdhZeAfCW8eAbSjwPv0JQ,6,-0.0017127799736495382
LyNbDru7reVkGaqhYlNlSQ,8,3.5557135872705406e-05
LyYuQTyLwZbiXwIsqcAx0w,11,-0.00453771979580261
LyguE1WMUm35dW72n65Xnw,11,-1.062937062937063
LzVvcVm48zYIcQnwLKt1oA,107,-0.035384430507233104
LzWvZFkxO-9tHfV0kX1EFQ,12,-0.08791208791208789
LzgxfMu24HbJbUi1cCk70Q,8,-0.0017346938775510213
LzqBqmZY8JVV1iNDkBCiWg,80,-0.0020633368192717353
LzqUA4TiUOPVKMoa_y5k0A,5,
M-7oMEiSskwElF4PRh5UKg,12,-0.3111888111888112
M-KoeD9TyLLy4Zv_Rb_Vgw,27,-0.00779268836865075
M-qVYCSpKlNlxKWEq6vraw,7,-0.0017152658662092622
M-xyLgKg_Tno6GTRWu8JIw,7,0.000890764181903422
M0NNxVaepbnGSHQEXyxt8Q,53,0.03672814755412991
M0_Yc94Yq-G7HV8rrl9fQA,5,
M0vE83RgTuYBhd3qkAIdpA,10,0.002594081110705152
M1GH2As6vZ2lKDpqw13lNQ,40,-0.001474166070904063
M1LnATu6z7kZp8QKMj-NoQ,8,-0.0031446540880503138
M1aBxVnAkqJxSp9Mx_5VYw,24,-0.005145335208626349
M1q0l_VuI6MqRYLWGVhCCw,133,-0.0025114155251141535
M2RjW47j_aL4qvBYcJEYtw,109,0.005862144906689761
M2mkUv39B6E_1UOC24gPqw,15,0.0006987924865831843
M311eVxkGB1k_i0DkJqJKg,15,-0.01323315973704431
M3XidaggiVRg2g0miuBn-g,29,-0.04673252279635259
M3dnIWQlYUSDH5D8f27L8g,22,0.004918032786885245
M3e2tb_biSJJzI71Mpq5Ig,10,-0.0006706908115358818
M3wKxrtuZinZ0P3GGEQ39Q,14,-0.0010763080437552175
M4y3CIkX3uG9HPN4ZNqD_g,8,-0.0009866102889358708
M54YgTqNenGObSv1opsGEg,35,0.000972487666118494
M5CjW616vAHgxnWNmxAFvw,5,
M5HQyQXVOuwT9lSMChKVdg,14,-0.0001088364297297592
M5cX4IYSKpqcr9U7U2zuJA,11,0.002081606600169577
M6J69_HIzJtryDp05-3Okg,7,0.0357142857142857
M6MgV7UZB1e8kOHz1ZJmog,21,0.00205557094994584
M6ap9LXMEZmHf6NhlNpDQA,93,0.00940202211755491
M6loL6C6I84UxVj899qykQ,8,-0.0007195507195507194
M6qDX8HZS7gOJ_pBOAih1g,43,-0.1832579185520362
M6yUUIE8-incodeeJrMpVQ,5,
M77MQ0Gge2ZbSz0FM0oGgg,16,-0.013379073756432242
M7C_U0ORBw9sMcRa3sEQsQ,17,1.7024174327545053e-05
M7ZJfnfZlXNXSNgyJbAszQ,19,-0.001091825307950728
M7qv_LrFhOb-OIl0ma4DSw,16,-0.00011407511407511408
M8LfTMjWxnWHlKdWBR-4jA,33,-6.90477685016635e-05
M8YboG9FCmfYkmistnsckw,6,0.006993006993006993
M8gqtBtaryMw4a5QStE1QQ,24,0.005510088323474589
M8jDdmyOu0HgAJ1iH14yfA,12,-0.00020242914979757081
M9CeG1q58WqCkCsBJ4nUbw,6,0.015810276679841896
M9JWfmlIZzT9R5GMHk_RLg,11,0.0002632502632502634
M9QxEIA25mnHHxuturwM_g,18,0.002226960435915659
M9rS-MFOGN8MEbXiEA2ifg,12,-0.005588741520704667
MA1G_tyLFL25tbSi8IPrqg,10,0.003410689170182841
MACqP6DlXBwTsXOhp0C6AA,20,-0.001668541564962278
MB7P59nJRxLJi8zV8rIl7w,2,
MB95qdTuKOtDUkv01Jl1Jw,25,0.0018441253083146994
MBTM2JWD6aIXpeTnFoMtBQ,5,
MBXWooDbmhwUYDe8HWVRQA,36,0.002907540220973057
MBgcdANmx6p02-cktR0aDg,31,0.001387457789657318
MCONblFmdE6NdZWN-BoDpQ,40,-0.009771876064010898
MCP-kgDw_aP3yw4ReWXafw,7,-0.00029120559114735015
MCQCfEIPK_6oNzmfjwEXsA,21,-0.03657505285412262
MCQJc2X_NE6vbfwJdRZl4w,34,0.0017376442102264636
MCSyG3ndsNFJN-F9MQWM0A,16,-0.06523708849290244
ME7JHq_xsjmt3c2aQaWnOg,7,-0.0008503203261502615
ME7nOO4hHoCwkbssGqsyPA,94,-0.03835786854654778
MEFlbQsRU9trw5m3Jeflew,9,1.3044408383902229e-05
MEImkEUon8YMKF9SHpt4jg,15,-0.001174345076784102
MF4s80IXcLYY9HxuvwltGQ,12,0.002049635757500926
MF5-JPr0auUkY_WLTTVUaA,40,-0.33209990749306184
MFdWavlObX_pyrHtkSLWnA,40,-0.014311995848860795
MFdZkWM-ebEBgaCOPSZJMg,20,-0.0008155395046703863
MFoGbIewzyfA2MJDOLnjuw,9,0.0012802275960170698
MFqcEIzw3MKgGtcOHwYwXQ,47,-0.0034204866419631523
MG5FKykJ8gvvZlgv3Xhe0w,96,-0.007459263916229503
MGBwmxMKV4s-wq_OhHl_8A,6,0.0007096137233123536
MGKqN8FyfJEuxvlZHzsXRg,7,0.0005071119356833643
MGNAYydr7SxPMDgFlnZ7sg,8,-0.0012960829493087562
MGaeVgdIhDUFHSrDpv8hIw,16,-0.08846153846153847
MHBuGL3Xo4Ud6kf8yKPYZQ,11,0.000473587424742424
MHWFSucbtONJ8jO-fJmDcA,8,0.00047476795049610594
MHldYtfAtcZJ88_45tNRyQ,4,
MIHimGbxaz72fL05rv6QWA,13,0.0006389559572747676
MIJ1UCPQ0LMh7D9U5PGFrA,71,-0.0011873840445269035
MIn4G1dI0iJaDw3U3uKofg,13,-0.02066283121302974
MJ45SG8DkG0z6f1G7VEU1A,23,-0.023114869626497534
MJCKZqLXluoRRYuAT-SOCQ,42,0.0016042394947235871
MJL8eYCOYhvYV1QPmgFa1w,50,-0.04980987635667699
MJLQbWdO5h8FFKOMDUZ_9g,33,0.0010846581135713746
MJPfK_HJwMBEqGqkrNULWA,5,
MJQAt7zTodEHNcpzcOD2Ag,5,
MJX-MMS0Z0PRTBY2cVqIXA,9,-0.001280382855463667
MJisxR8XOSfDDFqU8PtiCg,16,-0.0005768330775677231
MKHJy86fkFnMAhZac6wuLw,12,0.000707906325883854
MKsCFQuzmgH2We9hwTQ8gw,120,-0.004606931530008453
MLJPwU3m5ROXySNumU9j7Q,29,-0.000804475984258191
MLJVuIFEEziEVdKuGo8q4w,17,-0.03684210526315791
MM7E5scQtRe5mkLLNOIXfQ,10,0.0002081887578070783
MMRRS6YhVRx_iN5-JhMRYg,114,-0.064327353924081
MM_v-KIUJiXLCxnkIqPKWA,134,0.003966776890981805
MMepfVIoiRQHA8uYTrTeqw,4,
MMmAjGRH4KRXrGbKO9cseA,15,-0.03231652068861369
MMs3kznm5GqTlie0vTnYzg,17,-0.0023146300582648246
MN-Em6pY0ZXZQsLv6uBhrA,10,0.00037502604347524135
MN84SsRAbyYHYw60OR8FwA,7,0.016483516483516484
MNVLWshDR0bkCopl7WFoiQ,10,8.54860684422835e-05
MNeuzOqFBGv7yMuwMR1mlg,5,
MNr9QfQAl4fx-4-h85jgFg,72,0.03739753330635855
MNv5nQf1KgTUi7zFeDEazA,29,-0.11330213903743315
MOVFDKVqWkDM1hUJNwpaYQ,5,
MOqxUxYiMXCdwhO6Oe-8Ow,11,-0.047983870967741926
MOy8qGtBOoJzRnHnv3Y3JQ,32,-0.06639676113360325
MOzcNxZ-myfX-6H3vAOGVA,10,-0.21785714285714283
MPQww2b74ASo1CW05BpubA,7,-0.0017555900733302028
MPkF262tEuAYhiCWjWld_g,34,-0.007806237355422375
MQiXtcB-4C-jQiSESjf_2w,10,-0.01881533101045296
MQvV1QE8Rc4fMNMZsdSIhA,8,-0.010483870967741934
MQx5FybfhdY8T989WhTl_g,26,0.00039735099337748355
MQyMu2BNQAg2I9aD2FIuLQ,7,-0.012579185520361993
MRErvQSIzIGOg_28-PMNDA,4,
MRO3b1t0TXlj8zu6o841KQ,13,-0.0013225718936516549
MRtKINPRZK2QTjsXANYLSg,7,0.00080172679617638
MSBxd6uCwCL5ayhtIPfHUg,12,-0.043859649122807
MTK_r6F51LlVxbZU5Zk-9w,22,0.001716265155093686
MTM5eXO6Mz0axVrUVNhbrA,7,0.001999259533506109
MTSW4McQd7CbVtyjqoe9mw,65,0.002604653647850826
MTU8sJBwOtaDreDIEOeung,14,-0.002898550724637681
MTdnOWCv7TfD6dqjtsFiCg,14,-0.00042931491869342475
MTqEno9_mMXAn_4U2XGSqQ,5,
MU22HJFl4YoZw2L1lX1cRg,36,0.001693995659512901
MUQDp-1rzSN3lCjUycNLug,16,0.00039322579203717774
MUTTqe8uqyMdBl186RmNeA,44,-0.16479638009049774
MUYjCWUYgEBAXyI8MZhUww,58,0.0055700966698869
MV4faISoqq267RdoeWWsEA,9,-0.06372549019607843
MW9zMuk__22iBJfBR7DYLg,11,0.0020787758078384
MWC9cX5tGaeWRiFJB-IXWA,4,
MWRXvUogMXNJyCIFVq7_1Q,21,-0.002183650615901456
MWiVkwVSqXFDu-P9t_Uhvg,31,-0.00036645535667062084
MWkHcojxjDSBXEB2jYfnJQ,7,0.0011701170117011707
MX3jDKbYS62HMoH_HjHqQA,34,0.005862103877695656
MX9gdPpixg0drDv8r3hFjQ,30,-0.019438549102836197
MXjS8kiPY2ZQtLDlC-Bu-A,14,0.002597402597402598
MYZuMWSZ9-1q-_1fbWfvow,79,0.006877377816798361
MYoRNLb5chwjQe3c_k37Gg,6,-0.0008202323991797675
MZAn29JqIF-qAdJU8sp2nA,7,0.0017615176151761518
MZpjAlcZKpw5JlJAhyO4-w,31,0.0002544609694804888
M_EpyAH1CZZVlhxfYBLOqg,116,-0.05993391030684501
Ma2M-_bf88ZyzrQU3SVyag,49,-0.0015213552396946034
MaGuDXpMlv3NhsR2XXNRBg,60,0.007850138381111833
MbFiVsqtIt75yrUNd8LT3Q,21,5.272778402699644e-05
MbKhuO-4uYPc0NRZDRWoew,43,0.020326754971943358
Mc8ktBCT4Y25jIP5DGZFtA,5,
McQZweV9DLoNzbJWksPJ6w,36,-0.07121212121212121
Mcw56HK9GOPTKEL_9ExVEQ,47,-0.006247871978209058
MdAO6bEVCYmAjw2IaGJ5RA,49,0.015086996336996337
MdsVuBBATS0-TZhPAdzMHA,18,-0.00031065997182386327
MdxSCDMlOPZ2peHIDUZSFg,38,0.004294866626560571
MeptjglT9R6k0PyQRq5-nA,7,-0.0002905850445563736
MfFuYEUEp9o6vIdLO5E3Ig,11,0.006932880573785658
MfKScMsPZfE66VQ1CsbS0A,69,0.007966854586867574
Mfyqn9bYNL7jVsXjXH_ymg,91,-0.002870765574504789
Mg1b-6BjqQEiaGAw20FTHw,28,0.0014492753623188406
Mgf-jjzsZh7-pjX-q-zTLQ,5,
MhRuvCzNrexLs7BgNACIgA,6,0.024999999999999998
MhoPPxx-PMh08AzG6VPAgQ,30,0.0018914068340632466
Mhqq0BaP2CinaPiZCYWVOw,56,-0.012077389095172949
MhyQpGPcR1Nnv5U4EXpr3w,29,-0.0049086120201133395
MiZceSdvf3etkKX_jYwQHA,4,
MipTUN8eKwxZR61bHLJ64Q,8,-0.06729401466243569
Mj0eEQNzeL3kSPwSH8yRVA,24,-0.0012339150361360839
MjVcBrJKu2hUePZuj1Q5iw,7,0.0020360186390159947
MjaNcaAWUFCW0mpNL-ymmQ,9,-0.004789472113634329
Mjboz24M9NlBeiOJKLEd_Q,25,-0.006204212454212454
Mk2184ZyG1PcS1rMFxvrUA,14,-0.0002635046113306979
Mk3yEWIvcXrOp3zXIJ_SgA,6,-0.004485246402259801
Mk5XqkzfLRReD8PhAeok7w,8,-0.0009101489063292658
Mkg2NAAsS_SWSLRgGbnM_w,11,0.0008039579468150899
Mkr1Bm0SFo51L5-swly0bw,7,0.0007081526068867846
Ml4mcHCnfJPjKcFv926Png,6,-0.0007735583684950773
MlXH9dWYDFEBbwuGStlfZg,81,-0.13643653860173507
MlusAk1IRU1M9E31CjjmPQ,11,0.09398496240601503
Mm0_9ASJUhxVbjALMaTw6Q,16,0.004649464459591041
Mm1UbuwHILcih1TJ4pE2Rw,7,-0.002429887617697681
MmDwOS74IeHja_v4jzfAgQ,54,-0.0680672268907563
MmayUCRkeV29Uf8FdY8PUg,29,-0.00028142589118198695
MmbIJYu5m-9ymC5qZ2d-1Q,9,0.002607871028923661
Mmn9ahJT4JC-SRrJErQNUw,8,0.0004926108374384213
Mn0_NGE7E3EniIqAnXcpcQ,8,-0.0008766914427291787
MnCs5pIA0BF3FN7T6wTNyg,7,-0.09890109890109891
MnGsvg7OxB0iZ02Ke0_IYw,5,
Mna6U7kUX36l8-dpDt-U-A,129,0.002684493545079824
MnaUUSxuaM8aKKhhjxLXWA,8,-0.38333333333333336
MnipZwr1qWli0iqtb3GMTA,14,-0.0062643239113827345
MnpMn0jfeRxwnHTNJjVmZQ,55,0.0015935872513019895
MoEZGIWnOfOLR7oEj024hQ,48,0.00011698611130004239
MoU6F7B9bSLG6Ykan-9G_g,9,-0.3939393939393939
MocJbCDNa8FASPLKBfd_ZQ,13,0.0012356064987643935
Mol3iXxtmhq8QEo2346pWQ,14,0.0050883256528417836
MomBieFKSwjqW48H8hh93g,20,0.0009206369133555125
Mp0rF67b3fKyNRiVPAlPwQ,8,-8.348421365697378e-05
MpQXDNeG727hc2eUotCuow,5,
MpRXQzRJICsw7MQ9KHf5wA,23,0.007395686826066573
MpdPPW1M0aizCCEwy4S3OA,20,-0.0020968239284613007
MqAvonk4-cJ-7pW78tR1Rw,5,
Mr9YZZhMTG7Xk3Cr4awxPQ,5,
MrB-sRpmzD90ir3CMRlUUw,11,-0.09313725490196079
Mrv9peYeHnxAQAntYw50rA,12,0.0011387608042264822
MsLIHJJKDEnPfs31msu7ng,6,0.001095890410958904
MsgWKX-hUG35a0nLcCAKrg,74,-0.0024597495527728082
MsjH4RvhAY_PHiI6PFpQLg,12,-0.00015186797610610488
Mt6XTQfwk2DUD3AK29YIBg,152,0.00018647052729721427
MtEpw40QBJYMkDTbBBv5Ag,41,-0.0020362828582006667
MtMw-sYmpX2sTaLUq7yOGg,3,
MtZ4qZwhgD4gidKWWBzKTw,7,0.0023601398601398606
Mtm17-DsIO6TH-eT14raCQ,6,0.00020429009193054148
MtqyrUucAWu3UqdOzhQcbA,26,-0.0013530836063238853
MtxqtQqnNmvCNT7K9JVQQA,18,0.0008902854150301123
MuQ-irulfi6V8N9Ka6XBHQ,92,-0.0006848376934666487
Mv2eEAuONsyKvJGGaVTIAw,62,0.007768569133407787
Mv_tlEWZVfKguCRl22WbqQ,6,-0.0120415982484948
Mw4seO5ZXpAIHxVnWzkoOw,6,-0.001278132814670742
Mwc3n5Psw9wRaQ22vZWDYQ,70,-0.108817287285356
Mxcm7jI-R2X1Jk8nwR5iMg,10,-0.004615505996212918
MxwBFQoTbNUiyv0NF9KqKw,21,-0.0453781512605042
My5HthuHIGv4iLm8qrjGMQ,11,-0.00046948356807511785
My5_W97qij_TuBAsuHOSOg,20,-0.004182225541448843
MyE_zdul_JO-dOHOug4GQQ,8,0.0013175230566534913
MymLJ21yIMrotlJiXbd6Gg,71,0.0004903142834177316
Mz0i5rnXaUQd1dJ5_OfOKQ,22,-0.03354105571847507
Mz2ojdB5s1xW_tILMLXEDg,97,0.00707137712747811
Mz5GkS4EPimKV3wOuwm1Ug,18,-0.0007072480733586968
MzFhaFNbE03zF84BPkN7yQ,132,-0.02145725082664147
Mzogb5CiOATEJAjZHtTrkg,5,
N--mu5BrcBUjTgIjn21ccw,6,0.006493506493506492
N-2t07vKgl6v_8NHaWLHgQ,7,-0.0011204481792717088
N-MVwAcmsQDZCxbZjZhPDA,38,0.002096136314446681
N-R7te7N0wmyYlmNcGSNmQ,20,-0.0012289256740504256
N00XVr8qnUl5DSdTecFJ0w,8,-0.0026419385880500396
N0AXeuqu-EOO_jUg0VkuJA,8,0.005185377236193934
N11PPHgx_XABZjfEG5mspg,5,
N177sRwTB3qHaiCIPdYrvA,6,-0.35
N1HTXm1UWrfBWjhqHwcHEg,23,-0.005661450924608819
N1Ju3Uv-ALtIXJobgaiu_A,7,0.026086956521739136
N1ZXhAVzOzbyCBPEXTaUUw,80,0.018317386925471524
N1a7z4ID9K0Hqz-Zf3V3yw,43,0.004414295838817455
N1xujxx3e8M1R7wX3UAhFA,6,-0.5
N29UW_f0SUXEBWHB20hwvw,48,0.0036856280755756267
N2SCSKcIyMyk7xIFdUIY6Q,13,0.0016021602160216026
N2WMU2coC-SK8opsRkj1Og,23,0.001493640121884942
N2Wq9Xd5JUIj1gQwWPSGOw,7,0.008708938120702827
N2g0Com0YXFgRLIR4KLEuQ,9,-0.0030239099859353026
N2j1caPRBMk34IEKqtGLSA,5,
N2kFhCeHWw5B9nxjtkgotQ,45,0.0026947190740294192
N2mQaoGB2KZBh-kL74q_qg,20,-0.0016390138159612184
N2tq-0lhGucwixmXRHjE3w,37,0.004394079555966702
N3CuXqWoFpBtYMBGhBE2fA,109,-0.009190518783542038
N3HR10CFp-YWxhWuaxOekA,14,0.019385026737967912
N3ZhDBulGhkuJnZ0ue109A,20,-0.013949363005966779
N3jXO-f_WuQAymvqpyUqQA,12,-0.1010989010989011
N3oj6ka16HPgNQhyk_bi2g,15,-0.03722143195827407
N3wKFf3q6vJi0g5g0Y1ICw,18,-0.0017784719248305917
N4F1oQTu1qqyl0bLrXRLcg,20,-0.0003825710817069812
N4UpSKh-PQNfvk4w1QAYrA,68,-0.0020222022202220223
N50m8S0vb6sx5JOXQjKNFA,5,
N5HKhhKUMURuuqi7fopDgg,5,
N5Sv2il5nW-cycfvoo5Sdg,6,0.0016595542911332381
N5X330ct-U8n0-j53dXF6A,31,-0.07568268373713638
N5xoEy9GLtHDvCLa8dMgyA,18,-0.13911290322580644
N6F0uS3VVUMMWxxSi0Y63w,10,0.0033422459893048145
N6IVoGyJaK1d9dnHsW0Z_Q,6,-0.002519372447226782
N6gpRIx9T-vVi0ykuOvgMw,67,0.004339748433263698
N6npQdvORCHmNtZTHUxrKQ,16,0.002118426897187959
N6t1bTuWAfgYKVmdQf53lA,20,0.0005288207297726072
N8E9I3QbJl88_uXbVJCbOQ,9,-0.0008048607275309716
N8TKWzDx4mnVkRHTPv6q4A,6,0.00040322580645161404
N8j1ONR4Fv1MrueBateDTQ,15,0.0004024144869215293
N971nQQSkod30TvgmOx-fg,15,-0.00023048112935753387
N9PyXCEUJu3Q8rxRAiS6Yw,34,0.005408682377775101
N9S8P_ff8ERsqzpyvK-pUw,5,
N9rE-Hlew47cNwD9sPtb7g,10,0.006459749607800915
NABcZKRWQF9-rDVt0P0bhw,116,0.006685657539547483
NAGWNngVeVKkMO-EFxYxdA,5,
NAL8pS56-f3Ky17yjCDBiw,19,0.00025946004998019916
NAONCnQTKzBl40hQ0oFYgw,37,0.003263506359481592
NAfITNb2HzObDVktNs3DmA,23,0.0038461538461538464
NB4W5huUdS5YZxHbPNMrqA,29,-0.005637840420449116
NB4v-qVa5WiDPeVVrQzY5g,5,
NB9wGhMqy27suWqNzk3laA,79,0.0029649580749386215
NBNzbOmnx07SypzXkgPitA,13,0.0008071079761258816
NBlB85ch_WCxYJ4fPWHxJA,38,0.0030193107863010775
NC3nqCgbd3l6dbFlbVN8Cg,9,-0.0007986811084156215
NCG3ErZ3CWUb0M2yOw51qg,46,0.002966937583839659
NCVrquxH879vjXIZ3tme4Q,35,0.002629917946560067
NCctsUSSb1WG-7Dm3kM6Kw,13,-0.000566726837664246
NCwvtN1oZvLamyOhZ2OzAQ,32,-0.016549263280937587
NDHgJsy-4Lb6WhERPXPs0A,19,-0.03189149560117302
NDIiNcJZpdoQpXGXl7IA2Q,65,-0.05287351496578652
NDb1YaV6Dls7SRW6dPtIOQ,13,-0.07472527472527472
NDdd698xwCrCNAdaFhe-Dg,57,0.00034784132251847427
NDq2NEFxi4hbnUMHf3ScDA,25,-0.030775075987841946
NEZOlUKoQWUotatzRp-r5A,36,-0.11316485955775636
NEa3QfKlbLI-BFh9_DCPzw,46,-0.013917953100405741
NEeIzvgXV6sA3xKPTI4Ufg,22,-0.0001640300357220965
NFU5RC8-UCzwq7RPHI4UoA,14,-0.013451097966129167
NFzfuIFghE-HnrodHpaT6A,101,-0.09023878858474084
NGSPSm2NCaLMPo7d_33LIg,15,-0.0044420941300899
NGdVG_rn85p3KiU9D_WUVA,5,
NGzonf4Pd-hnnE60miVnPA,8,-0.000617055411575959
NH-LOS97SfP2aL_ZaLwUJA,11,-0.004131976564909035
NI-rA8UWQvcIZK__o8U4aw,36,-0.00109565321232386
NIGOOuEGbv98qjyw3NiHfw,18,0.0028619060850236175
NJJ6dOcDmB5nflOChgMbig,5,
NJVE37nRqAuTJ3OnBWEddg,58,0.016350154699669262
NJe5fkia_63rdKXRdJlmkA,38,-0.1586606849764744
NK0_YatQwVmIFJJyrdNNpQ,32,-0.007418727424284525
NK1jJ0H_blEikmuqJdWrYg,3,
NKHiFAO78E_ty7xpK_gVKw,46,-0.004258064516129033
NKP_jXl7Gn6hkiR8D206Gw,5,
NKYguP2dJdd6ng5UxxLVHg,2,
NLBMVC4fk-Y8dQbrnSQHCw,7,0.28571428571428564
NLUW5WmYvFAxwDXDPkhA_w,3,
NMi-XvIjhr3brD3rDN7_PA,6,0.007852612503775294
NMnxLORhLb4sxEbvx45qfQ,7,-0.0008207934336525304
NMqPm8hpKV5eXTap1kpsZA,16,0.002325581395348838
NMrjPhdqWBn1vRvaNg5GRg,65,0.004114906832298135
NMtUD873aWrNjljt3VOcFA,7,-2.3214285714285716
NNDj4IU4DWxEq-foJV8yfA,41,0.0005665171214063358
NNi37vwG9SFX_Wn4oEJ1xA,3,
NO1pbRWkefeULr1xmDASYg,22,-0.2118226600985221
NO6TE15OtuKUo5l5bHFiCw,12,0.004983388704318937
NOBXu1eDYKFg8P3oys4LGg,65,-0.01352755194218609
NOPk3f5TedR-fw9HO4VJlQ,23,0.0013612341856616666
NOSxPZtl8dElAveDgMRsbA,92,0.005916404324156397
NOiZcmPRZyDNSnvLo-c5Tw,33,-0.0033005470229328852
NP9ZJtyz_N1Lv45SoOQAXA,7,0.04264705882352941
NPF6LQOFImbP6zBrAdNwuw,44,0.001470382874557448
NPKPr3JP_OLwaOoz7KHV6Q,15,-0.01650114591291062
NQ01WqVX0tojNHKn-0sFww,121,0.0015607477597045167
NQSnr4RPUScss607oxOaqw,48,-0.05144855144855145
NQeTyKDyVDdZYboSXXx_Nw,10,-0.02681992337164751
NQn2fIomrrMXXUxZXH99YA,8,0.01666666666666668
NQn_dGaMlvbQGwgAA6t85w,6,0.001793248945147679
NR4ymv_qlMVzsC6CKiq8fA,5,
NRK4ZisC26RCujS03k_CNw,7,0.00036595914565174
NRPOcKaY5e-Oq0iQnDWvbA,11,0.04077540106951871
NRcVU0DW2OGaXrmXpBtLzg,13,0.0038859691033604087
NRw1DsB1nRelX8-QM98imA,10,-0.0037320574162679424
NSDhtsrXY78oZ8B3MkaxnQ,6,0.0013707466537655215
NSDifyQNkKyPUV_f23ldaQ,6,0.00375234521575985
NSL_2oMWA3JQn4UZMdnyfQ,4,
NSOQiCdvojQjKOAXcr8WVQ,34,0.0007688680212412607
NSndzO4lI_PyuhS5W0VubQ,15,-0.0007047216349541931
NTjlhgBHt9tWKOMzqPAnyg,11,4.928657680080835e-05
NU0cY-aujrYGlruPGTEj1Q,7,0.29090909090909095
NU6SW870hySW6jwbmE7YuA,23,-0.07193675889328065
NUExM8_IQMh1csfeWs3PyQ,25,-0.04098124098124098
NUJrCPU51Cvip4ayZD1P5g,145,-0.006268749850001202
NUOATs5NHySPqGj39oaN1g,5,
NUP9pTKwiA7G6o7mEfwPLQ,7,-0.00025046514956347484
NUXuQxDVIj2Amyjli5bBNg,26,0.0004060335654414098
NUpZk6AWvnH9HAdcZ57tqw,19,-0.0009697058518206413
NV8fdSx1BHtwP1mC2eedSQ,45,-0.01498993963782696
NVN_23yYJDf_RAinqFICDA,40,-0.17441860465116274
NVQOP3yp16mU4tqCw89T9g,12,-0.12307692307692308
NVmDogNEpIqL8wksyfcTEA,6,0.005436424041075203
NWF16GKQyZNVHo086gIVzQ,102,0.008927949878176123
NWLViuVGh--12IAL1iw2pQ,7,-0.01098901098901099
NWThkWV2w9WqWsXIf9DQuQ,6,0.0011101315832435432
NWh7tUUKUL_eWYPQuYGuDA,15,-0.003926031294452345
NXL_hNxPiuarSRhNK2Qm6w,30,0.0009783094812164574
NXX5Ok24E52FjAv8_EaFtQ,84,0.00013737552437242853
NXbsRaSCuPKbcCuTVHA57g,88,-0.03431992875890514
NXq1TC8CjIQ_2HWMSoN2Mg,12,-0.33216783216783213
NXwEDLZjv8dUqbc5g5dCYg,9,-0.04639457271036218
NY-8LSYUh16FCSCdIeVWWQ,34,-0.0004949036260190862
NY1uLdetawZpTqRnzbwJvw,22,0.0014087887296901625
NYEnxprWir7g8duRKwqCXA,8,-0.0030080213903743293
NYJ1PTYcQhQ8aVJiBPgIQg,41,0.0016463269572435854
NYj8uB9-u0SmRMNDNktb1g,141,-0.0013950703199598626
NZ4BGhQBVw_9MSuTqG4YRQ,33,-0.14221399938328708
NZbhZ0K3gHXdJgFQZw5wYg,86,-0.003259257162936916
NZd4LDR6pYmKyyB5cKoNTw,55,0.002484298006410651
NZjrCgnv1K5OyRfdru32_w,15,-0.05213903743315508
N_3sTTMqsMkB0w7jJMVKXw,20,0.0030376055567930983
N_6lpdW1jhAx1EVcHJPK5g,55,-0.09321378340365684
N_Mo8RIAkB9yYZt-OuI26w,6,0.0002916089523948385
N_zgKDHop40kPOq_9Uz0Fg,51,-0.026944634313055365
NaIwXgHlK4lhMuqHAYDp7A,24,-0.051407129455909945
NaRqFZ_l3LCHnX9j2TND-Q,19,0.0011180743483834212
NaUdzbQGc6KN1T8ASTNm_A,23,0.00014202023788389859
NaoRbCbuCwVjbmmV5ZzXiA,13,0.0011703134862192292
NbE1Y8RBRwtbpSsqrZVBVQ,16,-0.06515679442508714
NbMr4k4jbP2NjxeGfk-PsQ,12,0.0034737299174989146
NbMzjtTsatnwn49amD-B2Q,34,-0.060072217966954805
NbOWECn3ilz4gWL6dm5P6g,66,-0.010860175243736883
NbooU7y6Ctx8M4tmdlt47Q,4,
NcN7HHJONu9xoWfgGPqITA,10,-0.00021152829190904302
NclhxRbf369-sVEKDNmdaQ,14,-0.05005561735261401
Nd5_2zQ1SQuNd8UbBOFKQw,5,
NdMmS2RcGHESPH7JGgt8eA,8,-0.005105311355311355
NeY1bH6IKJxnn4YAixibsQ,77,0.00321512769330606
NenblWjnfr4X0M_zKhVxOQ,9,-1.2890335470980695e-05
Nf-rUXQXT8EycSA_TkQsXg,26,0.0029838606104713393
Nfd_z0TSCxQL4gEG19apUw,5,
Nfi1P52iDTXY8pfE5rzM-w,10,-0.005264922870556673
NgLsXmpzZY2f2ePefMYtdA,5,
NgUst1ex3M2ibDzSb6Xkaw,27,-0.37219485495347565
NiLbn86tt2CTObFqsfwLRw,24,-0.005376126354156119
NimI2u6uSS-DwsouQUO-Mg,5,
NitglJNDVoAM_Wr5q_mM7w,15,-0.01456582633053221
Nj3tEe9UtEa7SyGunl7Y6g,4,
NjD-V9pdH7_V8Y8PGl-csw,71,-0.049864537802983736
NjSLlXCI9s_I2yCgPLBb0A,81,0.008502598016060462
NjUjzEvHfyRcKI7VYwLY0Q,4,
NjgeXPgv0FcdEsy-2ULWUQ,9,0.00441194619276811
NjrciCa7tG_Xm5wKLcOL9g,46,0.002374311334455176
Njui2GtNLJrJtTDExQAOoA,49,0.0041345956283289345
Njv2-eMDyGEWEPEOVonwsA,101,-0.009034026996625425
NjxeaAGpXpxk47KVrx--4g,38,-0.0011662719513829936
NkYhL3h6wHI8aeFeWrgO_Q,13,0.00034054549008714273
NkZLVNWKcHl33BlSVLcqsA,25,-0.03853630646083477
NlN1Twh5UwqnZ_KwE4oGBw,18,-0.008021720350487475
NlNF2lXDTgxo_awI0pErVw,10,0.003227355169102742
NleyQDY_jSxaNd114DFp4w,6,-0.0009006815968841282
Nm8GubTOT27tS2e9XCMATw,2,
NmzGFQAQBZOSL6nY4dXfPQ,44,0.002523452362729877
Nn5AewAZjpUomf1lslcwAw,4,
NnW7PyUW44d4nnC9XY1naQ,31,-0.0023493360572012256
NnlQhXtuVOVjUFYB1Hqp8Q,49,-0.021770551038843726
No_76chEpbjTWS-6x3xGXw,8,-0.02696078431372549
NoaeOhk_wLceJqFruhRX1A,4,
NoqThxLAgdg8-Nk5QrBeqg,4,
NouhbGP5s17DZ9hExLYAkA,5,
Np8pLMEE-V_E1ZduSQAJ1w,7,-6.600660066006584e-05
NpTJLiszMga9N9sxbzxNLg,5,
NpWGrKnmm44CzpZ1Wi1bLQ,7,-0.001494998689949602
Npb5hRxgF0aVqAlex3VVPQ,21,0.015612244897959182
NpmsoGDvs1fiiu-l_E73yQ,26,-0.0037936746797506272
Npn4dowvl5xiJzVfKZEV3Q,17,-0.007036713286713287
Npx4gS9yp1asWrW3VNY_AA,8,7.215007215007196e-05
NqPoW5VpfnzmG4x1htuxUg,12,0.001211765333902738
NrQh1vSHGXZN9oJcyU6KBw,9,-0.001954554527912702
Nra1mD1TZbCMClJGquL0EA,13,-0.002288028613507259
Nre140uX7xbHK2W80kzO6A,24,-0.050563163438943355
NrgXhmNmD8hBjQn8urxQCQ,32,-0.01588021778584391
NsAiuECBpHID6rZuGCz26w,58,-0.06408051592730116
NsUxAIPfG4dkSOm-6HrpZw,7,0.001710261569416499
Nsh4KiDEu5xWhPjJftSESA,58,-0.0016096799945735261
Nsr46P7bRd1lATqE7H09Pw,4,
NswyW1E_C9hsKdW5oOF_Tg,15,-0.07991242474001095
Nt8bwriX3NX249EJC7XUsQ,18,-0.01826530612244898
NtJU9h4fDhe_fSoE1Gibbg,13,0.00039221874084259414
NtMXPX9SXb5NobU82NhHgA,9,0.0011072834645669291
NtO3fvhW6t9NZHG2hi9XhQ,31,-0.002097984060009377
Ntv3JRLGSFoOo4mr82U2NA,13,-0.002045715478551298
NuZ_XZ4wV2PjvKQkEqvWIw,9,-2.9740170047683518e-05
NuxizIKs6_4YJrWBjt-Apg,26,0.000804915514592934
NvAHCSRi9KaJ_JuFLXh8uw,20,0.00021802325581395327
NvAbM4lUQAwvCFvHy8UEuQ,36,-0.1381822386679001
NvaHGU03m-hvXIGScPe6WQ,64,0.0018991018365431878
Nw70g3pgZl1FzgKfbRDAdQ,16,0.0003969141323792486
Nw82Vw1rKv6TfeeIA9LusQ,38,0.04033771106941839
NwH5ETXhpibGWsntrXQZhg,12,0.000832608496612342
NwNGKIf_eQwvr6tzFX6eRA,30,-0.023205741626794257
NxB8M1wnJQ5xoXDiUgqmIg,5,
NxDm2tuGHZMUCUbGNyJlpQ,16,-0.008349859096127751
NxFuPjGPqM0X1RK4kOzdtg,21,-3.899512560929891e-05
NxK_gpPmX4_2RgDD2m64fw,10,-0.04039408866995074
NxY4Q4QIloifpcKdeN8pfg,9,0.0011008039579468148
Ny4eJViwYt10oP4bjKcFmg,6,-0.0003758499333720572
NyE_IkAjdRhjw6Vyniq67w,85,0.010372406612951466
NyH11DJUjiGIrSq7n8IDSQ,17,-0.0032442585161786054
Nz35wEHaq9gKK5uCFfqrhg,33,0.0065314900153609825
Nz_xYe0qeU0z8uifDFZq5w,5,
O-7NsPu5FCOzUqNovGzskg,20,0.001373755243724284
O-Gtgxb2mvqyEdDfmkfFVw,40,0.09343200740055504
O0-JXumMHDTbvFuH-2pozw,30,1.1389845952335502e-06
O03uv9v2pEuzi1UL9hZKjQ,9,-0.0004033419763756842
O05f0Mlc_F5YyBPHoWOFdg,17,0.001637984656852582
O0fPPPMQYSFZIaUBnkGXFQ,9,-0.0017482517482517478
O0jIkgflIoU-PYNydIuMeQ,68,-0.00041934582051998844
O0vdRrP-pxdEBaxAPSWYUw,14,-0.002061369000786782
O0wAG9M_7HHs6sCS3w6lTA,19,0.001306003990567749
O17dm8a_hU8zc3gAYkAK-A,58,-0.03967136150234743
O1GkOz_hbAt9L_voKow3aw,9,-0.01113460183227625
O1loDUXiJw4IPYk1DR3pSQ,40,0.005039338035811178
O1oZpbZNDMH_gz8DhsZCdA,11,0.0018815934498504173
O286wXm4mcznQn_1JieD1g,87,0.004341835931349395
O2Ne4Eb3dTf8VIztA9qI5A,49,-0.0007326007326007334
O2b7oDHHcP10zjcLy744Bg,36,-0.006709376820034947
O2g_gH6hkK6zH2-xHb20EQ,17,0.0011173423519842468
O3S4jdMvdf1VCPDoLYtqaA,41,0.009542036910457963
O3XiguiWmlOWR72KerRoDA,24,-0.10132890365448508
O3ulREMR1qM7TbtxL0sQ6Q,10,0.027667984189723323
O4U-lgorF8SEfuJS8J_YTQ,25,-4.7778308647873985e-05
O4wZuA6Im9gQxxddCZ3kkQ,60,-0.002510153006938512
O5Ubf7QHTFCQQIFWkL_E8Q,17,-0.0010781671159029653
O67sNcnqhSBHVoCdMja0Ug,5,
O6Mn8SQzavRYCOiVeuZ6Jw,8,0.0008763388510223953
O6Np7_mmOafpkdYI1RVNxw,5,
O6PMDDhKMNmvq5cox3EQ7g,20,0.0020716685330347145
O6hY9yenifuRXrpc4TfgsQ,47,-0.2842533936651584
O6xFfSeBd1qQEp4aJJqgVw,9,-0.19117647058823528
O6yM02icz_jsXvkzOmHIGA,4,
O76kDVYNag6w7VJVd69m3A,7,0.006349206349206349
O7V5-EkWlcNUbZFMcrSpSQ,36,-0.00039286365201190705
O7bOALpYQoQH-wPSxHrwsw,11,-0.007647240209682392
O7dDHHsn7NUzWvzmILVWew,10,-0.004473304473304474
O7l6SYxKM5Skl7i-JsRJ1g,37,-0.10342555994729907
O823FiPDepbCKYo7w2uGAg,104,0.012846000362778887
O9c2AmdLr-6DHdywEUNxnA,6,5.722395165720564e-05
O9uniPYbTpMfH0PyhtmnLw,61,-0.00021610317183687648
OAWa1WML2V1ZLJGD6V3nBQ,51,-0.11990950226244344
OAdMiCSG0iamQ1MBhiZQuQ,18,-0.03108288770053476
OAhBYw8IQ6wlfw1owXWRWw,32,-0.07597402597402597
OAs42PSxiaPS25sO8Vtfiw,5,
OBFlSgQzl4XnewQvrquQCw,3,
OBFrA7Xz3cS1JG3xMafplw,77,0.00575450920071837
OBHh5Nm8lw52psIAXGOGYg,8,0.0007660878447395301
OBxzsMyF37M-iNM7TorTog,36,0.010399570290352423
OCMrwo6MPIQBeUKwfn0iDg,27,0.002442716060483448
OCR7S1ymLXezUwUB8N5TCg,32,0.0008191007319623561
OChSrnaj5tQ1-wm7zoVT4w,85,-0.08896321070234113
OCw83s12X0s_jm8nHjff3A,11,0.0007605913178668598
ODsT14d1Hv31KUsvh207NQ,5,
ODxEEgKQoacLOiiBsCKUzA,9,-0.0005457369547877921
OE984imunvv0HCp2HtgvQg,8,-0.0019449847179772144
OEeQTVPtrKq4kPqdIJLrKw,24,0.0029613960867266
OEt7gcCT8YFjeZqSiwVTAQ,10,0.012098188194038576
OF-aQkC7MZ6EmI8_ZNOKcg,5,
OFSrGC3hrP3SvZcernZl8Q,10,-0.0003018108651911471
OFzOce5dfz1BgayT33KtjA,7,0.010918367346938776
OG8er33dEnzM1Bc9nErUmA,8,-0.002189381499726327
OGQnCvnhqNCpWawUi9b21w,16,0.001135786778857566
OH7EpZrKPnZwZDNKQ5S8iA,90,-0.012232858566961175
OHFLSDbEZAP65Cl0lHfmqg,6,-4.613078076346447e-05
OHXoPMr8QjPuFtyFqZygBA,4,
OHplb2m_dKPXY46mS0CqJQ,32,0.0036263694316143063
OHzX-ZD9qyoeoxR8Z0dlIA,126,-0.06954931226221832
OI8BCJhQpWWg4N8VVvb6WA,8,-0.0018634635239606163
OIBjmaKxaYMjPkxhHnLKlw,5,
OIn7iAZY8viAubbjTiUuHg,6,0.0019221285044069855
OJ7cVWbpkAU9BjgU1UC9Lw,6,-0.25
OKPUO8zvBBL-OA6-SfDx8Q,40,-0.010792476102374346
OKmwUmfWO3e3ZpfzhpOE_g,13,0.0031550596383224322
OKsKr7zQfU9qfEmKRZIZdw,43,0.0014960061977399625
OL82_w8EQhOiShaU9SlCMQ,45,-0.0069320214669051855
OL9CgTWy7rU2eNq6F13JBg,14,0.001755926251097454
OLC8D6ig4vyLLXvPlQUFpw,4,
OLG6RP_T8DppYb3XdBYdLw,8,-0.0006151742993848264
OLJa45DF165Je7TeyamreA,4,
OLOQhSJ1Odb6qVjuBDwfzw,4,
OLaIlFwd5R0nyozIx6Q4eg,19,0.0017829502929132615
OLkNlwJpQ2YSf9hWluNVEg,12,0.0002682763246143537
OLkS4jfozQpUIUq0K6t_IQ,49,-0.13493212669683258
OM-e2hK-0oFt2p9PI2wVag,21,0.0053916121331851665
OMHZ1htcmFQLuTp06hLe2Q,102,0.005618027467887462
OMat-LKN3hHMHvqOqoagqg,36,0.013143669985775248
OMieiNtpV9INei8voiGMqw,22,0.0005478729637876479
OMz46C6rKHQ182DM3zuQBQ,20,0.00029110386585933873
ONIXmNf_kNxfe1J2YtRwFw,27,-0.0011031910353874604
ONJBEPNFUv_uTglJOT8ctw,61,-0.0018105052239874052
ONUZertKOOImiyQG66Z7Tg,18,0.0018030513176144243
ONl0IGOSaEFzP2ScQBgNMQ,8,-0.07272727272727272
ONtMDaW8JZhPaV51gkf3CA,29,-0.001850822973817626
OO48TeTKTtizov_DioX5ow,19,0.0007876934482439067
OO4hFB_yYtM7tyJUt6s-PQ,9,-0.00037557311481806654
OOB-Rd8HtW7Mfj154dFUWw,71,-0.0010861644854638025
OOVV2JjUjkZUlsEh7q5DCQ,46,-0.005140961857379768
OOfY8bhTuC5A4qbdn8wFBA,70,-0.011226908330428708
OP-m-Kq-1aEWrrlaszFi9w,13,-0.020166512488436636
OPY3LH0XkYrczLk0NcmRig,28,-0.026306620209059235
OPYFZTmRJwE4UnLppEZCHA,6,0.0028449502133712653
OPj2p9tYr4g2wWpe0aV7cg,7,-0.004140698369333219
OPwDzQAcngmd2DDdL791Lw,8,-2.4737167594310243e-05
OQNX0hkbM7fgBnHcGNPPXw,7,-0.08333333333333333
OQayieN2Y7JXMZwBZ-qUJg,40,0.0033791152344676075
OQqBFuA5tcxdHog8YgMRcQ,7,-0.002755102040816326
ORmx8v2fWefT1Ka54Up0MQ,4,
ORvgRypXMSkKsNM-hwHeig,9,-0.00011379800853485069
OSFvJokeN68Pl1kQxaxP8w,8,0.004926108374384236
OSZBQXRzoW2qNkKzUWRuug,4,
OScArtTInz7zQdW5wC2Ebw,12,-0.04009034443817053
OTAkh_bxR_i2rIH4dyU-xg,13,-0.0012422360248447208
OTBWyXkNsBYHqIlXJXnEDA,36,0.0012557864670540726
OTNPMzKPb8LVQxX3fXJaqw,81,0.003550050529916301
OTwwIvLkrS0zc8f1lNRstw,88,-0.010863031343924433
OTyqnhVR-ZWkLMlVnCPoCA,13,0.0005467667857403224
OUPpDD9vNQscAQLd9giXvQ,4,
OUmuCtzcoJ_PcbtNEKu1gQ,84,0.007469733656174334
OUqo9hcgVVgUoh_qvw68EA,7,-0.00021039343572480562
OV6hgaxBfQeVm4QZ5_Lfwg,5,
OVBvIiuTxlMy_Ue-U2JObg,17,0.00890379278445883
OVlGCqEUNvocaPbSyVSjfA,13,0.001670547737167156
OWPHQD0tkvnuTy8_8JaMnA,25,-0.05863284002818888
OX1eFYQwN1iYdFd0fkNpqw,77,0.0034153591128640434
OXFCsM7_GkJ9KC93_UIbuw,27,-0.0005193464945786925
OXkiDUEj0wv17xOsUf6rLA,41,-0.0026486689163854513
OXnDPFo9SVQ1G4rOXQYJ5A,23,-0.0026659946899229054
OY0LKjf6JkP-DReLem-nTA,17,-0.0005126452494873537
OZ883IpTwmgSgJt9cTz_ZA,7,0.002813852813852814
OZ9AZsh_l2iDpJ5VZnRRbw,33,-0.0076976573589794895
OZUeAf-kVB0ml5xmzJb4zw,14,0.002322593646875078
OZnU--KfAdDwJarO8roRig,99,-0.004397671294223021
OaHcc6K38XQaStonzKJ3bg,20,0.001183551157110122
OaTNoQOXH6JW4lK9pITYGg,5,
OaadKuB3L8tL4wFGhm9DtQ,13,-0.14085470085470084
OaddVySRpJcU9LNa8bkGMw,20,-0.04198445020362829
ObGjKm_zRPzCbpq1x2jEjA,9,0.002344810563988646
OcWuxEqm_5gTz7oPSHB6Jw,15,-0.023931623931623933
Od-nWGiNKZuMtqkUjAfomg,15,-0.0012072434607645877
OdHLRVHhMvrFHK0cGj4nCg,17,0.00254708034141715
OdIBX09glfXNVSyd0RnIeg,187,0.01023653879302682
OdSw7sbipdKtyU4rZxFJHw,29,-0.0010892333472978634
OddKlB5d2KQpIP2rJt89ow,30,-0.14798387096774193
Odx1CHHhQICCehpWMg1w4g,8,-0.0006960696069606955
OeE7CgEfECz0onTTF07xvw,87,-0.0025217118938466346
OeN94byxv7pOOFUxRSKCbA,12,0.0018121413470250684
OeO23GTZxF5tRnOXsYxCNA,21,-0.0003596637144270106
OeUayLGG_D_BPzLyGdxp7Q,8,0.006136840099104249
Oe_zI9oIOerxvoJnZizh1A,7,0.001016260162601626
Oei0GwiHmITLgORIF0g8BA,12,0.004285714285714286
Oei9PtX2MqO-ayjgxzjOYQ,9,-5.350118017309204e-05
Oepie7uMmsxaAWKNjouZvA,8,0.004355400696864111
OetKsgbBp_slqg2VIKzxxg,8,-0.04195804195804195
OfRbGvHn-nAnQMqNxiIpcA,4,
Og1HekJMHKqsvtWaUp9V8g,150,-0.0030494500202269265
Og32VlJ-InIa6y_O9cgR8Q,35,0.001797102240915485
Og4z8nB4ZMZs3oHkVhB_pA,74,-0.05447154471544716
OgSb5-2Nj8qgniiir9tvSw,6,0.00011895060259869107
Oh02ccaZ1u9nymw8PZUUaQ,16,2.311853644251963e-05
Oh3Q3QfhMl2DArFiLUrT9Q,123,0.007850214301827205
OhLEbbM5BC5Fk6fRWp5rAA,9,-0.26363636363636367
OhSaEeJes7JLtk3MGMXXmg,95,-7.020007020007134e-05
OhbQMaBVv5TSJh5CdWpwiA,7,-0.00011720844399556119
OhhVlGfQ8tPyfjni6U1qBQ,5,
OiE-MRsu_E5O54crdNGZ1g,32,-0.0025151272144054823
OiQ1eoqXMPyEUptpUX9JQA,44,-0.0037510419560989154
Oi_42Zeok7jYPAd0-ViiBw,92,-0.024579981350065585
Oiwll1QEUAKhnvex5HePfQ,17,0.0004836415362731148
Oj-XIt4Xj6NSsHzlSt-PsA,83,0.014197551400625457
Oj4otn-Wfd-JLwh1dL0DbA,56,0.0007722007722007721
Oj4yP-VrjvlhTbuLjHnwhw,9,-0.0012001200120012004
OjCC8UauCM9UqOejP2Xt8g,36,0.003049509686677829
OjFr_sk32NOhYSvA_Ucd5Q,20,-0.0005468215994531784
OjM_Q540jV0AHKCLOX7gHA,67,-0.010584112993533937
Ojg0gd1fFb_u15FxxlAtKg,5,
OkybC0J0Qojq515LDGVRZQ,62,0.0006896739352223421
Ol-PcHaBaJIOOQtqRY5_DA,17,0.0006122962827321003
OlObggjRSlwv73Ured8DZg,6,0.03405572755417957
OlVuzArpR_uERfMtIBTxEA,8,0.007333842627960274
OlZLWzpPRjG4fiXO-Ug4ug,20,-0.0013117370540779811
OliqvG_1thS-T0xQrHZueg,4,
OmMzmi6Ny1sag3JlgBRcYw,35,-0.0004698124167150719
OmZVD58AuM-gZUsVaJlp0A,5,
OmZZS72yQcPyqEDPCA3EVA,42,0.002937664198710294
On1Rn1cH3WbbsAWoQjKOlA,4,
OnJVmUnu6ZoaA2X4K863wQ,8,0.0014793741109530578
OnNd2qp2M1CfGvyPCOMzow,11,-0.004028527946047567
OniYp_RAqBP1s4Wd9_YWqw,19,-0.004926108374384235
Oo8O5w3Ch5iilY5sTglkZw,11,-0.0036161371765200926
OoFCe8VbzzCr88SGC08omw,39,-0.26045296167247395
OoLikm3s7psgqwp8KUa4VA,7,-0.0008204406938584154
OoXGui_Ldn2lDovpUDs_3w,19,0.0006932021466905185
OoZwHpfwHT04hu5-SrJeLQ,6,0.000502217452056459
Oom9PRZP9L57vHKQOA3q4g,6,0.0013130539446328923
Oouza_oRNXUoNdsIjjWLfg,11,0.0017979284737150677
Op2LBr0d9E3SLm12BEDrfA,12,0.0003365525314603453
Op8RPQBkiix8nDWsFvhnqw,21,-0.570855614973262
Ops2BTk03uTYdGRqB9haGg,28,0.0009100752328859185
Opw3d4y5_zlXZGimCQXalQ,7,0.0004068136465734144
Oq9q_rkLfmf-10cjyEpv6w,7,0.0013507326007326007
OqMkfVU0JLrqcUdEPFkbEA,8,0.0013225180744136835
OqQAPZaJ8IKQCxCjs34sXA,40,-0.02245068074465129
OqyaD0hEytrcfC_F-ugqMw,84,-0.0013966700860096268
Or3e2M09bnuydIVfHDzuAA,20,0.0009400123685837975
OrJdggfTlpAV5nAPY4BRJg,7,-0.00018148820326678754
OsgXjwxWuO6BKz4Lkdv1uQ,58,0.0028465122999674895
OstyTgWTBX3pUEBrpeQRWA,7,-0.0010452961672473872
Osz3H2SyvSH4i1AJZafaAg,18,-0.008305647840531562
Ot3Uk-Y-AlWm7yobEv2wXA,6,-0.01491935483870967
OtMQXpDXdu0AndeLr2hJZw,45,0.0026609137520600622
OtQRB80tu4kHewypn6s0rg,9,0.0019461392804544493
Otg8SkZHFAZUXvW5MeNU6Q,7,0.0012658227848101264
Ou-_OQUNvBcaAoRU0XPtaQ,96,-0.05231783435023493
Oun4NN-u5yiHIxDqtJnxgA,107,-0.1082045633359559
Ouz6NevgUHn-rGXbcw7DOQ,26,-0.0001603849238171612
Ov3xuk6-VVgxUVeVf4HTXw,5,
OvJaO6nRLN-GA8wWecwg4w,22,0.0010159651669085633
OvMc0NNMFdiHVoU5l_y6Iw,11,-0.02232191705875916
OvNnctPYqV9NH2vXyXsemg,6,-0.0030874785591766736
OvPLQLLu2E0DmNgQn-NM1g,23,-0.011066398390342052
Ova0c27WAdEEG4zl_cUyEw,18,0.0284090909090909
OveETXqo3YtPbxyA6MmNwg,13,0.0004370629370629372
OxQK9EMUXqynT7dbWAP9wA,65,-0.10466748441431986
OxzP06mJMfoxGG5nE3KMpA,6,-0.021456804065499716
Oy7rU9H76PN1hsDU9EUt5g,15,-0.047872340425531915
OyIl7Yq1u9dP5zOy3KSRrw,14,-0.001053980914399658
OyQZHHPyfawLiZ4PQxCNog,11,-0.005116796440489434
Oyfuul717X4T5A77S-ASBg,47,-0.005212919587193125
Oyll2luYo8tvaUgR-m8UlA,5,
OymuTxYdT9JGi8Per2vTSw,8,-0.38235294117647056
Oz7c0QA1C18Cb6tTdoehwQ,19,-0.3754578754578754
OzX1w8NLyJtqs-nvnNX77Q,14,0.029810901001112347
OzruqKZhTokmSZhFVJIcZg,6,-0.0016216628029734113
P-PBH28Ck3jaUY660VTuAw,60,-0.001609831029185868
P-QvMKqDoxjLaWW_yiy8YQ,5,
P-a6WMxnBncXP4ZnFXeYww,53,0.0019400104539423417
P-wxKPAdWaU7tsCdA5ZfGQ,25,0.0016815814980952596
P04saImnacIzszWd7SGFjg,14,-0.002645421267956566
P0LuuY4gbVRWhUQ1wa6BrA,32,-0.12380952380952381
P0QE-Q6kUqU_ydmHCIsAJg,21,-0.0011226944667201283
P0cEfrFGbiX7U7zex9iw4w,5,
P0ocXDQY6mHneytJhCDG2g,2,
P12gJqR0KPbyPFPpv1WaHg,7,-0.08241758241758243
P1DkSlegzHKdxJAXe0QevA,27,-0.013795099363303106
P1J6n3KatrpWlYu_PTQsHA,6,-0.006177606177606178
P1etuKEZP-I0ojiiEEdblw,4,
P1ztjSrD9H0ksxFICr_HOQ,4,
P2Lm1g_RztvIaH4daQsXoQ,132,0.02625167935512763
P2XA2KKCsUaPEwzcQ4bgew,7,0.013846153846153843
P3DS2ks4mGtmLEY1HrxCWw,34,-0.002030746156730409
P3UPe8FTTSu8y-cZdnjEKQ,7,0.0005467667857403223
P3bw4h4kCaMaYqGGNLt3Jg,45,-0.0003700438610811805
P3vUpcO1EPPmXOZY-Wjdrw,12,0.013138024765931743
P4L5ZPO-oruy7uMYOqr9ug,12,-0.01956241956241956
P4Vjui9a6lIHJp3-N3RiOw,6,0.000759892503011769
P4h9ff9Zu3c_Rqb-gWkhUg,28,-0.1083743842364532
P4vdu-vKODLmeOl8jQciFQ,27,-0.0017447657028913251
P51n_EonRgr3B42Vln2MCg,37,-0.0006381768578947879
P57AT1_VQ6ZA_sBlvzN43g,13,-0.006594244330093389
P5puexbwvEzaKV7cAdWxeQ,15,0.002182028497817971
P6DuASe2aZmNSKm1MR9PEw,4,
P6NMy0i18WO9gaaHXXqyKg,30,-0.06578947368421054
P7MHW-EtCdp3eVF2P_nX0A,61,0.00018509126850449925
P7anLq0I2xzyEpS9HdpkSA,22,-0.07459677419354839
P7f8_zKyP6uOBdj9vbQpzw,39,-0.007905503091451596
P8QLcGZZOPgl9w_3ARBKiQ,29,-0.1456582633053221
P8RXed34d07PkQd4NH73VA,9,-0.36969696969696975
P8XHCDyRzGTKR46aZVNCjg,7,-0.00018099547511312214
P9B6PuQtlcOor4baXaaBSg,5,
P9G8VOF8lWe2dnPrPrdWLw,4,
P9HxiR4Zd2Nf5aQw-88oZA,62,-0.00016415509373255877
P9T7y79cIzfF5QqUGpcp2Q,12,0.004352773826458037
P9X2j6pq-LBki9AMB0aIpA,29,0.0002455559707468105
P9ZZ0P1zuwIgraLb1VFA6Q,6,0.002749832327297116
PBjjuAkc9QX2UWMc3RWXQQ,24,0.0007257448433919023
PC0z5dgURsstoS0-APO4qA,12,-0.25824175824175827
PCIqljWnTlB84XhM3Y3_1Q,12,-0.007352941176470589
PCmoZ6i5fXLKti6SmykDNg,27,-0.008180965775902485
PCttOP46zDnd7ar9aa2-aw,51,-0.0019560135489719
PDGyduDCysMP5L__5BnYJA,11,0.029644268774703553
PDXjgwnd8QlhncC6tZkIcQ,12,0.002348690153568203
PDbct6Zu2_7H35CAWFybkw,4,
PEe6UidOMrc5FOvwY1n-Ew,4,
PExwqa8qpwZ8riFp2Tuy_w,12,0.0009992358784458944
PGCTib7KxDctvNnQry_iDA,5,
PGdk_1MjMzrfKkRz_pfKaw,12,-0.0025035561877667137
PGjt9nBqcFeKWXJhHBmo2Q,19,0.004477427334570193
PHYsNpILKJkwrP1jKkZLCw,9,0.00029470051593945393
PHsL2RRxr6d1fyVvCzz06g,5,
PHyXrC_xG4wXCNmx1ACfmw,8,-0.04945054945054945
PIaV4xeLf2jg-vfPYrGR3w,58,0.00810926163038839
PIlWkWHjnlV2wrFvwo5sXA,8,0.0014692315577271328
PJjkH_VZeQwxEJvlQ-v7wA,138,0.028347247504864684
PJxSkbVbsYKhBqEnIq9K6w,13,-0.0022517634291915356
PKrOUk8IXuiRWN-z6uR_xw,6,-0.21428571428571427
PLCkzbVa1JXpc87SoHiOgQ,20,-0.0027414933075310434
PLEg-6WoWX9N5BcS-m-sTw,15,-0.00904977375565611
PLOBFil9pv4wiQxw6k0Dyg,11,-0.2272727272727273
PLWD3U43KQaUThsHHbHRww,9,-0.0005358182877111239
PLn7sTtwMxnSBrSg0t1VAg,26,-0.07043623228674631
PMM2ThSD2TSqRAFRGqYB7Q,6,-0.0008207934336525309
PMOgJlkOqwuGE6iagRruxg,9,-0.024596774193548384
PMa6lWoBCD-YvY2oMHXbBA,23,-0.04883831199620673
PMs7df27DC_OEvywsl-41w,10,-0.6848484848484849
PN2rZwxD031zCW-KdzNReA,7,0.00364010989010989
PNUlEKpol0VjT7rjXa10_w,12,0.0011952531375394862
PNhX-dBU4CSGoMaFFUkReg,70,0.0014173133368179807
PNtOGLx7AowVstMVDaHn0Q,8,-0.002713851498046026
POIzqhpZTRYVJq6xnfVbcg,8,-0.002097902097902098
POuaebsAeCyNx-8qZ3O7XQ,81,-0.031171281664229455
POzBrXKhfXigUoHjQjW7BA,14,0.0057522532221846254
PP3BBaVxZLcJU54uP_wL6Q,195,0.08645143507360893
PP8nDTc_2efQZtbz1LApMQ,5,
PPEjKBvE2lV6JNUVnSHkFA,95,-0.0024096385542168677
PPVPsVsPGii4xs5trp8LcA,38,0.0042945783601361235
PPc-Pnkn8J7M0o-XNIdV8Q,10,-0.006698395910453023
PPmR0rqpBTeijmixLfuuZw,9,0.00012870012870012872
PPxgIsvKrSEhwTHDj3W8pg,18,-0.004070556309362281
PQ15SQ4e9Gpw7KpoYHjlow,46,-0.10351737814424382
PQODX9oE6VqEOHNV2bkTTQ,6,-0.013300492610837442
PQva56jc2JZ5J2ZSqAWubQ,6,-0.0024912587412587424
PQwFeAxAm4krgDTGMMWXyA,20,-0.001643522969008739
PR5JX3znD2FJuXgSjDh05w,28,-0.015897136177673875
PRGH_6VxMfCyp3UmKiTEHg,39,-0.0004409435335416753
PRN4IdoPO7mCG_GWtHYE0g,12,0.0028334264506345284
PRbf-L4kY5vOGLxwBwzdSg,11,-0.490909090909091
PRmGQsldPV7I5uZhEEymyw,10,-0.003933566433566433
PRrUvMLjJqbmpjKD_w6RGw,24,0.0010206354670824816
PRrhv6G_A7a7ytkNMvtBAA,19,-0.011269529582515151
PS00H4iI51h1_yoWuvZ3Ag,24,0.0009026319317217031
PSToGnc9iigo2MaOsOhKng,22,-0.06666666666666665
PSZauAAMc5lWDL0zC7-0rw,6,0.045454545454545456
PSz9hS4KEAOUFWNauBMRlg,13,0.0005412334425295541
PThO5psE-zbRtVyGSRVgGA,14,-0.08255933952528381
PTiOZUZjjc-wLoVu8odw_g,6,-0.0003326901324106718
PTn0hZz7BiP5T2muyoxrjQ,42,-0.00048635957066189655
PTvvqYhikPfXalzhknWhfA,9,-0.0025328330206378998
PU6_b7Z5G7fZRjiDMkoFeA,5,
PUf_buPLOyOGAMt6D141zA,66,-0.028243053514872503
PVT7rm1gRmUQG34anN-cew,5,
PVUFx6iPmpv5Arq4i62i-g,6,0.0007687827606290038
PVVFos1LDfD7iETY0w4vaA,156,-0.0002929299269767519
PVkZ_ms1oVj5YKqmIxFhmA,13,-0.11578947368421051
PW5eZM5RAQEhy3wgovChhQ,19,0.008374963267704968
PW6C4OMpPQ_Zm7oiwNIVgw,14,0.004978662873399716
PWlShgXsJ8Yj3ucD7n8kdA,117,-0.012344607264393357
PWtFbiNsrO5rn67KWWWGrg,37,-0.0012244897959183682
PXNIcWp4xqtXllJlLseO3g,52,0.0015320005006234589
PXWYIvRGnAcxWyPwvXbuDw,18,-0.006864075345199136
PYDx7It-T8PrjU9A3OuIZw,3,
PYUI1OJVksGUbCrteU68bw,93,-0.029768041237113404
PYtMqV_xv_EAhDbnfREf7Q,8,-0.0003505776048764213
PYwg-L7NTT7Opi-jLupeRw,7,-0.011379800853485065
PZ9gjIi-x6B9_DbSiFT65Q,27,4.174929548063916e-05
P_xteYw9HVSMjmKoszdHpA,28,0.0008869179600886917
Pa1qHPH02JRDOw1RSpG0zw,4,
PaQYIjuNNCgKmfc_gzIA5g,12,-0.00033422459893048246
Pab9VzWLe20vrdGn0rxNfQ,8,0.0066801619433198385
Pb2Gda3L6H3SRefymTtzAw,64,0.0297228544651225
Pb3YoPHJ42hc9IGIndIybw,63,-0.018292500969830802
Pb5agnsD9EdCl6yuZp2jJA,34,-0.10147991543340383
PbAp9uPa89Hgbgg9BoGNXg,13,0.001567428828934736
Pc1I2FSLx-ci57ejlJPZRg,16,0.007843137254901959
PcSiY8opJ_rdAJm1YLSGfA,7,-0.014041514041514038
PceUQ1uT8ixXTpG1RMSMww,17,0.00017923650892442568
Pcxef4vgyFAfNgsFW7peNw,6,0.0016594516594516595
Pd-r2emx-k0GB3f2Iv4-zA,11,-0.00040072129833700656
PdBwl7tlFhOBR3p4kMd9Hw,29,-0.001007982128749285
PdMXmOWDRHICAx6SLgu1dQ,21,-0.28181818181818186
Pdl0Bdjo96XEWJqZ8-LRNw,6,0.0005546168629322463
Pdz_XHdrQDRtcbDNocaL9A,11,0.00024687004055722105
PeE2ybJFM4kTbPtF4R0s0Q,7,-0.008502024291497972
Peh5wF6dwIdXELAZgeR1ug,20,-0.0013696448479057176
Pela9KXyn_tHiQP5df1mUg,6,-0.010389610389610386
Pf8c5eSvvSKgjqB53y82Mw,9,9.016522777990659e-05
PfQwlQLn4COxZvD9nU6DCw,15,0.005347593582887703
Pg2ZKh-Ss7CCpaF8MwNWYw,42,-0.005578139114724485
PgCv9KtHdlvuwqIykkfhrw,5,
PgGdMdLyaKTbRpWOIBC_Lw,14,0.002380952380952381
PgUoeGam08nCaLWJwrmrWQ,146,0.017437210046392603
PgxWcxh3YpjfZ6spFTIIHg,6,-0.061764705882352944
PhJeNe9KRtrek1BP-HaMtA,5,
PhLYLCjM_dS_seS_fMBVeg,139,0.005156537753222835
Phde8iK9NVUClxBZnKuQyg,2,
PhvIKjKB-tkC6Lld0gQn9Q,71,0.009480480562290573
Pi1djvbsj9KzrObuZO-csw,32,-0.010337552742616036
PiFqvShE4ioCeyF7bhHwDQ,8,-0.006475485661424607
Pj3hJfjgMYCkbfHroNc8aA,15,-0.007114624505928853
PjJurj0F0zU3pif3KsJ9jQ,4,
PjM3l8M_ViW0264mrzuSlg,10,0.1037593984962406
PjknD8uD_0tisZQbomiYoQ,40,0.003301452776211275
Pjl_bLDq0GTeQpQdJCF3gQ,13,-0.00046507546507546486
Pk3pxdU9Cp-xuL4oKn0KXQ,5,
Pk8wDjFerE25edYymxRDPg,5,
PkDM_nwfFhI2vzKZiaLdBA,13,-0.009714076246334311
PkIYhUjvpsPpJVJv4WcPTg,88,0.009995931510881045
PkZLk4nDljDyxICCh5mB_g,5,
PkaxfjwdWKL02xkK2UGxNw,13,-0.04
PkeGb4MKT2nBi_6w73pa6w,39,-0.015864621893178214
PkzH56GHMq0t-sNes-rHdQ,11,-0.001220965935772857
Pl60oIKDhIY5v2zSBBbVAw,17,0.003854940034266134
PlDOQFxA9u51TfQMtcklrw,19,-0.0002311888162410137
PlGi2QJiVdij5Yv-QTkmMQ,43,0.0005282732304615549
Pl_9HzOa8uy_YOUxgonzGw,139,-0.001067008109261634
PllOAyFe5h-HX3Go6fyimw,17,-0.0017496537143690313
PmASdGXX3XVokN2q92JIXg,21,0.0005636154889886232
PmAd6HbeqJLMy0s9txsZzw,7,0.0004926108374384238
PmFBiD-KW4U_L1MS9qcIUQ,73,0.012406373741710795
PmJx4zNYCyR7Hx9AmgUUJA,88,-0.03621432731508445
PmWjC2tCN0uhUYzUnKyPqw,14,0.0037107819716515364
Pmb8DDl9ATf0Q8pIev13ZQ,12,0.007215007215007213
Pms6nHJq_fBkBn3HlI1DyA,10,-0.00035764189234147313
PnPA24UHKLBJPw_E74FEkg,22,-0.019635627530364373
PniDGhPSa_bMWA8gU2AipA,62,0.004560673847927845
Pnxr8LN-5rqxENU9HOSX9Q,9,-0.05494505494505495
PoYIk44V6bwUNU1EQWJiXQ,11,-0.0053656869446343115
Pp4LoheunB4izDxveFgU0A,34,-0.003024193548387097
PpPYrO3Vkn4EgbKbIHTkdg,8,0.006275078972082302
PqpX_A4xhuuNteQpMQiViw,20,0.0011289262339592443
PrDCOg_lYU9CL1AXnD9rMA,61,0.005724796203785331
PrYSQ_FVZAXB46KcscmLrw,22,-0.49008097165991904
Ps05fcj2yu0JjGBZ4FJpLw,14,-0.011127237542331886
PsNsxahhRUIf6EEI_5n64Q,60,0.0006982485977981591
PsmEYy55HF3epGGbCgIOzA,16,-0.14043478260869563
Psx9NiBwmK4r_j811Mn6fQ,15,-0.19829059829059834
PsyoQwBcxs98DP-2tBOv6A,46,0.0007866518223368101
Pt7FpaeQcOgWcPQDJZnkmQ,5,
PtFZJdyXZxVO_VXWMLNpvQ,97,-0.002590874579502441
PtbIGfw7zq2yJgE2oy4sDg,8,9.330292349160336e-05
Ptu4RUf3xsFMQhZ6s9d_Jw,5,
PuSUDzbWZMGt7m_EcpbqxA,5,
PusG7tp0Yu7qz1ql1viXqw,6,0.0005226480836236928
PuukXxCe1V7OhG-pcViC9Q,32,0.005017338070979067
PvJB9euN4qsH0yzTBzWpmw,7,0.0015563891771091071
PvT44WlqJLkUrCITo6AjRA,37,-0.17760210803689064
PwJWwvIhn1L9yjoUnPyOAA,5,
PwWCrphbmqJQfv1HrcoNvw,17,-0.0026121291890250074
PwadRAe8FyG9BZco2OZ5SA,11,-0.0028350985196735593
Pwe0o-B52HVdQ6ForPl-SQ,4,
PwubHDpNphSPXu490VHIJQ,19,0.00014400921658986148
PwvhqTRx1MIouDT0IHVPwA,12,0.0017880184331797238
Px-U9DtzGY3sU6YvAt428Q,4,
Px5G2VQFNEVx4j5WRF-Dag,10,-0.0012030075187969922
PxEiXqMAzzvp8GFlb5EoLg,65,-0.08884779516358467
PxEjGVKN2FqsDI7NYYn6kg,14,-0.0003215974272205823
PxG1rLAfbvtoAWrsq5Rhog,87,-0.0005990241095412276
Pxmt03f0mW2DBqOeXo2JWw,6,0.0009057030992027926
Pxrs5aY7xORQKTzT-Z6nww,17,0.0003160026312055823
PxwdZDfO9AMFxUYjedhV3Q,9,-0.0002460856993447969
PyLUyFDUPiLKDwVnWSUjFQ,4,
Pyr5bTFM3PJtphoWDtIYlQ,5,
PzAYUWwfZqUOoL863k1gMg,61,-0.0025321966261563572
PzVtBh0oGZWFEJa1So7K8g,6,0.0014812019434879004
PzmxNRjfOQCaKgSI8O_MKw,10,0.0007095770005493499
PzqwENhkS_x5Czwn-dV6fQ,43,0.004223894691011077
Q-4tY-IVxZCB6ot3x068zQ,57,-0.03734639016897081
Q-V4_FpcWd7KwhSHLcYYNg,28,0.004914004914004913
Q-dmOJiyBS0u53n1DAA1lA,7,1.8260237602211833e-05
Q-i4w_ooMXBVdQKc1xTGSg,5,
Q-prSTdggNlxAEFV88BZOw,162,-0.017628064580426546
Q05_2W8m6Lbbu1KcQ3U3wg,21,0.0019776191394945005
Q06X6uwnTpH9qKij-KZjGg,6,0.06060606060606061
Q0PURWx5cmU-VX4d-GNxOg,20,0.0008319252943983697
Q0pFg3ri7kt9xIxxXh7-RQ,55,-0.06832261835184104
Q0qL3w1O6YfXs6PCS5JL_Q,6,0.005652173913043477
Q0yXdKsJX513_89t5OHKKQ,27,0.00975609756097561
Q18TVpaeOs-UkljaLG-UBQ,6,-0.0012121212121212121
Q1iEA9dSaiCUpVOBh9OK3Q,66,0.0030538302277432704
Q1jYPFUp2PCZVhsRwg0rrw,6,-0.0015850093339438555
Q2-CMoiLMuZVvLE1oxzx5A,66,0.005939962083321426
Q2FP_Vd2E5uriqb28w9Y1g,19,-0.015546772068511202
Q2K0jBf9ybRRL_hODT04mw,56,0.0030388965872836845
Q2PsfIw2sPKNlkR-0sQBpw,82,0.005799960895145665
Q2aw4mDRURoxetUF1rjdeg,6,-0.0009139987016093212
Q2d0tcWR5AZtx86A_YrO2A,12,-0.0016596962359674225
Q46KberieM6ziVYME6CHEQ,41,0.03881673881673881
Q4vYTHejsVkm6cA8qOJXUg,21,-0.0017996496257365823
Q4w-HO6YPUJbnZ5TrF46sw,6,0.0006164943051338562
Q5-CkgsvtlRF5GphtoBFRQ,8,-0.07142857142857142
Q58EUoChgJeAnROWcSQkLw,47,-0.04453667491419907
Q5NVGN4Qd_VnyGDvAoPeiA,8,-0.001125474307029391
Q5gDZXs5X6oIgNGThOLZUA,34,-0.003845449551364219
Q61bxdqtRdTyxNPhbgV6Hg,7,0.0016326530612244896
Q6dqCcvBDeRYmz5MV3AqDA,6,1.8225559524677505e-05
Q6ku5LqoqAahrTeNkAb7zA,6,0.05
Q7g4-82HBQVlC9u1xqKrCQ,5,
Q81Xj-eCVxi8mttVMn2UiQ,53,-0.00038404468883651924
Q8HgFV4VRBFZ4s6lFP_2bw,22,-0.003997475278771303
Q8UJnXmY-_tuxdOaJozmFA,15,-0.022727272727272728
Q8b_MwLNfKLxxmfB68ozHw,11,-2.2889580662882256e-05
Q8qE2wKE1x8O2OuIjtP69g,18,0.0028918449971081545
Q8vGyn3j8WKVqXubxxSbOQ,6,0.00047321099952678876
Q8vKIek2YD0MESa-9mttGw,12,-0.00039829302987197705
Q93hDbLqgCHx9l1zmP5Gcg,40,-0.012420957542908756
Q9T9PKQZSs571tS0lQLoIg,5,
Q9poenJ9SS3agpPo4Pgyyg,111,0.005639380604054188
QACv2iqwPaOeC9Pg-PIHgw,4,
QBLR0kqCJBWCyyZR3Bc7sg,8,0.018548387096774192
QBuUA9LnalBq6WsIZbqaHA,53,0.0012508439950831877
QC-Jvj74BAQFuGQ-Yomedw,9,-0.01167420814479638
QC4t5EWxTU880V6yrI0kVA,10,-0.0014304808004912762
QCBIv9iobRXVtNmCb7iN4g,5,
QCfrzQGkUNDXD5NOIOyqoA,8,-0.0005036630036630037
QDPP1cwdxN5XYvUmpuYCAA,9,-0.0019762845849802414
QDvQmizwCiFGf3y0Om9jyA,10,-0.00013619339462036132
QE_AWdEFJcYxjGqWeJkI1Q,17,-0.0017451084082496047
QFZbe75u5146KeTF3ZmOhQ,80,-0.009999885552096686
QFvIzZx_hQhdf1fr61qAFg,47,0.002495672698662471
QFzJKnSUtkgSs1lKOOxXeA,76,0.005024776225948055
QG-9-wye4CTEEMM1OJ1myw,11,-0.07862903225806452
QGCj7OANecI2SX31_3SYQA,52,0.002272294454735895
QGYzYUMsQe6k7__LD91E5w,143,-0.014166478682607715
QGtufoc9UhLVY6g8AeoY5Q,6,-0.3
QHcyKaKnpqW_MRU1oPxUUA,6,-0.0064289888953828166
QHpf3YP3mjENTwciIQ_m5A,11,-0.5727272727272728
QI0FYatL0VtX07duLHdu9A,29,-0.0002190112030671876
QI7hNd1fCZBWlD6u0RS6nQ,5,
QIC0wRwWLGIU4Gf4DISx_A,8,0.000522216585598759
QIEajLDnaNgFrCHWmiXCaQ,38,-0.022200584225900676
QISVebCBgXX3AXog7Lex7g,7,-0.0008286951144093998
QISg9_me-kDqfneokdNM6Q,4,
QIuU35su_uePIkn9o5a57g,10,-0.0038327526132404185
QIzTZoV4QFIgesL0aJV6Mg,20,-0.0011618141097424416
QJ7nNAXmBR6dDZPWj_36pA,36,0.00011200925943211258
QJOC6Uz-RCpzPB6aMjtP9Q,56,-0.05933307199129983
QJZdu9kFpKh4Fy8_YuvvXQ,6,-0.1
QJcjW79f5k_HLg5_KgjUtg,82,-0.046817333609786446
QJxC8Bba6K94hf3pJ-gzeg,26,0.0012861990057602783
QKCpN2DE_iz5om4tdaWndw,60,0.004324564024948666
QKVX66UREuD6aQ0x_F17wA,127,-0.012089936779020153
QM64k4lKrBpctTij2tSp1w,5,
QMHd6Z2djm_SBLzGhLvFqw,42,-0.006017203770012758
QMNheeGTdKujLnYgEyFuWw,70,-0.00658619477323333
QMPyu1S5yzQrXQxAk_s0zg,32,-0.02882072977260709
QMSevKu2-czkn3KjkvQOsw,12,0.00011435105774728454
QMq46Ld_zjI1YCLmYHYOyg,10,-0.035093582887700536
QNzO9raSG3Nkyub-FC4jYQ,5,
QOAImlvMOgmXPRe2Ug75Cg,26,-0.007841068917018286
QONdaxvRzgIsAFvecmP8Vg,19,0.006509934592126373
QOUqT4PuH2Xm-ky0R87JNg,13,0.0007132258506963927
QOn9vTJX7-GH7FW_kZ_oLg,10,0.0030093605108914346
QP-LvnkFoesBMCps7HuAWg,8,-0.03461538461538462
QP-m97x52Eq7gghg7BrbKg,5,
QPl9wksjgU8t2SjvSCBx1w,8,0.0017346938775510206
QPwEwRE5jiOS3d8IqwxVbA,10,-0.002279368790181181
QQALFTHXARSAviOaSVDrKA,8,-0.0005788153579008302
QQGyPctWtd9WOZnMKUChUQ,123,0.003408448936036661
QQUDUU_4bCu2BIeofxaY0Q,8,-0.13157894736842105
QRSqUgPK7W_6z8yB27KD4g,44,-0.0042452457981535545
QS-MuBTaT5ufY22UGelWtw,5,
QS884ZcHmkTaWAmjrXyFlg,3,
QSX3ezwj6-KLCrLyrc9ZPA,29,0.000999453035652131
QSmuCHi63m8zEJvUc6SDAA,14,0.06373626373626373
QSzK9qwKPOIuxjflT6GOkg,22,-0.008847155883630047
QTjtz-bfm8Yrrv6t0PP0FQ,79,-0.000318956307219844
QUHXdH8vrJ6LSj3UxgeO8g,26,-0.00499835874787383
QUJAS_4fWsQBc7Q8Bfh0Jg,8,0.12727272727272726
QUSctIF_D2yv_NJeokhXFw,16,-0.5320197044334976
QVIqk_mjBKjMXj9OR1mGpQ,14,0.0008304195804195803
QVccj6Ke-eD7k-4cyo1yAQ,5,
QVu5RffO04nc7JWT8pqlQw,14,-0.007584485407066053
QWBIszwwPcG6ZyNnyg7nVw,23,-0.005188162221410303
QWZuvqTYTMncVdhulUU73A,145,0.006122979715281923
QWqKTWQ2OiDgo3dzNkpung,137,-0.00296819860695289
QX3g1tCeHvb_kIhLmtBj0A,49,0.005887853963266373
QX6qD3JEopZSH2SQsmObxg,34,-0.05511312217194571
QXGnmsKYANxOyZBqM-zlJA,163,0.006529412536577043
QXHTyjutAlsL_esmT2vSqA,18,0.005550239234449762
QY9h6QIaBFeExPGNPqiOMg,9,0.0006205277280858674
QYA0axOfmU8l5rhyn-sgkw,82,0.00283265468834534
QYBcLH0A7ZFO5-kMYxiloQ,7,0.003120199692780337
QYaF6HBhT2PGpJzVUDnG6g,8,-0.01948051948051948
QYnfbwG2fDfuWAI6RbGz4g,5,
QYtayUM9q8EvKPd1B2mtkA,12,-0.0005863589454920728
QZahNN5HNXZPloHdTHmeYQ,34,-0.06143408829975993
Q_BBW768Hye7hUGeyXNh_w,21,0.0016003414061666493
Q_pHfuSpVEIVfjJLUSTu3g,19,0.0006092564564796159
Q_t5XEiOLDVVYke9u7_uew,9,0.028461538461538458
Qb5QKILoqYV1zuKE7Dzfzw,31,-0.0011307533046663485
QbJXsdhbZ8HQqjCpb76_FQ,54,-0.016233766233766232
QbNvi4NDzGSle2Wsp8Bwyw,12,0.0035651665692577436
QbQxZ7t7bs64Lq05SLAmVg,13,0.002738142542354513
Qbb6nFPzPgvyCDvCd7OHqA,22,0.00273569495879001
Qc974_Ezjpqg2wW5uoEUxA,4,
QcP1I2ky1Ynkl7bAxEGWcQ,10,-0.0015297202797202802
QcSUVRH1wJW0qRuZ7A73Mg,31,0.0029601029601029586
QcThABvkyLHpkOZG3aLGjQ,40,-0.010136184662066974
QcU7EiHFQL8pVnOHZBPs2A,14,0.0006900690069006901
QciEf6I9aZ2_awkPNGwwkg,43,0.014066496163682864
QckgxxdTdsRPdE1O8IUG_w,5,
Qcw0T-PNa5Cggkf7W0URyQ,6,-0.00023817009155258328
QcxuKH9V6iacdi_nfRCE6w,8,0.0007260456312829772
QdJx1wQwd3UNkrWanF7QmQ,12,0.0015135807588637779
QdN72BWoyFypdGJhhI5r7g,25,-0.10278745644599299
Qdg2En83Yh7vlFbZguhr8w,5,
QeisXJPPNqtv_cAA9ehtVg,11,0.0006791171477079798
Qf4e6amvsjdKgz-b02gvUg,125,0.0036661093861953668
Qf6Ex-2ZIrNxJb-qVwbvLw,22,0.004349239605534084
Qf9TysGjxolCipKa_B2vlg,13,-0.00013975610305885547
QfBSk7-AyvvGRyHC0ddiGA,100,0.0009431680405988202
QfOanqR2-5MMuYVxPxAHnA,12,-0.01170806433964329
Qfep5GxJqJU0X2cFEeD6ww,5,
Qftoe1XsMTXx1p2nXlTOOQ,5,
Qfy1pJcBvOiHlQpPUZbL3w,12,-0.08639186900056464
QgDsoMYcLcVcBQ3UgVay4A,27,-0.06371275783040488
QhgrhVKlXZtSY6gRThf8zA,81,-0.12314467955857043
Qhi17dmb6XCvP8axcJMYGA,31,0.00030244056385440746
QiSeZKQlyiALTLGK2YFTdQ,22,0.0004526646647412479
QiyqXmWar10YCIXJLqD8cA,8,-0.0006233725242641837
QjJ6Er27VUCetYZGWk18XA,15,0.00015477679895783625
QjPqXSqb9aiBPeRJ91mgnQ,8,-0.0052035152636447715
QjktE2M71v56CVHERuyiTg,9,-0.07352941176470588
QkWOGeCYqTBUN8UEduOjmw,40,0.0009946434649280786
QkYXd12QO6N7BykYOp_8Ag,13,0.002014918974534854
Qkn7xSYIsKYmGmlhJZQJcg,14,0.0009996039820289776
QlC0wdl3pIWnigTR4vDzVQ,30,-0.13554006968641116
QlTsoRTRxMztgkB0CAvYYA,10,0.00011370842535697877
QlWXdAl0XYJHBN9aqqIMKg,37,0.005536058119051195
QlftJrBQV07DZP7Z6-_1Jg,10,0.0025210084033613434
Qlh5vIweMlTk9ld6_V-ywg,6,-0.0021994134897360706
Qm8pSLYuVS7eIyOx5YsWBw,36,-0.25532776922453604
QnFsgq_Ez9D9p_4kDsKiuw,4,
Qnbwhb-L5q4mLIBdF_DUOQ,6,0.0010566728892959037
QnsN0QIsm432xjsWk21Ghg,11,0.004839539520226381
Qnw-UjirboPsLIu9LcH-Yg,8,-0.005662805662805662
Qo6Ty6uQQzDrhSCFknV1Ig,14,-0.05645161290322579
QobemDERpGVpSAbGMSqfFw,4,
Qp6gTafgrtOArzWjHv8sAA,35,0.0001755212123806669
QpVXlRplG91fRBFEzHD-9Q,8,0.004901960784313726
QpgTq2gsMLpq2sdqU7luPg,10,0.004334537371492081
Qpytx9DmPTtqiWUuTZKtdw,60,-0.0003673480545930464
Qq4bJfagVGJ3Z7BDbkiXuA,5,
QqEyFfbfX1hENo7-oL1vUw,7,0.0009115670166498267
QqOKPUl7aNiW4IN_Ij2mBg,3,
QqntFtwfPDC8oh7AZ223vA,7,-0.0006561201428883869
QrIV69RPS4LTpIwPoL22_w,45,0.00199850471589602
QrTymDJEN4NzLaXnSJXizA,7,0.0008094357076780761
QriIO0sJCe1dUKEe21gtWw,8,-0.0018017376442102265
QsE5_szZ_G9MZ68AAzgVWQ,5,
QsqhsD5d0dMxYoK-ciTgdg,45,-0.029868549172346645
Qt5UAOA9FiZr317dgU0hvg,17,0.0008291873963515753
QtGyR20LDmhjhpMFrrswFw,6,-0.005668016194331983
QtST1igZAi0q9LxJr6srIQ,112,0.015321477428180571
QtYVt1X2clFJlpkBah8c7A,62,0.0037174282322540025
Qt_gJJ0BmFB1lwfp1XS-sw,15,0.003849482259556563
QtuoqpyD0YnnQLOD3jGMBQ,10,-0.0021917808219178085
Qu-HGo_QNVQHEvJOAOdiOA,7,0.0010935335714806445
QuU-a6FEcC_aZTgZkYFeLA,102,-0.0021586378219511705
QuzyJkTBJFZg5Y0oDCQqcg,6,-0.03333333333333333
QvCc_mlkTSwKHviDolXz6A,7,0.009523809523809526
QvHhFHrfLoRe-UbW4w_LPw,65,0.0008587943848059456
QvhKhVOzkmHFF_wMP_-x2A,19,-0.045454545454545456
QvjY9esYNRMe_5kvT6TC5g,18,-0.14025974025974025
QvwfN9izvSDcj5OxRJgIfQ,13,-0.008474576271186442
Qw7tz-UkPrpXaVidWuab4Q,176,0.013150253179259703
Qwh4zJr8iRvkkv_ti-AZpg,8,-0.011857707509881426
QxS5bctiBVJXKwSKRjr-eQ,8,-0.0013876040703052724
QxYHiuXphuP0pVGVdCYP8g,10,0.0012072707542051004
QxecXQwEvcFfwYpsuNvaGA,5,
QxyWLkrSWzedD8eU0zj3cA,20,-0.012042575085214483
Qy50OzqZtrtq2l90tLj7Jw,10,0.002485599305610353
Qy8eNnWB1bTYnvRQ9jgOOQ,124,-0.007555050184776191
Qy9vRAMvHGApXvzf9rZEyg,6,-0.00036123252537658497
QyO3mzrecPGE9bvH1oK2TQ,16,-0.02085470085470086
QyWxTsVvvqSEpU1KNblRbQ,25,-0.009559032716927457
QzFEjzRuC3C6XNSsfVM33g,11,0.0006025878408729854
Qznis2luMOIAnPoTmeIsNw,7,0.001466275659824047
QzqBnYg6nYuJQj0hq9e2PA,5,
QzvJ0jFrCo2lldh5CiNcCQ,24,0.0024855770030092943
R--rV0fSLevjMwxIH6DEBQ,59,0.00201613784959874
R-HCwu9UbasUudG1yTM1Ow,7,0.00018099547511312228
R0JUjyjGEzUlY3auVhY_tg,152,-0.0077450950132205735
R0hmtwcPsh3EwjE89-H9Bg,8,-0.06842105263157894
R0uH4WFjZZbjSt7tqwXIqg,8,0.0010177747082984988
R0xSejvyx-MaAu6DXS9Mlg,8,0.0038197097020626443
R0yS7JKOouL5_sHZhK_CKw,5,
R17gwW6zn9ilslbdvKdgsg,167,0.008498276392238104
R1aHeUAwUF1Qkpacrn2Njw,16,-0.0010511924262553043
R1lpu5m2xtO4kuIol4729g,11,0.00027820280984837956
R2izKtaTN2UW3bhjBmHJrA,66,-0.002349087693915281
R2oX1nmrHZ-2x9Dap_5VcQ,6,0.0013749161636485584
R2sUttu6kl5on4k1khkDqg,32,0.002495496462239918
R30PxELpBV31Ugy7n-MZaw,33,-0.03797909407665505
R3Cl-KaJ2_YKN8zpEUjUzQ,5,
R3FDYMQBrMpkUquwE-eniQ,168,0.009250976081270611
R3YKAnoDH0aUKdwnmmnrDw,7,-0.004612159329140461
R3oJ8jyL9j6t577lIdmZjg,5,
R3r9ZoGExGDZL4etQUrwUQ,13,-0.005586080586080586
R419nDJLQ2n83tmRecqt_Q,8,0.0010124814523871871
R49ZLFHn9fhEwPCh2FQeDA,119,-0.0008677874760478016
R4V_g8fR2mB6RjvpBjBElw,10,-0.0012498645378029834
R5J5bwnRGQ2NPRZHvCdgDA,8,-0.0011339475549255853
R5PDWmEnLX7lDSEPfF9ZWw,33,0.0024876740247868237
R5j_K2NTLREJspZNbnEZYQ,19,-0.022953181272509005
R62ILQKzC5DMAKHZr0iszA,18,-0.003800904977375565
R76nXl5oTep-d1ZGPZSimQ,28,0.0009754775775640161
R7IoE-Th9OOAAPDNKtVRKg,35,-0.005728117560886285
R7U3lCaFWGA1p3sRkFcYAA,8,0.023262178434592228
R7ph4P-3kc6Y545W4Cb1dA,6,-0.0017211703958691913
R80QoRhVnUff04VYoFXRsg,7,0.001057082452431289
R8Yy-Abycqdnnyi7wbw8hA,18,0.000542986425339366
R9EQOZOoO1a-WQLOq0KgHQ,39,-0.0014783013709726415
R9VYqhQeGtHpaadx4eK3_A,28,-0.051014170602945254
R9kExKCPOnCD8vVY_7Edlg,47,-0.059152849980005535
R9s2JUSSAiEzea2V9IMHWQ,8,-0.00012735359235094732
RA4SCy0Af5yI0t8lP-3EFA,10,0.00021423980575590955
RAM10xXUjQnyRpwQMbTimQ,16,0.0012578616352201253
RAgOpHQ5UqcgsOFInC0VMQ,12,-0.0009438958554002798
RAucBixPYsidSxjtl6VioQ,35,-0.007477030715411525
RAwtx2OKnhhQxBurDSGC3Q,7,-1.7857142857142856
RAzantDide4Zr0OQljaQsw,36,-0.0002322254017169273
RB0q5kCIAlGgXYV2uLonUg,28,0.0004036727896700265
RBCtHLVvc230q8zkRWIoyQ,57,-0.0676547333263751
RBrjw9lwqkSwLUw1hZgGBw,33,-0.01369047619047619
RC0qqWd74MzIgQvVwhX8Vg,6,-0.006060606060606059
RCBAA0i5IjDRqR-K9DWuOg,18,0.005301065975223278
RCHS3HKvVtQOf8sZtrLgZg,35,8.805607410799196e-05
RDZYRd8JR6iD0ulSvzmsAA,10,-6.594976825984206e-05
RDbA-QegR8eCmiq0WXxxDQ,6,0.007905138339920948
RDn9X7jN9dXba3ZePxy70w,21,0.0007580206053488497
RDwBQNJMjb7HQgypdTISJg,6,-0.008683473389355741
REiAM73RkOxFqCVlEFiRWA,174,0.016083447540733972
REns5fQe45Nk_D2UwQyr0w,41,-0.04988059053408597
REt83ozDeIl6fCYZuAjNrA,20,0.0009180804467991512
REwgEu9RzAoZJX7Bqtg8HQ,11,0.0009484186699376571
RFLX8_Bkr_fFSTxYMRkFHw,14,-0.004298801973220577
RFWabEPg6tiJ-VdwJ5szfA,27,-0.003531722727364776
RFYlmTjgwhOsm7qJwW1G9w,72,0.00817107972401835
RFo876v_A63N2JfOTq1p-g,43,0.0255533199195171
RG0j0euUZJobcEBoHPhPJA,19,-0.00046662956462177325
RGbOLfkHEH2ImrJfTl2CVw,15,0.001789460693570282
RGjIJd0AMKbXoFoLqaP4zA,7,0.00014612253418223574
RGjzDIO6HlOU3Uo4IqVAww,4,
RGzIHIhOIZzsjLRVDvSjRQ,37,-0.11401020986954057
RH0vy6AjSM4_AVkJNagOjw,6,0.002602660497397339
RHM0rgCNOMGzADrOtPHMBw,47,-0.0023217848721204435
RHOGJNNPeCohAxzWMmsmPQ,24,-0.0017448642187153562
RHOr-bD5_YjbkvfzsdfKQQ,7,-0.0016660496112550912
RHUHCFXI5aJRiv5mP9A4rQ,37,0.000438931553482637
RI33oswGDkIsc0fuQ8GzjA,81,-0.010414347557204703
RIHjQ4U0J_6Hgd8IBEtPnw,3,
RIc-1co-CqV9uJPF1ZX9bw,8,-0.005226480836236934
RIfhqjdIJAHbqdKM0_mHqg,3,
RJBiEleMH9ZjPFba26-uMA,5,
RJD88-WavTe7f-68Psn5VQ,31,-0.00035810088475841316
RJcGEf7pLPvWU6jPEKj_lA,45,0.0009688482875250903
RL1mug4X2HghyPZwkd8lSA,27,-0.0641628959276018
RLD1aA80zeHaZeEDc2AEmw,7,0.0023051310509690083
RLH0yi4Z10z-tIKFruUr0w,5,
RLXT0560avopHK4fJ5LFHA,39,0.0007121256462784124
RLfWxrfM36gG13ytfG-ZQQ,17,0.00200812240555081
RLoGgt2GGC8wHpZ7K2ZbRA,79,-0.017559918181487735
RLo_f0nD_Ew5KAQtVMcs2g,4,
RLtlS9CJlyGU3WIOLHxLwQ,13,-0.08872180451127819
RM8H4Npg7kGGlf7Cb6EGdw,21,-0.007326007326007326
RMBFktG5V1fmCTJSisLvMg,65,0.006310528171879662
RMM_JZ9RRwjtDTjRe5xMZg,9,-0.0013777267508610785
RMRlzkMedvSjxFLN9cIJSw,10,0.0
RMS7BsRVNLOb2Dm8LQP7yA,11,-0.18596491228070178
RMm5FeJpYGZlGJIVsqz0Yw,12,0.0021152829190904283
RNEhva5S8AlvwgaF6Z-l8g,13,-0.0022187922052865133
RNaHrKGm3LCRSj0cdGraeQ,14,0.001939772110689094
RNgb844JJbo6vO1iUod8vA,92,0.005870737168047242
RNknAokcVfznb8vHJDj-XA,10,-0.018878299120234605
RNqbc9oD-kGFM-djhfAzvg,35,0.0019728128267689085
ROIohZxWgigjxjLQQ81Adw,4,
ROeacJQwBeh05Rqg7F6TCg,79,-0.03322941172720259
ROs0p-56kxQL2lgV00c0yQ,37,-0.006963512677798393
RPbnYfEoQ6UEziyMD16l2Q,28,0.007828184988200487
RPjJzbiIedTvwyie7Ejl-Q,9,0.0003981525720656155
RPv7ucQhFpBG4GcOg1U6jg,9,-0.00029743679468113035
RQAF6a0akMiot5lZZnMNNw,175,0.18412886064725878
RQJ0f2vUvfDartuciAtAhw,10,0.0007097069597069597
RQ_J-SNNYZRSo-RdM44x5w,20,0.002674424811829392
RRBfknV8ycDFdT5JwTGutA,11,0.0004267425320056899
RRIJlZUVvz2CkMrDn2UziQ,40,-0.20210803689064555
RRNgMxqcmO8H1KXPQNb1mg,7,0.00909090909090909
RROICJV1SdNKeua8QOSfhA,4,
RRjqW_pX2vEWvdPbFpM41A,7,0.0011722508966844547
RSKvB-XntkiDnMqYqAmtKw,92,0.0010107146390844401
RSQdbZ9ZamPwZh9GcosmmA,10,-0.0009389259389259391
RSnJE62UUBttxJCHQY6FBA,27,-0.009110680068183153
RSojqmaMUcX49Ta42H0WGg,5,
RStXv1K82AzeCGJmTGCxUA,11,0.0019413422398497028
RT2fWhDWXZvfXO9XOrXa6Q,23,0.0013804569614832343
RTIryxRauZ12WI4wyZBFuA,16,0.0007578087246847955
RTT0obAwvioYv2LjcD1HOA,7,0.0004329004329004323
RTZOK-U_IrU6EISGjPzPCw,7,0.0008710801393728216
RTsCMl4ifmjMzfGQg2d2pw,7,0.0007000903342366757
RU0UTD_beaENcS5e9EXH-w,46,0.0046884253471079825
RUPKl2AqlS_z0zeLWEV9_g,7,-0.0007692307692307713
RUfWgnSSQKjRNBpK0wSxfg,84,-0.00017183894918386888
RUgJgDeBNtRVBr8T8q8gQg,18,0.0016260162601626016
RVFgQyQg-UWdQjZVbyB4YA,8,-0.20909090909090913
RVKakBspkhIWQx7HRB_-1A,5,
RVLF2RaStLkJiQCqBHknDw,51,0.01033303330333033
RVNa2Uauy3C4aggmjlSc5Q,20,0.0022244996382927416
RW7UkHeKpG-t7U3GEyyMDw,18,0.0002564275592145218
RWQZ-Z19Q08w12SEknie_Q,5,
RWUDd17xCotH62C5gs7fzQ,7,-0.3214285714285714
RXF1XwYuJbY3Ng0aoIovYA,10,-0.001963153125943824
RXIf1sx7tKS2zUQN78o6_w,27,-0.0343432007400555
RXItVN-qOBgbp_vBalAkOw,24,-0.058704453441295525
RXwaoArqhi_-JnZh5MH_ow,45,0.0020384599587135793
RY0ojWzOlDOjEjiAOsSMVQ,22,-0.0018114061984055851
RY8N4hCtQyWTSsWuflElIg,5,
RYLGohzuMvtADK19ZfbBBg,12,-6.699873662710287e-20
RYr5LkmPx9N1ZkiYkDe3Tw,26,-0.02028826526284839
RZXsBARYg3x_XoXh0nXPzQ,5,
RZiKnkn-YXCn7QK038MocA,84,-0.0007794048181388772
RZtGWDLCAtuipwaZ-UfjmQ,131,0.010391959972992162
R_-3-5kNhre66ppkZiguqg,12,-9.07489457107778e-05
RaK2NlWb8RV3xckcug_TJg,8,-0.7212121212121212
RaPhU7UdbjlbpR1reCEwVw,7,-0.006208676019996775
RadvqFuRTZNEfSZ_avPRog,95,-0.010545600533782677
RajKQBW6DEVdblVhSO7uiw,14,-0.04236453201970444
RbHZJdoy7kIXfGRmM-6sdw,43,0.0018284055867948486
RbXUQx_aW5WVWgl4HCwnsA,7,0.0016403003572209665
RbZioknGd6gcVWp67Mujgw,40,0.0032603632976245926
Rbe567WR_gpGMHvimhLLSQ,35,0.0016237003275886624
RbjRDH7YDUf7-9F5yMOC4g,36,0.0009465430930193713
Rbsea9sbYH-VT2l9bmujvg,31,0.0022859991454208814
Rbxd8BsF_U_lyrx5s8tUHw,7,-0.0003261502620850318
Rc5F8Gtu-wdbPmVU8DFdJQ,6,-0.0023498906085406375
RcE9LYOyYjl8K_uje-24Nw,6,-0.0003686971456307054
RcjHdCH2IT-1Qhl2s4xwaQ,14,-0.001132134731337124
Rcje858p_iaK7X_j1dVp6g,23,0.0020709847889737914
Rcq6pvbBnlQtM-wj4bF9Ug,9,-0.0004640990077883282
Rd8Gb82UQcPPWC_yY5ybDg,30,0.018360433604336045
Rd8UbVjam5zKSCBbb0Uv5w,13,-0.0020825721592985015
RdiBHiNnJ0RbtTUYbfie3g,10,0.0006806028196402528
RdoHJa9v6R47DnIuTPP7QQ,20,-0.0001105216622458003
RduXI7HuaXs82yMWGNpIrg,8,-0.0022489041356965876
RezSx4_q78Cchrc3JLbzgQ,4,
Rf9AqIzZyfrQHjkyXDJaHw,17,-0.007023705004389816
RfT7aELs78xk6GhXKhyGnQ,5,
Rfzv9xWZSGetxgC7Nw5dQA,6,-0.0003415008964398532
Rg78k7uMMtMWJFUepJGdmg,57,0.006192281001441306
RgKuzaeMxkvyms2UXq_XQw,5,
RgVcY0hWnkZkP76cqb5ZhQ,11,-0.0018148820326678767
RhLoQa81h-Yt-MblI4MBJg,20,-0.0013041453190498374
RhP6pzh6AikgrSODRHS0EA,5,
RhRQhyGHurL9WqRoAn7luQ,10,0.002813772676786376
Ri6-mK1e2-IjQAWBtZ7-qQ,67,0.002198816360014063
Ri_k9eVAKZPn3qH39frvWw,85,0.005849557473079852
RjISdNawGnpjsewMTSGgsA,25,-0.11096256684491976
RjKTDimEapGJGtxIMnIwbQ,9,-0.0013875365141187922
Rk-qL4enpuz3WA3xKetnzw,27,-0.0005658463673730851
Rk7WpAeDuEj85ULgWk3xhQ,28,-0.04088050314465409
RkI3Poei2kGVyhy21N0quA,6,-0.00031348576578694683
RkSs_qLitbI320DP245Ebw,46,-0.021341784136334946
RlJLO-WXW7IP-LSSdvqWJA,7,0.0004345936549326382
RlKxbcxLSUqjqL4tv4mOKg,19,-0.0240661210598817
RlLS1Z76GTXh2cjGAdLaQA,41,-0.29555815312682654
RleiW2_QLyxgNjFfqDoZpw,108,0.011935258500232882
Rliq-iILjQX0w3Q0XZ4LAQ,22,0.001687784971156511
RmwLGLDc2rBo6K6MMPZzBA,27,-0.005594603519033918
Rn7nEFp5Vj-Wa6SdRONIFQ,14,-0.088085827216262
RnC2s8eZ7MKEqkzWsUyAgA,24,0.0018266273303621868
RnMGVQpGRmEmJlI7Uewi4A,5,
RnPqB4DPIWXch_hl7u2-mw,5,
RnYPhJ9u98hIEMilycQKjA,8,0.0024155090192826043
RnczmQeyeJPAupC2xLQqlA,16,0.00048107410727952604
RnhLCG4N9MPy6ZRzq787Cg,164,-0.004546436618414152
Ro7opPbuSZdL1igdatdTMw,31,-0.2358543417366947
RoNdO1IbukR81iULOGw3tw,4,
RoUP3lcY4wEtdASLNIcmSw,77,0.008459077512154575
RoooPc2JYvfBBV5C1C6RSw,13,0.0008395953150581422
RpV_XV8XcCz-p9lhPPRUMw,5,
Rq0x-yysyzI1_g2rurlI-A,5,
RqoJHY2zkTaCDTZzqmwDqA,8,-0.0048612911589318115
RrGlQNBklfDA0yUHssRaxw,4,
RrM_40kC8x3x17uHJngyrg,7,0.00043535486483750125
Rrd1WEcFWYRH85HdH7srHA,29,0.0013543823326432015
RrqRin8BYGrTlJbCDwtLzA,49,0.00040160703664207827
RrqYj-7fUAvRhz5iNXGXXg,17,-0.0005063901615625754
RrrqJ2XY0CXNBot7zsdXPQ,50,-0.08715034965034965
RsQchuSMtpq8SyKkZMkVWA,40,0.004478927878681009
RsV2OtsZhoGcL1hDQ80ebQ,20,0.0015548732483073534
Rt-J208w2fzPit4QZhwlVA,3,
RtGoar2B8lbGP2fr94OWLQ,31,0.0008811959087332807
RtN_zLXMCrbB8E5GJsGqcA,5,
Rt_uLkn_Ha0BiDoktBkYrg,27,-0.0019000830834808359
Rta-rDiQ37MsWGPsCQ_mWw,5,
RtmrqFKEtcJJdUkQEiSqDw,21,0.011734693877551022
Ru1wQXYcrt_itF94K9yJpA,100,0.022164368139600335
RunosH2w38ZOkoH3GRcVlw,5,
RvOJFT-Kk2ynqa0-yY51hA,6,0.00062989921612542
Rwirqn9cmt5xhTUZ5V-idw,46,0.003715703148729372
Rx3JSrJyOyBseaJhYrVTSw,16,0.00307899647522289
Rx6d8NSWTdOt9Nd8QWjfZw,7,-0.005574912891986063
RxLdmFo8itf7Xqtlm1WK3Q,16,0.0008855222447455458
RxrgGdjVD5fFY7DnJoj3tg,10,-0.039705882352941174
Rxv4m4UkkLE8224qCKmUAQ,5,
RyBnDO6r1ZhgxymnJGCkFw,27,0.0020230475647541805
RyHUDTZXbjk2tWAQFhe2Mw,31,0.002180275095112672
Ryo0eE_Y0M0KgiYSb-hPCg,5,
Ryt1Fhgz7sixMQSJiLyP_g,34,0.022115384615384617
RzCizi_BMcm65l3r8XdT_Q,7,0.08571428571428572
RzDXwVOumsbRKps3UqVeCg,15,0.002125960061443933
Rz_MRIc4uqRa11JSiezDAQ,6,-0.0027737157413085523
Rzx2E5XgTeGU7FEbUZ-bGg,150,0.003013467493852691
S0RPkPnxukVcbV_UY8Pe3Q,111,-0.008069119546001187
S0TBIuX2tkMjM0SCILJrtw,10,-0.04195804195804196
S0WyIb_04ZtOI8l1vY5TPw,13,-0.011822660098522167
S0dQ8Vks0IR-PZPLoBHKRA,141,0.012364935961915532
S1FwTmCAwv5ulu5gToWi_w,128,-0.0018323305653622397
S1Qe3KJho4R0ML8YnQr9lw,9,0.0009549899048645005
S1QynCi7mchgNvMvrskLdA,6,-0.09523809523809523
S21Myaj831l5rG4AKEyekA,53,-0.14312944523470839
S23U0EGZLovtP3GomRDBrg,8,0.0002369252369252369
S2ljhPVQb8wxIN98j0Stcw,4,
S3-EuL3U_nQmiugDnYPiFw,5,
S32DQsh-gIGeIiJoL3qZvA,33,0.002829354553492484
S4S7MXqTzZCekYkGuIJ2hw,12,-0.0006266599027185095
S53RmUAdmg1bquBvbO41rA,54,-0.00020572503379768283
S5VH9dR3nCgNO5C0M_HttA,12,-0.004876942842028364
S5zpryZNidOZUFcfznfhaQ,46,0.07392067794022215
S6AP1meHAC0RxJXW26fq1g,41,0.046032914453967066
S6q5t-TGc_je8ssh06zTYw,97,-0.0029012542900429786
S6vez0X3gxURb9NUViVXcQ,7,-0.043478260869565216
S7ISxkEZrgcsQpNKTvdyNg,36,0.0030240696711457816
S7tZmvSqrpH18cDE_fwVgA,103,0.002734710103990125
S851KGYBBWp1RKDtHf4lPw,6,0.00021152829190904302
S8ZFYEgMejpChID8tzKo9A,177,0.006676376805889054
S8obO75HdAxvT0QPAMFqwg,57,0.029102476470897524
S8qm3P9q2UtSyKP5AKm3ig,5,
S92DFRTR_15DqxJbP5Cr7A,11,0.0006837786661056173
S9IFCU4FKCqEriV1Rr2ZcA,145,0.0027225442016986273
S9JyjLuKyyHB8a_2rkyN1Q,5,
S9_8MQFIsLhX9HBIoUIh_w,11,-0.0071493212669683235
SADPX8WX34EQDj_jqtacMw,39,-0.297560975609756
SAekNNLJzaVH4x1D9mB9Yg,12,-0.0017767106842737092
SAi55UwRNKZbVJAXh0PFIA,38,-0.0012872628726287244
SBu_YuEnZY2TsWAzxyhGRw,8,-0.006660412757973735
SByH9Gjdr_bt_PD8N3hbCQ,59,0.001847078351282795
SCZcGXrZgWzubJiQuKn2JQ,5,
SCjUeZfjafJ88fWWQjRh2w,138,-0.043385143475044574
SDJlLqpj6c-OZW4EWjhAQQ,6,-0.00047778308647873874
SDL247FlOnScJfuNjZESxg,120,-0.01959375972265434
SDYbtInZIV9dpf7F9EhC7w,4,
SEFujmfGZI08JWRyhIpYeQ,91,0.007516642886074736
SFF64Rog0p5uX7ELVcv_mw,8,-0.03333333333333333
SFuedHlHzZAl_0SY75507A,59,0.00040080609046126275
SFyVN0ysLZ39z1pjOqVcAA,6,-0.0011299846905299994
SGHKFKHSm6H-fU_zDIQXCg,7,-0.011846689895470384
SGUk67Tp4AUwxjifu6HQ_A,26,-0.0008383587222650927
SGd2xHjz0eZ-SbTHQsSUGQ,5,
SGfnHZzhu1H5fyYOpkATHQ,8,-0.30303030303030304
SGi8AJhR8iS-LsQwcMOAVA,129,0.025315431545341223
SHSLbgp5ZoqdWsMbaUD_Gg,6,-0.010389610389610386
SHYPQbYqbfK4CwTDjtBH7Q,143,0.005211610586750565
SICdtxh-1DDOnSFJZlUxGw,5,
SIIBqOMbh35p308vuAOLjg,7,-0.07922077922077923
SIoCIxjn4jLt2O-4DajWJw,124,-0.02876604491482802
SJ3JA9EwBmQeQJXxC8T0vw,8,-0.06363636363636363
SJEJgULLv4uxNJp-55NGow,29,0.002206478698535376
SJJaIBGBBB3T_OX7iy-D4g,15,-0.03603603603603604
SJiPVACkEd6S0v3YrWLTdg,45,0.0021427818331793197
SLWYIXWq2hAJAErn_icdXw,38,-0.15854179117220185
SLbJHaNqY3wcRaO6L21aZg,18,0.0008403361344537822
SMKJV4XRKRD-ShQx5emIsA,16,0.0005693581780538303
SNMgNcYenDuOJ82SVBLrog,18,0.0010213943680534201
SO8kTCSO5dP5KyaX1JHDiA,44,0.0015631940410701479
SOi_b2_SezhGxml_6_Ym9A,21,-0.0004823747680890536
SOsjW1JARmtHUFtpFlp8rw,63,-0.13628437290409123
SPEXSaryxJmVpy8QoRz7Tg,149,-0.0017129928894634788
SPWyzJPFP2TT7x0BsqaBqQ,6,-0.2857142857142857
SQ5MGbrVvmI6aC9HvEVFVw,5,
SQI01Ka6Wl7Kv-_NRBZ7jQ,11,-0.05324675324675325
SQdlL7Wy-Dl2O8rhMOIx9w,7,0.00030835646006783845
SQjA6g-Q5aQenTfoGKzyRg,4,
SQy9g8thArvtbXpMmc4Kzg,4,
SR2r6SrUNys7lX3z5ZbgdA,78,0.010903426791277263
SRNtE5JoaagLXxR7IoY8FQ,22,-0.0026553659581182516
SRt_CBBo9a7MuW629T0egw,22,0.00048136556675456123
SS5lCCRfSo2paVKr4NPR3w,6,0.0011853315224101741
SSBsKbKd0VAIupsjDGmmRQ,21,-0.006283190493716809
SSXB1Op-UTpDz1q9X7wBYA,11,-0.001580849141824752
SSazv1QWTBzGVnsrqgGVAg,5,
SSoN6EHMxzrdQfwf9T74jw,51,-0.014979615608619686
SSo_kSAbaLtOMhSa2jneXw,5,
SStWxXGmE3U25aP48WveVw,8,-0.0011603516758155932
SURg4L-_Wp7LQkPk17ZgoA,41,-0.008031429092160956
SUpQ7uFtXvdzgVubewMV8g,120,-0.003915407252232032
SUpamfXwI1zMYYYVNmQ57Q,5,
SVFQodPcA2AtWPXPxelJkA,36,-0.012404863966407135
SVV1VmybJGXGge6nFuHy_A,27,-0.000777353014106447
SVf23pjKERkedqCdWl6ECA,35,-0.057943642819369943
SVtmgLhl2vxsMjMCOhNmsg,18,-0.0008504670108322643
SVyNizxTxoKSg2FuivsxqQ,6,-0.0002844774273345704
SWBlUyFbyG_G_52ni9sS2A,9,0.0010620236246071594
SWVNaTxWXg1yiWGMYsRAmg,9,0.0007852789498359118
SX5qxnQNb3pSjVqOEU4Jjg,5,
SX8nc0jRY2zNF0uAWMCosA,13,-0.00531524926686217
SXKlTcK3dXyoqa5B0VYFew,7,0.0018616282300639067
SXhPAG6C19kguKpTKE-5mw,10,-0.03602834457440451
SXkoApPclRGBUzMRg0iIFg,19,-0.00204278873610684
SYJ_7skUPMHBPIWK88uM9w,57,-0.028199432309021343
SYKy8Y_zDlsDuBoZsAckig,16,0.029971988795518205
SYWEMv9i_Pmc9AIfxHWl4Q,30,-0.009213323883770375
SYb7oCytGSV6a3RnSFnE1g,62,-0.026273722093193567
SYi3fXcXl1lxUmEEsrXR_g,23,-0.0072527388632286135
SYt5vLiLkNCkYfN5CCqVFg,38,0.0010085253038273172
SZ4lt-1ZQOsQJbTf6CMFRQ,39,-0.058261080949679925
SZuzpUh09BLVqDdo58c5Jw,49,-0.07510259917920656
S_tnVfkq5pHY_JpO5NfjYQ,7,0.0027752081406105457
SaFc1qGgO2eX_rPRC9y2Vw,15,-0.043548387096774194
SaJHvbrvy-ndxLf85mAVXA,37,-0.0001421464108031272
SaUSOvz-YhFtGEP3w5SBZg,14,-0.010723273881168617
SaUfATQQEIy1_d3d6CcKMw,11,0.0023944448878601646
SapvBx9qgQU46KPRvsqa_w,46,0.003060023199044338
SaqqOt5a9-Vh4dkmWL3YTA,22,-0.0015005265005265005
SbYv-eEgFmSbRxDv--CnoQ,45,-0.000632870276262545
Sc4zXubCVhKsQs9zuCLjIA,40,-0.0033343812817361648
ScM2XX4EAD4V1X4nSOTSTQ,21,-0.00027764509195127784
SczLxo7EPukLqteIJ_c7OA,5,
Sdial8c9KUdPRfE-2z2qHA,15,-0.0012814872903238145
SdkMBYvVuhLvSwmPXvu4GQ,14,0.0008286951144094001
SdzgdLRLPXb240bFxMgz5g,33,-0.00012298462692163478
SeJbg2-vCsEv5MtbKUs6yg,5,
SeKHzoj1qNEHs1pTYD_fbg,11,0.0008059563139713555
SesC7ep7i0uCnBUiqIuPPA,6,-0.005926979611190139
SesTnjerNDxwA6vQniod2g,5,
Sey5Zgrg9BU0CwdYTJ7CmA,31,-0.0013993497139564552
SfBjoyCcKewPpTWkNR8t8w,12,3.526714865103158e-05
SfUgDt8-6GAVTuwBMnedgQ,9,0.0007834379692070845
SfmQZL7Rgon_qT-hjY-f0g,6,0.0036656891495601175
SfpJLbqHjLTR6FZ0s7upXQ,9,0.008467741935483868
SfrCpke2fi6nynKPms2jZA,6,5.3988487550403146e-20
SgCeYZH2HA510y--nU4e8g,15,0.002078412848370335
SgQUBMOJglbjvssPHD3uhQ,12,-0.024347826086956525
Sh92jt5l8UtW3Gs-RbbK1Q,18,-0.32706766917293234
ShPcKM2R4C4cJFiLucpaUg,4,
ShYwqkUf7PkI7LHqCyTmEA,11,-0.016420361247947456
ShcOWrWIb-DQDiFqS3XLWA,32,0.01547686573211247
Shywx8-jqV1IxwLaefbcSA,11,0.0016767174445301853
SiHnuDYGCzm4NeMQILPyzw,9,-0.0028199648452813014
SiNjpbB5Piup0HOnSVswFA,17,-0.0013437123528866656
Sip4hzT-4ybbzElDhCNcqw,26,0.0019055589168282905
SjC9Odzdp4KJvSj4_pOAsw,7,2.7785495971103812e-05
SjCxvaC-OZLnOqAqHTXG_Q,81,0.0011967090501121909
SjOD3i2vTmPhS4Ez4dUtpw,10,-7.047216349541931e-05
SjS7bdnS3KAkhq5bWut9XQ,7,0.002339572192513369
SjTIuJ5o4fwppP1Wzrk_5A,11,0.00010498687664042
SjqQq0vHnrwPE1YEj_UJiA,7,-0.00017214008377484073
Sk1WdGuaCNQlQZ_u_JE0Ew,70,-0.09126401074682004
Slcy2eFMS3cwwAfZls71bg,7,0.0016171328671328667
SlfJo2ebEtNxcPGlcOx79A,12,0.0017346938775510206
SllZS_zSLYn6EOtLR6uB4g,9,-0.0023707918444760556
SmGtuHmqlV2YWqhUecSU0w,5,
SmX1YLOOAGWOIArWi5ZFgQ,15,-0.0022859795982465955
SmoEzF8pka2rCG_HgE21zw,5,
SnDJ4wll_WTW3mCLn6BCwA,22,0.0014635070743785805
SnhNQ5vTPMJnJnrN70dEEA,6,0.001122515665244301
So07g7jKXKcar96mhYS5zw,12,-0.000491150032434436
SoM-2gv5PUeG3EIQhQ_ZWQ,19,-0.012684989429175479
SofI_999OKy7SeCzQHebDw,16,0.007782805429864254
SovmPZDFKx54k9o7CxX-Dw,6,0.0016785206258890472
Sp-LM7L_6M-MPo5NCHw8Og,20,-0.3450028232636928
Sp9L2JNPzazAsXlYxGMkKQ,13,-1.6073898199999736e-19
Sq-iBwqEfCzr9nXVLeuJgw,36,0.002239804755156668
Sq7r_Bqcoy8uSoqA-FHzpQ,6,-0.01929824561403509
SrMiiB-Y6osUezq9s5nnYw,6,-0.0009840984098409844
Srt2tq0z8AxP_4k4jPCDNA,18,-0.007359307359307362
SruGlT3aLDyqDN3uDR2CMw,42,-0.09361393323657476
SsTjya8Lf7WDY0rrTKxTvw,9,-0.006947459834997829
Ssj88-Vrw7z9HRhIi96RtA,5,
SstJiAug8H5S20HB44i9UA,4,
SsvsXv1rtb9YWDXbvQt3wA,6,-0.009034443817052507
StJngGaxDOJDjNmsCcKuAQ,14,0.0003344481605351169
StaWjZNVxsWuSftOA4tvkg,8,0.01772622825254404
Su-1UrohvWuqV-b_nQCR7Q,6,0.00010956142561327005
Su1Ghu4OcR0d-xDLGPkNYQ,7,-0.0002239641657334827
SuCXzr6g7vQrUvwGdvKLXw,5,
Su_KoRa64akK19myzyK3xA,92,0.006393840900883154
Sv1MEZP-mMfp8SmE0hwYEA,115,0.005357847392093428
Sv1VsMRwedFaRgodPlmBVA,26,-0.03279711884753902
SvJaD8MlsYz9CAEjBsB1Ug,4,
SvcWlFeXbSNkENnZfWYgEQ,22,-0.006020295493979704
Sve_KZ4fithOnqVm1brg8A,9,-0.022779922779922784
Sw8rvE6SwsbeniT3aGUJZQ,19,-0.17193675889328064
SwGlO9zZR94CPXyMhITizg,68,0.011162233943066618
SwPrd4HE39s_k96TLD1LIQ,8,-0.03834586466165414
SwRwejZcoethTZunN6SACA,92,-0.004113653733758933
SwdHTo4A_5eA8QsfelTPdg,12,0.014037433155080213
SwsJnao2G91T9LmcBuEiDA,5,
Sxq7qfoanpOcFugTwDGATw,7,-0.6263736263736263
SxrMDTNJ9iBKt4P5ttvqwQ,5,
SyBdgRHhxsPSAlLPtJVLZw,8,0.006078316773816482
SyQ0_zUvCJ1qrSsbNoJWcw,5,
SyUMSLVVDvPcejPfgmr9-Q,7,0.007078507078507079
SyXnI-BnDfjZ7SgRfTbvjQ,23,0.00798992673992674
SyrELEDXKWjuBM6Pekx9Fw,62,-0.017208358884853062
SzV7Gwiql507h6d0BgT_7g,50,0.005245962464056397
T-W7Zn6hd3ChwseyccgZDg,10,-0.3351648351648352
T0hoD_5xZ1zM6CgJMhmiGA,44,-0.0003894371264408032
T0qzsFxkHK9w1afnmns4fw,41,-0.07529049897470948
T18ghUpy5mO3BeUPFowNLQ,11,0.0002575730092508615
T1ZMdMt06W4KMktI5dC9XQ,5,
T2IyX6bZMyt8nACcEfXRVA,8,-0.01067193675889328
T2PFxmNFPoEBBr-prV9aMg,13,0.0012241224122412238
T2i2ZA2O0I8cp5CuRRO6KA,4,
T2zC6Ri_p-mSvyEXMvkfKg,19,-0.03307692307692307
T3VOEncALh9RJXFUcDiqUQ,10,-0.000492610837438426
T3m-GF4HH7OCdZW3tUxxLA,14,6.229402781126917e-05
T3qEkRnwtd9s7WXktmUAPg,8,-0.03376623376623377
T3qhnbZ4la5wPgwkc_8apA,15,0.0036669213139801393
T3tiN6g7G2XUoDjRv3d8Cw,32,-0.06863301191151445
T4VkmVfJScbLe21xLx1yNA,8,0.0011741682974559687
T4o142k9AoT0yp0DqinZuA,7,0.003591667331790246
T4xhGbduBI6VZd92NqpIrw,28,0.0016427661132915868
T5PYyOLAsBEjbajP68CpyA,11,-0.0009158127114804352
T5cYaN8KuRDlU3HMi02VQg,6,-6.44903328990984e-05
T6P9oKS2V6KflrWxiW4-bg,9,-0.362406015037594
T6S3ANFsbrl_1Q6ow-7XYA,9,-0.15000000000000002
T6YU8_8aDC8EnkL_yhQnvQ,6,-0.002337814143775569
T72tpiOTqLPOwuXTgDWxnQ,34,-0.0698642533936652
T85Ck4uybby0-klUlxF_nw,99,-0.005082149263931204
T8LAq0Hir2Fy2TcmAyKMRQ,6,-0.0031375926666461595
T8NWs6flR26edfhhwJNhNA,143,0.004812420228903816
T8gJyppKf9GWogFTkead-A,18,-0.11462450592885375
T8lxi3V2avTVXCanVkAFNg,21,0.008205652025876744
T95ldj9fBzsJQY50a9W_Dw,18,0.005500542593597396
T98nJU1RgjJfRJmJv4cOaA,8,-0.00052765292163377
T9C1od-JorSPXwXgzSqM9Q,152,0.011781635449977158
T9Wm1D6NN1oVSDoME_bzfw,4,
T9sdnqG0AnXv5xkVy7b4RQ,13,0.015479494295405488
T9xqrycUmpbwX_bMSo_vRw,5,
TAjUu0R-Owhu0cFZ4R_I7Q,5,
TB86XyHuen8Lj6MqU8gEIg,15,-0.00032481752589633926
TB8VwSv-n9S2p2_1wzS3xg,4,
TB8j9Vqv3zALHiqkLYZEOA,43,0.0022270856772960545
TBIAioAtUn10MV_gJ99jJQ,6,-0.00021552146397852616
TBIDOS819Roo6uaTb24rKg,8,-0.0014456491520711706
TC0SkzAqSdbmX0bYyvoJ8g,21,0.00018511662347278797
TCROPjxfzCZzrQjqLqstSg,36,-0.007847106583515631
TCUHRuAtuywrmF9YVF-uFw,12,-0.0016002723867892406
TCdNYh5tdjoNmA1WMx3ZPg,7,0.015652173913043483
TD0e0aNVJt7pqVYhzADMxw,8,0.00037936746797506314
TDLkD6gOkn1jJ93go1ZySQ,11,0.056372549019607844
TE2IEDNV0RcI6s1wTOP4fg,99,-0.013369427372939223
TED7VFxZybEuH1CoA5wq-w,17,-0.0038852913968547642
TEMI8cox1nHyZu3NAnC0dg,13,0.0021475280855399776
TF4IyHKK05m5rXENCK94nA,6,0.0002468221646303837
TFJPJghh45WawJ4ifA7CHQ,7,0.0010874037500734732
TFbTZyxS6wN469IyN4BCRQ,66,0.0033450420547194736
TFcLqraaSeyswscZrT437w,5,
TFnGJlA5l_HDdzGDkNTdTA,118,0.005324681096937642
TGfPJHImEq6AQL9a1laxlg,63,0.0032312694756808052
THDT2sGR0efmkqGz6PFkEg,8,0.0002351097178683386
THX24QYkOFtbgEKERo3Lzw,12,-0.00018534777094917574
THdOD9iDjQIGwHp_kHwakw,9,0.004615384615384616
THeEPb1SgJLhwMlWrxOeSQ,66,0.003668467306296864
TI8ddk4d4feKASNaCN5tKw,13,-0.002980713033313852
TIKewA9tWdkS2GBfSkzRHA,35,-0.00046251217137293114
TIdijYW7GmQjeXAcf0ehBQ,5,
TIeuWmX0lRLkwh5aYv9Q6w,17,-0.010489402934571965
TIh6vyxA76xGAg6MbTRqGA,19,0.020320855614973262
TJ8MW2vXFgdUcEv02r1pqg,43,-0.0019474997595679312
TJaImyntBu0ebKugcyj6eQ,80,-0.0015776651925048346
TJhQ9wS_nuLE383nfWXnqw,48,-0.0025651874966943467
TKHpxcLk0tsQ8BL6-1xlGg,12,-0.003244258516178605
TKIEJYoHqcP4Rg9EhkrTsw,6,-0.0004787476151057846
TKPAyOWcexkpVHPCdYTNmQ,66,-0.04154477101845523
TLcwutJ1pVrmj_2p_OdJXA,8,0.0006668089192361038
TMHhUJuWZk45JqHYuE3fww,10,-0.006493506493506493
TMqM947-Asyd70MPGyrBHw,30,-0.0011536818117077344
TN4i2C_5DXxYmAA8Zt2Bdg,6,-0.0025901942645698414
TNVrRLz4CBbAVciJof2adw,11,-0.011688311688311692
TNh8bTENXU6fuNxJYsL5-g,9,-0.1208791208791209
TOGQERO4hdon5DoVXHooEw,5,
TOOuPArV9vEpf8YhVRuzjw,6,-0.0006543385490753907
TOP2VFlm5DuznrF026CWUQ,35,0.0043968801015780885
TP3pTbusk-zHZFXLSSnwmQ,46,-0.012104787714543812
TP9cWd0vRUZtXCbyts3b6g,17,0.00013570745995216335
TP9gMhBP8J2B8qJggvkZ8Q,17,0.0008710962839403205
TPXPScI9kvWsO2i08skxaA,36,-0.17209302325581394
TPfhxYwdxj4XExyW2vl6fA,71,-0.011757663703972427
TPl-ZIXCP4yBA_OygHCbNQ,11,-0.0025433758908111103
TQ3XTsjmefGlkhFtx1OTIQ,6,-0.3928571428571428
TQGYBIz8LEZPZCnhkCuisA,14,0.02091932457786116
TQXx-go3dPPqYDqDq_Q1yg,9,-0.0013231477345335904
TQeMOhco0FL9zHrmJHiPAg,44,0.002987631307151674
TQloD2_k3J67Q1J_picgfw,40,0.00011187495576372949
TQw_QdeGmMwETEflebKB-g,12,0.0010739505850552342
TR-xcpxjeog1MO7cV11tuA,7,0.0009602337960546922
TR7sgyAkhkngk-GLjQuavg,11,-0.017611336032388666
TRwPE6wsoAL6_fRaFdB4FA,138,0.01595037660611431
TS7arPiiUIf-TH76J_FtEQ,24,0.003224495325836609
TTWfhOS2SK7K3lTRDnRavA,6,0.0002536480558622544
TTgpKmTSJs1w60DJkWlLWw,49,0.0018310962147451185
TUCm1lCkh-usRYRl3U0S8w,50,0.005868653935724267
TUtOrI_GnVwSuHHTTEN8MA,105,-0.00577332962654064
TVau2OxtX8rVe2As-I9Rgw,6,0.0006058237248387725
TVe1FyolMt9xjBtY7oMTOQ,9,-0.008547008547008544
TVgd0ElNu0HwIZbTfmeFwA,9,0.0033056779880736332
TVicVvII4Fp9FtfEc8RBRw,6,-0.0002716384738856649
TVoTCkZukwXQx8n8kARIMA,8,9.157509157509158e-05
TWBFhg59aLP1fefTqMDZSw,19,-0.008859085176412684
TWIqq9pINaFTNTc6n4be5g,36,-0.0022486772486772486
TWUrms4SJGGkDlsQpWJ5DA,7,-0.008689839572192513
TXysA_u1c8nu3BI3Od-2mA,36,-0.0013853322698459377
TY2bYLLyoZVCO-ic60Zd3w,6,0.0012392670620518722
TY4UT7ZHW9cfzxvna4mnfQ,6,-0.007002801120448179
TYLcvZn7vM7R3SS7AM7TgA,62,0.0066887417218543035
TYTbp9Ksi0r7LHqK20bcJA,34,-0.005801356687253211
TYURMcdjX8f0QcIkbEK2IQ,35,-0.0010618246650612535
TYmX9kGUoktbJZvaS_7zNw,16,-0.0017327188940092168
TYylLv7GZ46PIiuum_G0gA,9,0.004277936219859996
TZ2HlgyLiAP4C5UFOATdgQ,5,
TZ_pTn6SeZwRcnx6v3bREQ,22,-0.17913043478260868
TZhCpOoo4TIg7dgftWNKyQ,3,
TZoyr3-XrxT_uzY0ZzXCKA,6,-0.007905138339920946
TZtgKWH9dNRc8aP7D1IBIg,30,-0.008081824279007378
T_6e0SgNuKotySgVS8O1UQ,125,-0.017829841895038445
T_GeXNYY_zO0WpJzBxQj4w,45,-0.2177594442032132
T_RxcKeWnU7s86KH2qLrbQ,33,0.0007534435796332785
TaZ1WAUCgQzWLv4OJ-wwsg,12,0.005666852901269054
Tae8gmerFgAp75o930eDSA,41,-8.018432962362873e-05
TalelIeUUkElrDLd_QbJ8g,5,
TaqnX_zA2mVthoG0tczc7A,21,-0.004493281075027997
Tb-TrnvMd0iSA2AMHLyGEQ,23,-0.02005772005772006
Tb1lEb1DTSgxanRHJjTDpQ,17,-0.037891520244461414
TbDcfpPLWD4eJEtn8AND7A,15,7.872775940796732e-06
Tbc0uyY1O-Fc18FfTCDqIA,10,0.0004217497385848728
Tbcm5d3KYkRi7V5viic7eA,8,-0.21428571428571427
TbjqvdrSBm27arbKbReRfg,38,-0.2727954971857411
TcxygVM59WZrP11nlIMIOg,20,0.006842701817723856
Td58H4YnsoaEYdGZcEuHIw,10,0.004251596535736156
TdIkFrKgovD1pzJQjr3kgQ,50,-0.004169615362546144
TdMja0lg8l5kdTc9qtZoZg,6,-0.00033811960417464993
TdZVG0J41V_uONOvDQhtQg,5,
Tdb_Nd4EQar9sXE-a8SPSA,6,0.005494505494505493
TdrNka-oPWf4B-jN9rKltw,45,-0.06975524475524476
Tdz-vjDRKI6LRzyaW3BMkg,16,-0.06854838709677422
TeHlA3PjMCAwJSLymjhz3A,36,-0.004846713857470336
Teabe43lPy9IXdBlIMgn2g,9,-0.06593406593406595
TeiGh076CLVLrB-9tQguNQ,9,0.0012830793905372893
TfKROigrZVOPbAJG65mgLw,25,-0.0004905891787348457
TfRyyMfqDxtC1KA1jLkmvg,53,-0.004750035607463325
TfczlMPOJpsPun99HcKg5A,7,-3.042477550318777e-06
Tfez9ZWvwBNxeQ50AAeLXg,26,0.0019000131792821688
Tg1wUs7niPlD68hXbzP1gw,9,-0.01359816653934301
Tg5p9ITJUOYp3vFzw0nK2g,48,-0.00014791502753737216
ThD4dDoprC3YKwa6RHhUdw,12,-5.468215994531831e-05
Ti02P-t0Tgnqsr_MT9tPUQ,31,-0.0007926185111229168
TiYGVQxNQ-wkr63o0JwaEA,39,0.002512187329300092
TjF6WOklsFFuqNZ5yk1Cyw,6,-0.0017543859649122803
TjwWB-ET-qmO2-8bfIHMig,50,-0.1538961038961039
Tk5UxXWUcBog8_oOcH_gzw,14,-0.07741935483870967
Tk9KD_DDpcMeceID_VrutQ,18,-0.28063241106719367
TkaYCVuCOTjj5zAHiE5Gdw,7,-1.1428571428571428
Tkx1AiQarmw0zc50GibtTA,128,0.00532247501352544
Tl05Hzo5HvxMXwEZ_pnRnQ,68,0.001776806889386166
Tlik-EshZIUhltgxFzzqBg,7,-0.023308270676691726
Tm3QiAVLJAR2fEJK7APPPQ,83,-0.005209577262956772
Tm9vJYYd77jbjJe9oGit2Q,18,0.0023236282194848824
TnPYPIDubOiO6ntG7f0r5w,17,-0.007536482334869432
TnwGFR_5ntHByM1VMD9etg,20,0.0020779220779220775
TnzOto9E46TKKZPF2Nq4hQ,9,-0.004933051444679352
ToW6MFXu2C6N04FualtFxQ,7,-0.09523809523809523
ToXXzuswqzq1gRq1wbFdiQ,29,0.003743745206179919
ToabDnA0weGn7M-x7ljGnw,41,-0.007536482334869432
TonEJAE3BIpui1qLvcmVCQ,6,-0.35
Tozj3jTcnclmQKlNViY7SA,61,-0.014535996821153772
TozkPEh-xhts3qfVeRFeRg,27,-0.1600985221674877
TpE22_ITBg1ubzNVHE2MHQ,15,-0.012235817575083425
TpLyNlRVcXREIw-94yOIaw,31,-0.08970398970398971
TpPzbw1nW7InNBNu-VS4kA,12,0.0017572376224574968
TpW2PPipD_Eq6csy8s2RSg,52,-0.013888888888888892
TpaWkW4eazEBNZkDeIYLYg,106,0.009736909117714078
TqCOt7qlUjH-0EGBs258RQ,17,0.0016818710154626465
TqIPgo46IMThaetgoXruKw,8,0.003846153846153847
Tqd8__DCshATdAiFNVm-2w,2,
TqmQ6-_D4ckAyX4SoIb7LQ,33,0.004931777083675818
Tr1K019SoddjZegRv7vy2w,23,0.0013074763074763067
Tr5dnEpd6awRiGPJFWhKUg,10,-0.0021362136213621363
TrGWquwJN32piCcr7GBt0w,13,-0.003798947983635301
TrcS6ja_Kb3jtRSaNB-36A,23,-0.04615384615384615
Trd7H5_YJRzGoH890zgwtQ,7,-0.027819548872180452
TrjdAJMdOVaSZcVxpM7qxw,44,-0.005272536830220505
TrkN92GvXWtsKvxu4l7leA,21,0.003645894001164822
TrqeK1tBgFGyrz5vzKGrlQ,11,-0.006342494714587736
TscQPQs3PfumGLq6KEoRmA,7,-0.001755926251097454
Tsd-LaqqT31JYE6AyUAcwA,47,0.0020035104242476145
TsoCCouCudxL2mwn86SFiQ,38,-0.15448658649398708
TspDezwYjRIlEPygYlDZeg,2,
Tsu0y3A9jRb8hZmQPw-QXg,20,-0.0007584579071597167
Tt5B90zXup6DdmN73x5opg,20,0.0030800280800280804
TttFjRQ-8Iz8by4hsD7iOQ,24,-0.07610993657505284
TuLKUXkCvPYCbmJRzzh7Aw,10,-0.3356643356643357
TuVXt0MykhC23GTWX-32ug,31,-0.001977532310999567
TunmRrfZb7bt53T6HJi4UQ,99,0.02147186147186146
Tv6_epKcnsxpjne-D8Fmgw,4,
TvWvHGaGBTdWLjB1WggQ3A,18,0.0018511662347278784
Tw-_iFtSEL6Sxki1b7HR8Q,5,
TwKeUEsAjJz-pTHTg14agw,33,0.0020087839297285616
TwXdnMqRlT7mrRCOUcKhJA,18,-0.0007997785228705897
TwgRy3xS6NYUMRGqwx8ZQw,8,-0.0005865513965661241
TwnzM8mJn_nT2PJf1x-9kQ,164,0.04092292577681031
Tx1M1NCUYE2Ma2fgKexBKQ,80,-0.0038138332255979396
Tx9pbav8fRr-kC_Bdzn1pg,25,0.0023198926852363295
TxJ_LSVVkRqSrIJYlY9P-Q,9,0.0015323634019598416
TxT_v3sUf5XU6vi1iAsdhg,10,0.00017482517482517515
TxVzPVEasZKTevlcNIxENw,18,0.0012813046010483405
TxYxXvC5RcRRCYR6rbJgEQ,7,-0.006521739130434783
TxaIcT4koWVoMvyqZO11sQ,20,0.00042710066088207533
TxblhpgMehO8a3pgIvE0Eg,3,
Ty9WWJ3OmDg8UbiTA8Eufw,5,
TyFYyn5hP7TRXOkAO-pRDw,20,0.0031112263417163613
TyML9sqJmsHO0Mh3S1_f7A,32,-0.0007555780549909705
TyYpzJzeKWtyMdPFtPRUEg,16,0.0006581256581256579
TyhguONKc8i6M7wP09nTbA,84,0.002528445006321113
TywTBjUpo4J3TXvBtxG1MA,38,0.002658742571160464
Tz10h4z2J6j2V9gD2fgGKA,36,0.0026138716356107657
Tz41bpzdjOLy7JwA4axqpw,10,-0.0006694336591243806
TzldSZSwzD328ZRtw5CgvA,5,
U-rF-oo9K98Wx3lXd4XUTA,5,
U06K56fiCWYTtktwQkZ9TA,25,0.006730111993269886
U09S6VSTWCKteCDa72Td7Q,11,0.005494505494505493
U0R3ZFes6KFgv6nHF1_W9g,70,0.0027392579515362063
U0bLVXiFbYsWEURSSx3feg,21,-0.0022201976427328554
U0nX44nkfS3gy5KGU_BKzA,5,
U0oG8NI9Fz5YqpPf12fNpg,2,
U0voDyTp7mD1poGc1lTcCw,27,-0.0014661057510643126
U1lUiDkzn4TbECX2tjbZrA,5,
U1maJhVWjfDA_M_xUf-ONg,24,-0.0004824103419006968
U24CgjfjGf_i12VBazDa2Q,14,-0.009936635944700463
U2NR4ZJKHrW1UmCuRcoDqA,17,0.0009922041105598866
U2VoQtxyKir6HME18yDMuA,29,-0.006208616292811462
U2y7fsqDgxAXskoJNVxbwg,80,-0.06005425149885178
U30ggGzFpXvc2NZYwOW3qg,116,-0.04806015205724509
U3Bqo_gZ0sIHMqil2fUlUw,104,-0.012798757954123033
U3L1vOwZwrqTyBDPxiyIJQ,16,-0.25588235294117645
U3s0z5VAYvOlr4fCSipFpg,10,0.029926595143986455
U4EN4RnJL1Hx-29ZU1E4DA,49,0.002645828747523663
U4gxybCtV901fZm7GqT6Ww,38,0.0019614677519665933
U4hfGoAStyAAIe7iu6aHuA,6,0.0013130539446328908
U4hibwdvk2pACJeo6FaoIA,6,0.00044948211842876676
U4m0wYkafqvs7vf7Q5Liwg,7,-0.001986338563548544
U4xHUeuJY6O8TN6hY6D_Cw,7,-0.0006502860435444707
U4yrxSpqLaPrGqcqok2vJg,114,0.0024659280545333674
U50T86i8wyNWGWxsP7GIRw,61,0.006046119235095613
U5IjJwFrgCs8qD3ZA3shpg,6,0.003727412689409287
U5RKOpCrSDa2s1C_d8Uhng,4,
U5Xuk0e2GZ4TSV_km6__ig,31,7.933569577405179e-05
U5_T9hDfdYFWS8ahj_1Dvw,36,-0.15896866729275164
U5oSEDZ39jLtucoTAEdyDw,5,
U5wznKR828CLoC182kuRYA,37,-0.012487828627069134
U64xmOqOHKSYXR6fQ9dwmw,6,0.002418633997581366
U6D2ZyFsZw15-3RtMalq8Q,6,-0.005159958720330241
U6Fq-uk9TM5OeiHzg7t6AA,7,-0.10714285714285714
U6Qe7jUl4p1RMm4DaVLWQg,82,-0.0026017278698081733
U6gikR4uhRl4zU8q3j02oA,26,0.035009724923589884
U71g2hUbA9uOY41kWRLt7w,9,-0.0001577369998422628
U7HYUH8SqZO6OQMNKCr5kQ,24,-0.22529914529914533
U7XK2Ki-PGx87IgXxH55IQ,45,0.029239989311753253
U8132XZJ1CcobSBxpUTFRw,21,-0.004048582995951415
U890G5oU74Dz5dOWZUL3OA,7,-0.14285714285714285
U8GIloQDPVLV5JH3NjeUcA,9,0.0007064848034644625
U8dDDwrFZZ6VyNaWvv5EoQ,6,0.0031601977149339597
U8kK8hHCR67qinrTImRUBg,23,-0.006288241912365333
U8rN2Euy3kLW5HkKfzfveg,8,-0.00045806771767759627
U9BNibUtLnp8v9jBMPvLhA,8,-0.026069518716577544
U9IinzLvwvNzlg0SqJ-fHg,7,0.005013368983957219
U9TJ13_B6mySAb1RI4lhug,66,-0.008966395922917661
U9gATBSpddPuqZdfhYOaUQ,44,-0.0032504541847302106
UAG7fly9GlU1-Xt4oPIliA,10,-0.004993329521631407
UB8U6X0LshmhU-3Pwdfwig,9,4.197976575290717e-05
UBj0aJ6FfMR4tdvRbQ3KSA,72,0.005127438754161213
UCj7gEq3dkt7-oEdDJAL2w,9,-0.008305112078696985
UCmTG_e7I2a5dY_3qI6Jbg,18,-0.005170055191282607
UCxfP4Lu3SxSh6U2fE8qcg,26,0.0009520995436488394
UDD4X5TLUMARishbXUQA2w,38,-0.0009288421502161957
UDOcMEgRKfoCc-BikZJFhg,41,-0.008376837683768377
UDQpXeJPCfaFs_SR_wCZTw,11,0.0006022673594709494
UDZYeNX7IJeKrYJjagK4_g,34,0.005898366606170598
UEGZ1nHUVb2ltGtd7C7X9w,10,0.0014721127928675097
UEh4Jqc29tHs1TEgX9UTxA,18,0.007179487179487183
UF436Ju_UY0zuE5RNtYW5g,12,0.0036284470246734407
UG5PDzdKA2n3jd854QJpiQ,62,0.0027078957951651105
UG8-Q0jx3m86wQAxZ3OUXw,25,-0.0013019805886530418
UGQWLyBoHNF3Uxip5DciXg,5,
UGQY3SplE3h_3rT5WOBfig,6,-0.006882591093117407
UGZZVg5iOT-Q9PfoST38oQ,9,0.002630074328187536
UG_sJQNAK4D2KmBYTfXLoQ,14,-0.002229654403567447
UGlhUJCpRwhvUa8t1Gkr7w,16,-5.4780712806635136e-05
UH-VMm0blK7EmVOAneDUMw,14,-0.0013540095902490439
UHEgg86m3wyN4Q6_KYJ14A,11,0.0024668516805427063
UHl52lb2e5GbXgp-XLGWRA,6,0.001068824674581059
UHsSmMt8fGRaewOpJ7OsOg,5,
UID6BhXxbS28lca0bCYDig,10,0.0024526198439241914
UILB1vgWi8cI5zhFnY4WUA,4,
UIlrtflU_DOagc4YyrQ2Uw,31,-0.0922459893048128
UIvmSmUminTaDY2OZGDGzw,16,-0.00047919021417520724
UIyDw8OqB17EkI2p3m7-EQ,34,-0.026518218623481787
UIzaUKz90UWNHi0vLk5VwQ,5,
UJQGJ0tlKO93Lia2JGidZA,4,
UJw-KnIdnzwbvxzNvIUhgw,15,-0.00046279155868196944
UK44Wjw3-OkIujTjnrqpyQ,4,
UKRTddMvknBHdMwGXzVRPA,36,-0.0055105089085671615
UKc5vOMEHIPD-CY82NqTcA,7,-0.03296703296703297
UKm9VGwXMfbdUCKIxldArQ,30,0.0008399932800537598
ULAfzCa_T3IeaUAhhASJMw,7,-0.003392414713169429
UMHuKs1sO-wq3XqKaejXeA,76,-0.003540057742728599
UMdy-hcoLE5-zLgCrURvXQ,5,
UMpnAG62H99at_y-J1T1tg,16,-0.003514132925897629
UMuKkJsiN1L__HOu8TA3og,4,
UNUQV-91oCy_NFfeb5CeSg,5,
UNgDjuoxliw5vGyj22GvmQ,12,0.0003514475244914996
UNm_HjLpz4nwS65-Wjv97A,27,-0.03096274794388002
UOv2_2Mf9NjVvjmwQuK5qA,14,-0.17156862745098037
UPD4qX0t1lm7G86mrj889w,67,-0.08757763975155279
UPdwDE6xWPkwMWbWxttYTQ,7,0.0012960829493087558
UQ8UKfNSUT0aKu4naioVqw,33,-0.12711069418386492
UQGl2o3j5p3S5BslkdK9gA,12,0.0007917216473366205
UQLWfOGTF-7T2EQlUT92Zg,22,-0.03083564600678384
UQNQzgy32KycsODdErBUpw,8,-0.03636363636363637
UQZ4p6xb_7gY7UXHmBzceg,91,0.05950025202083379
URZBu9dOuRYzpNZ1P0hhwg,10,-0.0027294199982503724
URzUMecD9qRb8l6G4GJE3g,19,-0.010080645161290322
USWExyvvb9TiyRosfVwyvA,86,-0.016284864560726628
USleU89txaknVADlMhUtnQ,53,-0.01412086799764781
USu8K9GKsOfDBBc47o8LiA,10,-8.925782121658414e-05
USyJiGIvZ8fHjRVaVTu1Zw,43,-0.0002224075618571049
UTVvCIMgSAbUx2stCRAJzQ,26,0.002202527202527202
UTsdMl-ZkoUqz5tjH3SM5w,5,
UUd81cZe5bpyFLwnYIZ6MA,104,-0.004639084256385434
UUegcQkfeZyMCW_BM01Z3A,24,0.001280337886779364
UVCiRVQID_amNd_q1K5POA,73,-0.007637856764994835
UVNU74hwgtqBwwuiewh6sA,7,-0.0004299754299754299
UVlSniAij6XBb4xrh2-emw,8,-0.9965034965034967
UVmjxbmreidwhwoFpYaczA,26,-0.09601706970128024
UVn-6D4kG-rYhadN_W7isQ,8,0.02955665024630542
UVw6-8eNsp1hLOk5VrjIKQ,5,
UW4P3HMenQMXWVkLXUnM0w,9,0.0007483713905732249
UWqEQcjigs6CJ6mcEDS3Ew,25,-0.0005557940937932348
UXHv16NI_l9FGpsBbB3vSQ,13,-0.012080942313500452
UXOji-MYsS0SL_0ccTjbKQ,31,0.001396759517918429
UYk0-_vE6GheSGKJlRBt4w,11,-0.05392156862745098
UZK6s1jQKJerSdrU75UBJQ,9,-0.0033617178822658283
UZcmazUpa0BBBzJ6dfueEQ,8,0.0028811524609843936
U_1rtvP7YYk02eKdcuxZMA,18,0.015312980030721967
U_2SVhHWL3yp5SnV3yD6Hw,8,-0.002786105538399116
U_X60dqUInqe-F3cvbY57Q,9,0.0005420366739707068
U_bggtYOkK-teWol46LHrw,31,0.001910248257459569
U_px8EKJcvrqvYuq7he_sA,3,
UaDnEIiRNCyLvrQWE4g0sg,62,-0.010736764161421697
UaJEbU86wjE-5cUfpTTEEg,5,
UaNxDs-H5vfSQ732qxNnlw,26,-0.016223231667748212
UaNyROLmXS4w8JIW-6Vlbg,5,
UaOsGAJ4JHtK4xlZbuKXUQ,71,0.017228878648233498
UaW6eOyzxFrUmc1_TK34gA,9,-0.0010064969946452097
UaovDcnP0QzsmGf6vXvg9w,8,-0.046772068511198944
UaqDNhnmVFhFkVwcp_mBRQ,28,-0.0007907569301058732
Ub-hAwTRnZBdJ3ealJalDQ,8,0.0014479638009049778
Ub_6YsWqb90lfT6k1kRbwA,5,
UbaXiTFyljLu0Bi4jP2AkQ,5,
Ubf_l4Qlr4wExI9zT5Daiw,27,0.0012327850375118876
UbwtQDxLc6IzA6e8iBTQXw,14,-0.02265176683781335
UdHM_g-JbjxQvGaHKykKeA,23,0.002254618908193142
UdSRmZE9WhUjuwIOxOLxPQ,7,-0.003715687297776851
UdbHkdU0EfG-RmVxnvO25A,23,0.00032646065638995724
UdcLHHBRIxtelgbKBnhitA,138,0.01778449952159017
Udlivg8oVF_JRgfL5TV33w,24,0.0013262599469496027
UdoQN2UIdBnsc3Vc2ygoFA,6,-0.0012541022034692924
Udzz7HMuk1GSLjeRAD109g,17,-0.006098439375750302
Ue1s07RYxb6IDIwZ8sq0Sg,6,-0.0011509976885702156
Ue4AxfCmx6RgFxsr2AqjJA,21,-0.007312106627175119
UeQaHIxhCxsvPleDbk2QbQ,17,-0.0009227614490772383
UeU-2-XK9lh6xMHg7M_gaQ,9,0.005242059821153253
UeoR9zNgHzBFFVvbq_44MQ,5,
UfNta35H6m-z2xN9XFI77g,103,-0.009957307399620797
UfRRh5KyG2g1RKZIX5pN_A,9,-0.004580677176775967
UfS8yZKnqNCRR6zxvityMQ,5,
UfcbFrDXaLpjDh05rlc60g,65,-0.0031406735132553125
Ug5KqH8kcE_PhbivCa_2jA,11,-0.07012987012987013
UgmNVN29KpOvzwwdUpTgbA,7,-0.02747252747252748
Ugoyu-TIppruxRTkbej3lA,27,0.009962972859487726
Uh83MtOIOgkVGpI39DSK2w,9,0.0018315018315018304
UhIdCsdiWS4K0EkbvVdlAw,20,0.00409158650589351
UhSVDwQFW6mKmaEA5OTU7A,70,0.019465506769333257
Uhaee0EHa218UwmnXDoqDw,6,-0.0014801110083256244
UhqHf5V3_jJ1TNu_PSMcKg,20,-0.009738483422693943
UhvOBTrHfvGJM4_xhFVH6A,60,0.01063098828110089
Ui5VPcIQzUvYhJ_NuTgukg,15,0.0015612802498048404
UiEv2cjyNN3igsE5kv0wCA,22,-0.0026290165530671854
UiVGsdrU4_eJhmFRubwETg,19,-0.0005105087174588009
UiuYQTP-oxhEd01qpjQszw,99,0.0065246146767885945
UjCalhRfvSEjAcdJMGbZwA,6,0.0009065498224673263
UjGTEhQbesyleypubNyqqw,35,-0.004229460379193001
UjSyPFzZcd70c_nm3tnwtA,5,
UjWP0znWu3HzqZiHRt2qZg,7,-0.002866698518872433
UjXH7iq8eYauQoGswkxGYw,26,0.0011350298590241325
UkBmK4Icaximp2DY2Zf_iw,44,-0.03891663048198003
UkN-K9T_hDLGD9m_AAtXyw,11,0.0005553792446842271
Ukkr1N8UApmJsOzbX4XnRA,114,-0.0018701226460926077
Ukl4TXKmgmljFn7JpK1LZw,76,0.004530566778060418
Uky0DD3LU4C7eyNDhpmOXg,147,0.00041774808379236266
UlIZJH8vtu71Qs_9CkPxgA,5,
UlQDf4jrww_L5b-AYnLO6g,67,-0.06198321609280513
UlSJow4H5WF-HHkBW9aXxg,19,0.015406162464985999
UlckmYD4vBcd2GBI5FXy0w,74,-0.01644887504170177
UmtGDYiva0bukKDWLQRdaQ,34,0.0004173439353336557
Un6UO11mgLC6oRgozaJAKw,41,-0.0017211703958691911
Unw031KzD4WIWWKve0-Jxw,15,0.00037274315666860797
UocjABfzi0iR671BQhsuSg,27,0.004404171307077047
UokpxaLWQ4pKaEmlSPaClw,8,-0.025066844919786096
Uosbm5HT-5_huvehe3hHaw,8,0.002543940795559667
UphaS1bBPQLqX1cKvXQLyQ,9,-0.00027359781121751
UpmQ5hH-MDE2XLDBVqUFXA,19,0.00045248868778280604
UqdrEYnSSypu5IXHT48c9Q,7,0.0026244343891402722
UrQcudvqxfozaFCwiCE-JQ,31,-0.31176470588235294
UrWsPqcJFlf5sGVRZzsuYw,12,-0.00014580447619741947
UrYj-HI2I61BK_nsPEa_QQ,50,-5.247841228948974e-05
UrvLeoS02KeDhgi274wJDg,6,-0.03724053724053725
UrzVmRtI0MBO2sQC_WdD4A,23,0.001360858032522201
Us-Igy37l8FT-H6ukKJ-Ig,5,
UsS0kw-8FV4iBbohrP4v7g,14,-0.002179745137491617
UsS9c7XnxwYFI8hVMDdiYw,14,-0.008225108225108224
UtWJ6ULL3Pw9B9LXw4uSNQ,48,-0.05303221029248426
Utc1KFuFQ-wwLiUTj5FvmA,24,0.0036884343036978763
UtfuLzO7c2N0m8oogeu_SQ,73,0.0004758024103947641
UtibXZzwJekiDzwys4I19A,14,-0.022761104441776717
UtoDS1N5MV20A1F2MxH8Ug,21,0.0011329652634000462
Uu0r8fPGNewvhBpZkacLuQ,11,0.0009904115105408083
UujVDCg9VJTxEwwkQhX04w,23,-0.0008185363024072699
UumD7BwTFSRciH8FiwDXVw,8,-0.0036984352773826454
Uv1GF2ShcfJR4IksZQhI7Q,7,-0.008315715292459478
UvFzVv2lDDh2BVALgU2a3w,35,-0.00048240069199547564
UvJrc3opqG8q3eHxYnqPxg,8,-0.0005890558895314724
Uw8fF9HCUMGrHso0KDxr1w,14,-0.001868099576004366
UwKBjkfnIKA8c0Fci1ZJ8g,7,0.000797872340425532
UwTUMWfKKzDtdfT86vHRyQ,8,-0.0018315018315018285
UwkrmLk--LT65HndB1Odhw,46,-0.0005978449282232333
UwrAwU66vh3uBhtQE3tEng,36,-0.029514695830485303
Ux1CCrhp7mqBJG5ZdmK0EA,61,0.001095177408861058
UxU3C6TbbWdhxAYLN00r9A,15,-0.0009710930442637765
UxlDGw1YihzSovxfU29cdg,7,0.0030671859785783837
UyTx6ci7ATsWco_mE4J8Jw,63,-0.034095947922071795
UydC4Zx5N3TZBB1PfzWMMg,13,0.0016692168590902768
UypZQjkKLWf6thQcEWk5vw,17,0.000989933686369925
UzOO6YK3KfEotDGqjZvKzA,23,0.00724856538810027
UzU1N9XSoAUwn4Z8BIcvKw,119,0.014040556807308863
Uz_jqUTcRvyJ43semUZulg,20,0.0014714482148219564
UzbNTU2k8A4k0uLrDbRq2w,5,
V-96iACFgPmVjjKACGxd7Q,4,
V0DE3adlCc6m3t-yTxAg4g,18,0.0006253664256400234
V0SHmvYtXqdv8-AsqshV6w,134,-0.02146172620773581
V2sYsDcnWlurTTt3QWpIXQ,7,0.0009227614490772384
V2yL1kYLixhHtHtuAcnm6A,15,-0.0022252031878797446
V32bG99x8JRbwfBiqRDD4Q,5,
V35-Tw8yBCzqu6oERS7fSA,10,0.010483870967741934
V4A1CtHRgztPNUbxvuizXQ,5,
V4Dr3ragKHKeUab96miyMA,71,-0.005886588658865887
V58y45seW-Yp3gzHLnrPIw,7,-5.860290670417245e-05
V5KiEoH4E86GA2S3RQkf1g,12,-0.0028169014084507057
V5eBe04jiJq7cxxn4F6y2g,10,-0.01156336725254394
V5joRorS5dBNDXD669n6jg,28,0.1345307917888563
V6Om7YZhlRQRU7WfuxHq8Q,136,0.002232654989251256
V6nHZ__onRImXrX0u5Mu8w,39,0.0015862000594825023
V7KWP_nQkpSxR3t7bEqrMw,45,-0.0007986503569586786
V7xcLU1vsRTQHcPkZwHr2g,5,
V8CiwDpGxTrtO10QZnr-Ow,18,-0.026172919536504333
V8UrwwjtUw_rw_Un2gjGVg,6,5.9943952404501535e-05
V8we7-uCa-SouadZmZ9Ieg,76,-0.07747304266291608
V8zZ4f_KxOS64wXjH58GtQ,9,-3.082471525669312e-05
V9ajbgVgiZfR0mD-ZRerDw,28,0.0013775220808686496
V9owgpuQhb6ebrzZbNL8LA,8,0.0008068924799370229
VAVRBQwUEmSloXxfKo-ZmA,6,-3.5984864261410146e-20
VBBIPqGtWzZRP6pA3F6oHQ,4,
VBJenKqcBasewkS7PoLOWA,8,-0.09699248120300752
VBONwHcqkxYTHfxmdKGhkw,38,-0.017148900808340257
VC5T6I44ye1aHkyBcHrkXg,9,0.0021500887172528956
VC7VTddnZmY6RQoLQd_49A,123,0.002747252747252746
VCGltdbgns6ENjzHaE9_YA,8,0.0013986013986013986
VCTI7doVpU094lugVBP_DA,26,0.0011217673862356356
VCfg-PNSNzsxoPp24FB8pA,38,-0.00213575166136836
VCkSUsdL5P0p16DAPxVROA,19,-0.04629488158899925
VD1wPJPt9_DdHKrxfoFLAA,8,0.00015861424025431157
VD4Rdyj0tauBckrTYgIcpQ,40,-0.004580186782251218
VD4pv9eECArtQd2ThgW1OQ,28,-0.00015753868964878215
VDIcgTQVzOdd4fucVE4sZw,13,-0.0013360308432263243
VDJrE9enDtjbzhr6vCRI1Q,15,-0.00570054945054945
VDnXlYO0f2KRjnspZuK2EQ,9,0.003931544865864939
VEJKp3OEePyqnez_GrmamQ,38,-0.0017566348573327633
VENNs0SdMEh0JihNsgu0_w,9,-0.02923076923076923
VEdEuOfDGhgRWO-PipfB7w,5,
VEivTOTxSwKfFhvbVnJzqg,7,0.0011853959222380272
VEoqI5nI1lj56SVUvhufuA,24,-0.0003222253468316462
VEsI9_aDFzIrk8wh0QCOAw,79,0.004908610505109815
VEsJqjwNm5jb6xN8BGTn5Q,12,0.0028770854613551235
VEtXX_EyiQZBtQEFDKrhsQ,8,-0.001971712498028288
VEv9yMeAKTlJ8dCG3GCBoQ,6,-0.002092352092352092
VF-2iy72uC28Bk2zLdnLMA,16,-0.4350877192982456
VF-xxQsEeWYwdqiGVC7L0Q,41,-0.001474201474201474
VFHtIupt28TC5IX5vK3siA,114,0.0010721992146140746
VFI97zWd0bmO5uf-k-K5IQ,11,-0.06666666666666668
VFV5wnidsMAqBufRjQN5Vw,18,-0.0025199127891052104
VFdwCUNqF2TLHElyhCXgMg,4,
VG1RKFwh_F8KX38Idnsy8g,22,0.0006258890469416782
VG4yVFNX7B-iONzZlLd-Fw,4,
VG54JsBaDIbXU29HI9jiXw,22,-0.3557312252964427
VG90jWMhlapW4gfO63jtHA,47,0.026811057632975442
VG9Uz8YL8_-DdAY6nB_m6A,11,0.07857142857142856
VGnkape316lXK3X3zZ4gMQ,21,-0.037108013937282226
VGrXV1lgO8skquXUyeWgig,26,0.003075871496924128
VH-ctR1v5d1sJy2Yk8yrjA,8,-0.1
VH7fVdERc1KHxymP414mlg,7,2.311853644251964e-05
VHdmxJZsT87D0yBPVynivg,8,-0.004325955734406438
VIYvcX9SScnqmoI0so1KZA,101,-0.0030981730134272507
VIacKYoOZn6Wi9N1xtq1Hg,16,-0.27110641296687804
VIwaOtD0CRBx3X2vnLm7GQ,4,
VJ2BIGD9Q-vyE960n-4-dA,31,-0.0024178497759711065
VJEzpfLs_Jnzgqh5A_FVTg,107,-0.018562211981566823
VJjFHQJ08SR_Pl7Bk4o2xQ,63,-0.08694670280036135
VJpuuNZ8QXR2zTHIhB0yhw,132,0.0004853381954601195
VKFfA8vgdVF7_AWTZ1hQQg,5,
VKgoOPzznGGOkfypgwC4nw,42,0.002945631796025497
VL6C4iK4rVDVGO2xTGr0Gw,14,-0.0008476796695590521
VLVUUn_m6QPyblPiwAT5tw,12,0.0028811524609843936
VLWyxPrA7kFO4kv9mvsf_w,5,
VLXdtDIywkZ3anJWgplQ-g,7,-0.0012687361730071597
VM2F3erGAXjaBFIz9TnMQQ,30,2.49388996957452e-05
VM4QU1KR0dmW2IFTkmFTIw,47,0.004984539270253554
VMIsjL0oKUtDFPFbhqIVoQ,42,0.001178110840013943
VMOzGMX2qOwccFLOaxPSNg,30,-0.027293980128579778
VN8I0fDPMTgslw33MqqlXQ,34,0.003821812596006143
VN_ZDpbJ3R6F-xOJ-ndr6Q,30,-0.0034407340232582954
VNaIRefiuIM2PcjsOtxF2w,5,
VNpBZIPRiZezd2__s8xYzQ,11,0.00108010801080108
VOBvxu8SzLGSun8o5OFhjA,6,-0.010644257703081235
VP8HMhVt-pKmqGNmDW4-TQ,80,-0.054174887704126616
VPb3USr9Nm7JjtmsHPRo7g,12,-0.0050557428052890865
VPfbGIf3ieDrKuWheOjSLQ,18,-0.06048387096774194
VQaIkoE4CslcvNC-4qxLiA,11,0.0004868549172346641
VQbl-K88JGWYQOUrYo1yAA,6,-0.0008695652173913048
VQhU-E5-EbW4rfMs5QKANQ,45,-0.001141163118104181
VR3kxm72hsgf9KGIuUY99g,8,-3.283974205875319e-05
VRDrwPyOi1va70ckee7IaA,10,0.005263157894736842
VRGS76RTMclRUD8n3H30yg,87,0.01056153975395299
VRX2u1zBqdWhJGMiBJPuDw,16,0.002972027972027973
VRbgrqNCR5914pV-KWBwYQ,73,-0.009055809055809055
VRnJgj0IvxoksHppE78X2Q,111,0.004718264180947
VSDdUwXktnvL_O0meKv7MQ,47,-0.17927601809954752
VSIUiDAMrrQVsfbLfquo2w,14,-0.12076923076923073
VSKYI-W6ppCxsbh4Oj2_dg,21,0.002268498640332045
VSQjT5mn45JKtSSL56jNPg,5,
VSRx7k7IO5CuNvLH_R4Upw,10,-0.00039193729003359466
VSVtG0BfSCRIZfo03VgHCQ,18,-0.214556661925083
VSWk9Jz35zD7tyzaV0GV1Q,55,0.004934149012903048
VSc5hpsT_CCt_Hvj92mbPg,16,-0.38088235294117645
VTG4ywxqcw-R_bvRGTYKaA,18,-0.4526315789473684
VTjol5UWd1hMwldC3wFXTw,32,0.006563487561785917
VUK3TEdtbyNRegrzKXIsSg,5,
VUWSMm_PnH9y2XvsgsF_5w,9,0.0038054968287526436
VUf9trcyknSQO21imDEOiQ,33,0.020745044429254955
VUy-FsS2DZZVpiUG63VDBw,23,-0.006020295493979705
VVB5Jrq2TBBIeOjb16-mdg,11,-0.02892102335928809
VV_DMArltFOUQq_ONjGVcQ,27,-0.008649789029535865
VVlPhHtkwEA6zjC4vABQPQ,47,0.005378459034183397
VVtDFxOn5NnjBryjo7RVEA,8,0.021804511278195493
VWCkjGczWp9b48PQN3bCyA,117,0.029491715181370365
VWUmZrvqTPNzZD3p_IJj7A,10,0.2606060606060606
VWy97TpzjreU_78xotES2A,54,-0.005554914850267173
VX5gOsB6Z5z4zXYE8vi4CA,18,-0.0003459808557259831
VXFS9fqs7Dgt4WeeBw2SYw,14,0.006875296348980561
VXQwSIdKeahnOBLeJL7hxg,26,-0.007702823492297175
VXTypAQ-BwdNJyLWHQEl9A,6,-0.3
VXhTjyJJe0FDeWu4AMTo-g,10,-0.0008472540118109737
VXoFO5UrS4WFa8lfgMq-DA,19,0.0009266981744045969
VXtQVIYWNcLlNJxGA7cDkg,31,0.0005892658066571114
VYKLHUndDOo-O1R1eZ0qSg,14,0.00024113817217265486
VZKgw_0qDGWFkZKjG2tTrQ,60,-0.0016732136641638903
VZPqQGDDGRwKFG79eP-ZjQ,7,-0.03162055335968379
VZbkSeZtFynEascotq7ExA,8,0.007905138339920948
VZqrQ1dEOUWp-A1hNsdZBw,8,0.0017979904812268637
VZwHhKOFoXth13O3wFtU3w,7,0.0007509713651353383
V_8ReSppc0WFB4hZbh94WA,12,0.02689075630252101
V_UiHni9L3Cpfpr9BnRNcA,7,0.0007490636704119853
V_fRQ5GUSdoBGELhu0D00w,9,-2.579613315963941e-05
V_jy9Aemc3kjznqhbsu_Dg,110,-0.032200974878140234
VajDn9MOuWbgQ0S95P4Aeg,6,0.0009495387954422138
VayJyqAwLdMBt9HAINkxrA,9,-0.019430760810071154
VbCxeU7EVo-h7RpXPe4nFQ,23,0.014406576741958655
VbEm2EN2rpCqSQDVnIZZuw,11,0.0019595835884874467
VbGGpt-Q5ZeMxSFPDbPeBg,43,-0.11054062216852914
VbItL6RDULtnw4YvB6EhVg,90,0.010559006211180121
VbO4tOhs3OX0jm5-fCJAKw,6,-0.014037433155080213
Vbdk80DwTyrCYBoEIIyMGA,7,-0.03636363636363637
VbeGA_Zf49WUPeFJ2VvQmQ,67,-0.05068340589247745
Vcn_cuQNKRF0eQ16TXVaXQ,110,0.006913636493066431
Vd0BRbtnhEfNkVNKTH86Bg,5,
Vd0YOj5GVv-Nxeo06HCfjA,25,-0.018877551020408164
VdpwcM3GQ2AjzSm5-9ZuTA,29,-0.12184873949579832
VeTziaQYQLg0o67Oe-B7ug,6,0.06666666666666668
Vf7meUouR3TMU6OPMpbYtQ,5,
VfkvIzypJ1n8VYqjObRrzA,6,0.0011466794075489731
Vg-I8jrrNNiD7qzK7Br9eg,16,0.000627848034339983
Vg48n8Yy0raElvW9xJKZFw,7,-0.0006171960309547549
VgGmMEc68H1ZB_mtk83Cgg,29,-0.00013548299688389098
ViO6ziYwKwdVTNrFZz0gDQ,20,0.0004102517863985754
Vj0HxkVVQMgM9n1QKGvThw,23,0.0006166495375128469
Vj28PSL29SUCUzGfkZpaDg,45,-0.00047886812987484127
VjiPyjyk6_fr-HO85u174g,10,-0.05828445747800586
Vjztqe-JBseYpypb6xv3PQ,6,0.00029222676797194844
Vk9oru45NVYBSO9yW82TZQ,7,-0.016752136752136753
VkDAFPL3lRvZrKg7266Mkg,25,0.001376807190412225
VkMokNW-HLye5jc8_1l_vA,54,-0.00393762665264014
VlLstA6NxAW_jcDjjZYdow,7,0.000789766737932926
VlXdebuuVW_6mlhXXx0Kfg,8,-0.003506940820373656
Vl_IM5mvKjHMohVAshA3qw,28,-0.006525832527674998
Vlf3TF8ZDGp94VGI2OdyOw,40,0.0013975155279503109
Vlkl-QcYvjnBN3GpOOs-8A,6,-0.02597402597402598
VloXQYI96uthg31NVaO20Q,6,-1.3672697347600449e-18
VmwRQr-gnvhkOh66HNaaDw,6,0.001539284685352101
Vn2nFA9JaEXTebCExP869w,4,
VnECSKZnz-tDhDZ74s6k_w,5,
Vnagnur1os0ZduOpvDH27A,154,0.013693630517415865
VncK710nB6qNx08zFJtwkw,65,-0.003866887829151979
VndJMY1frtXpFp7QPsYV0w,32,0.005445972964101339
Vnh_rLa0jrd4Tqjh4633Aw,5,
VoIX90UM5jwD7FSMAMCwrw,17,-0.0003077383724798723
VoOlwCavQQ_A5My7TC7t2w,16,-0.024926686217008796
VpJNqYcAGqCbTSl-9Q9N9w,6,-0.00024726880366856977
Vpb127k_PeJ02o-EAbWhyQ,53,0.0032668347924739776
Vpoe32sBrrimg4Bs6xexcQ,6,0.00010497769224039881
Vq-oKF_DsX2QbRz-m5t27A,18,-0.16315789473684209
Vq77GKtHp2nMsiKbjumgvA,8,0.001010317222483839
VqMVXxKZecFmQ2l3fzwwUA,28,-0.07333842627960276
VqQ14m_lwQXK-7DjinuqUA,5,
VqTDgcll_F_bqSRJ2r784A,40,-0.04157509157509157
VqbS5tyfB0t1VIbjqtudWQ,5,
Vqcqu-LM2yqN3pvW5ZiX9Q,8,-0.004193647856922602
Vr9tcjBw4Zo5ffhrQiQrMA,29,0.0018927634045744284
Vru0RfOG_WoXUcoMwyx4Nw,34,0.0012028918004900672
VsFoF_AzglUtSQy5ZvDbKQ,13,0.001189606801907336
Vsol2D-xusIEVSvz9aggZA,5,
VtQTRhL1KMJASyZrs9jQzw,17,0.0014391014391014394
Vu2JA3e98QsxaRhkiFIylw,20,-0.005988455988455989
VuOfGMSMFGtwWF3-DxApyQ,44,-0.04827377804638513
Vuagn0IMG5Ug2X3dhvZ9uw,11,-6.4838713699672e-05
VukzFZ2A9LwmankbTpBsDw,10,0.0006111535523300222
VunuxKegBjV417P5SXDxhg,13,0.0007400555041628124
Vvd12n0sYII8rUgPhq-XNA,6,-0.25
Vw2pD0OUL2AMHL_t_D_U6A,71,0.01436502428868841
Vw7dJJFqzLgxEsneIvmy1Q,94,0.0038174665617623908
Vw9kAeinutmjA1hZcm202A,12,-2.869769844458474e-05
VwZ5NDbIu3elGQI6MzcXBA,89,-0.010829749960184746
Vwt2NXWtEzJVzp8wSzmUoA,17,0.0009318578916715203
VxC-ThIRmU3VcHS88INn4w,9,-0.33333333333333337
Vxsq098z903XRXBq4IZWTw,52,-0.002417288481847614
VxxZzUd6kXtglEhfLaF92Q,6,0.0009060706735125332
Vy9z5-Wf7-A9X9403eUzaQ,12,0.0029045279045279053
VydwD9IzisAQ0EJcw6ExAw,5,
Vyg2IkN7BVRxM1Il18Ls0A,9,-0.004918561522335106
VyhC6xK8VgTT_geFqhb-xw,4,
VytP0omSyIs6cuw_Voy94w,18,-0.0471787577050735
VzHYbwcFJz2CdVCe5r3sDQ,54,-0.0004391556877744722
Vz_4pvJjRBGRA5t-ZHL7Wg,5,
Vz_KIz6gWmtMKbbDaXO-Eg,45,-0.03836996336996337
W-RVZSGas8B26O-kx5MD3A,108,0.00648285971182253
W-WPA5pOLtJujLST3Y3XJA,6,1.3328007498501278e-19
W-aDaCUUC5tMPj-ynFd23w,7,-0.0001757237622457496
W-esb76USKNAJYhd2xoKnw,12,0.00311587147030185
W-o1Q1SRFlyLYtDanhfx9A,7,0.005159474671669793
W-sA8QCwkbkHnFJG1D5IGw,11,0.0007897774447662056
W05Sre_mDBPxyILHATDiLQ,10,0.0031560490940970186
W06QBC9vkxA5CVBNVrOMRA,173,-0.00685974770515931
W0JuHwr5zctnvQhi41QA1Q,5,
W0O1riXLSUitiomnl2smRw,27,0.0013260423786739563
W1jO-SCmarsu6Swr-IELqw,11,-0.1274725274725275
W23Gvu7dJDjPq3PC8Q-f6A,79,-0.004881736890249595
W2gSKulDUBGTfcSDk8kNvg,13,0.0008169052222605913
W2tMXWUz0ivtZy6ZvKycVg,27,0.001376623129173931
W2uz4W76Kle3nggs9PFZkw,18,-0.002134380602749083
W3XUQEn7v84t_6uz829ATw,5,
W49fAQGBt9IgduhvqqRQ4Q,44,0.024814179531160663
W4aXtdp4MVjXLWIG7aGsUQ,41,-0.02648885641213007
W4gV7soSZ62MopA8IUP_CA,35,0.0027765850865893796
W5Rc_9Qf9ZT5M0HdywNipw,8,0.002227748987469825
W5Xn1-IYuMf_0ZimpRs_LA,11,-0.00026039611773060844
W5cES1Og2LDTt_5DPT5daA,8,0.0005550416281221097
W5e4UAY9PoE3ydedIcc5GA,47,0.0032580726913232975
W5qWPa1LPo9stvCGeVSRAg,25,-0.021113764654798087
W6CV25UWatpZuD42o-Lcww,10,-0.0009180804467991508
W6MhCKlOH0TlonkEH4kfMw,5,
W6k6b-bUaX0goySzl-zgTg,42,-0.09877344877344879
W7S0G6eLDFSoxVBpaU33Rg,21,-0.026364477335800184
W7k9dtkWDVzFbZoINIPL9A,15,-0.0008019362063360184
W8-UTIJAsY95SJcieNRITA,6,0.0008643457382953181
W8F9TbZcojXvaev0lSKQRA,18,-0.04887218045112782
W8JndS-2XMSk-ZGGufKzZg,4,
W8TR-CouNLUrRUCnMPX08A,25,-0.0015213793839748025
W8_tRyiRAuScJrTJemLPcA,6,0.000478468899521531
W9UZ0XISHldTTNBWLDgYug,5,
W9dDiZnNgBwmsoue2r68Sg,60,0.0012426541675735598
W9nNBbhU_MyLvc_c8u63KA,18,0.0011737089201877943
WA2dW8HafdFte-dEWStZzg,17,0.0006668764705000823
WAWI8FB77nZVD7_yc2PMYw,6,-0.0006721433905899926
WBV26KTRir5r2FOZlLJVAQ,70,0.003001592770208272
WC7xFGH4hV7ImLI7I0V9mw,20,0.00090160019106759
WC98L9P-mJjnqpxEVk25ag,11,0.00017401952885823837
WCH833DCRcTuzU_J-5JRxA,21,0.003470213996529785
WCLexnTQmylse_p0kQbz2g,13,-0.33214285714285713
WCOOi_rQ61MoQ6karcvpBw,7,-0.03928571428571427
WClMLXrJbxgkKbqFuPHcWA,8,0.004230565838180857
WCpFpsvJawCOYAPPTp83jA,10,-0.01818181818181817
WD8eORi_jAuKOqEn1R-t9w,7,-0.35
WDOsS2CdahC5PmL7NohRIw,27,0.0014242236989501725
WDVNB5xRMx0Gz91a2fDTRw,5,
WDm-Z705Wp93k-46PN_g9Q,63,-0.08815547928805174
WDvtd_VkiMGLwlpKuSYQRw,7,0.0032653061224489793
WEirCDpQAg2Fe5Qkl8cmFg,5,
WEyscOTFMWXEAH5Mloh6AA,24,-0.03720674486803519
WFK-wCbfCDIXz5XKeT1bmQ,4,
WFRro-8uIBpKoJ1VSKrpdw,48,-0.00930990953082264
WFbbnkAeA9MLZ8_e-OJ6bQ,15,-0.026315789473684206
WG23hgY8Ld9yaC2clgfD_g,40,-0.058783721430988346
WGOP8zsbkRItayp-KgiHnA,22,-0.010894660894660893
WGWfTNNmKZ44mFlKS3pkDQ,13,0.01860974274767378
WGWnx1Dy4plMCiknvOOD8g,7,0.0016386102298817725
WGfnSTCWAzk1xqtkJVB7RA,99,-0.01839076985848023
WGqKHHhWvjrWbG3m2qzmeg,12,-0.006204906204906204
WH4nWKXUxpLLRvARqdjlVQ,22,-0.010601596534965122
WHZCdHWAn50Xd5W8rxtklA,2,
WHxEdA-jbjs16-_jUslV4g,12,0.0018357946077767239
WHzeDa97M_eU1FEZaLJ_tw,19,0.0008426687816000792
WIYMl1aBJpCS1ed1e53GGw,17,-0.05999999999999999
WI_GieAn-2omR_pWziqz_Q,24,1.5114492279013018e-05
WIeAfvm5pcjtcWo7DdQeWA,80,-0.06839104291934482
WIfL5FlNJIjlN4gixWzDoQ,56,-0.0003731788870312873
WIv5kTb_P3jnngPkMeRRNw,47,-0.021152829190904283
WJN51928dvjYmaFw-zPKXg,9,0.0006837606837606797
WJ_YtAWCo7_BZHm2wdxSqQ,6,0.0004174929548063877
WJkoT-Q9yr__7YcJLHa_RQ,7,0.0010960906101571066
WJnWJ91JQd1Vfe2Z65uj7g,61,0.004667558871266266
WKTrjBhrx_SPZS7JVZnzFQ,5,
WKVRRb7Oi8AVj4h7YyAxLw,9,0.0006385186367627108
WKaE1xXMuZEfDGC9NY0eFQ,104,-0.01406109916805644
WL4m-SQnou7MaNXm4Ay1Xw,19,0.002193752193752193
WLe2mbp0wzWfaDgAzyXbMA,5,
WLxDcaMetWVYqwp37dtu_w,5,
WMDyPlL0JqdjWf0X5pJSeA,5,
WMVmyCFzxJQOTxPWwo2ukQ,11,-0.0006425153793574855
WMhwDub5KIuvGCjXH0fuVQ,42,-0.0021204657411553964
WMjy9IgiiuxN1tenNvJ4ew,15,0.0033026898195437516
WMkiheTT-8kRslImVLWMVw,176,-0.004527762468999728
WN7ZKZtTStAVsRPee6azzw,20,0.00021624858606693716
WN7deAzW6-jMJPyqVhHJXw,22,0.0010444331711975162
WN8wJ8PiBcfSPVWtZZhZfA,67,-0.006662481521232864
WNBEsnHwe94X6TY3pQUOHA,8,-0.0002098988287645356
WNFxt2TyMDEuNNNZ9Z9zRQ,59,0.0013327996546456243
WNLUBI0my0WLpmWTNUsK9w,63,-0.0035479370141518825
WNe98nBJxx94ac-WeMzKaA,10,-0.010037523452157596
WOOcxuvrZVBIi42xIY1EzA,46,-0.000263638920134983
WP9GAuhvmUhm8MAxMqhgrQ,131,-0.002141651124712612
WPZFuRKFvT-Xy9FPPX9CpA,4,
WQ1m-h4N3UoSwKFHa5zAwg,16,0.003121049019253693
WQzQvusL15qZMxKlQq4CDA,8,-0.0005877167205406993
WR6c5Gg3tNsmuXyFgngztg,17,-0.0038024728664601748
WRMlifrYLjRY8q5YUUbfZA,58,-0.06177937188347475
WRckwZQdiw8QKh0UY-wJnA,20,0.005115327757639576
WS0UlqeYKLLXd_sgfKPszg,11,0.004401154401154401
WS4j8-8-HQ76X2_LAFV-Xg,11,-0.006111535523300229
WS5VzIW4ThHtvjy0Acg38A,6,5.330368347015677e-20
WSHu1THoWsd64DrKN-N7nA,26,-0.06464056107539451
WSbpU5zNF9B75fuBSkm3mA,7,-0.178021978021978
WSdlkC1-WPtkbK-1KwcOVQ,14,0.001979998488550772
WTWhKHqkK_uwwSIFJK392g,54,0.00670221702764893
WTyW0nI_zv0T3kB9jR750w,6,0.0009167303284950353
WU3FGy5JoKOH-NprEKd9bQ,6,-0.0006105006105006085
WU9bLspOxUgypUypQiPtPQ,7,-0.012121212121212121
WUdM4vFgbetmu64_HfqStQ,5,
WV-1jUnWOxok-qfGjkEw3A,14,-0.004055887140531742
WVNw5jRXmaJdP1_r-gN8XA,53,0.0070687925693162885
WVge429s2KWwiUk2iN_iPw,11,0.0009931756276984126
WVhMDjHBia5BbTvLzpvQ6g,19,-0.006196335310259363
WVtg_Jx7OfJRdbnKzT2p4w,75,-0.015149735760422785
WVwWBZ_MEfXedsfjXtDv5Q,6,-0.08351648351648354
WWEx8kEEjzV3mFu1dYfwAA,69,-0.01073204401377776
WWUJTTEcN_J3AZcS8BbCiQ,18,-0.005241494629879735
WW_qGCrcNqACvA8NLK5AMQ,9,-0.0019342508823574737
WWbrvdfiqWsNaNu0N9Qe2Q,28,-0.005774223389334846
WX1x4UaiDxl4o4LfpFG8TA,6,-0.01423804226918799
WX2exxux0FS2HwRVaRdhaQ,49,0.002596557262223983
WXRZlGsdUjraCAcgtCyk4Q,24,-0.011484593837535017
WXVAGgrGtRmlgO5i4fqrpg,5,
WXtD3L-zAqdiP--MAQbq7A,116,0.00616004550143156
WXwRcHGaV8W3twAOJtWlew,13,0.008710801393728223
WYYdQDjx-DsCanlP0DpImQ,22,-0.2508695652173913
WYdNpO0xCSf4AWrMdyakrw,9,-0.007204116638078902
WYel6hMEEPNwzVUlVBacbw,108,-0.07998106210052872
WYrITmacXpS3twSpf6SkPg,10,-0.02941176470588235
WYulP4JpEVnFjhydDoxWjA,4,
WZEhrN61ajiq-7MuUCGyuw,19,-0.0012623049953572293
WZGCui_JBA9xUinZC-XbRQ,7,-0.0023255813953488367
WZPCfTRiN4ipajP7gFfziA,27,2.3441162681669013e-05
WZVYASnelainA2_rG91phg,24,0.003077003997475279
WZfyxxWi6ZiperQ1Hfy_bQ,4,
WZk0eszcwLtOCrXnp-F25Q,5,
WZrewAhx0q7g_kcIQQeHfQ,54,-0.002614821839859098
W_3ULUCHwEcvtOgqLovdrQ,5,
W_AouNLoGZ7OPdyb7qUg3w,18,0.011520737327188939
W_T3Q1vEArb30JZ-FdVmuQ,13,-0.0011077158135981665
W_ZwRjARpALtXUlSW90tIg,7,0.0015957554525019746
W_vlLO_fS_MuLTvxt1B7AA,27,-0.0001742323723747873
WaFQd1hZAvnOM6iV8RsNiw,6,0.001058057514921324
WaGSdQGsOCYDqRu8FN7Pcg,14,0.0004425408164878065
WaguE_aJsLBgrHJL44-lmQ,8,-0.007905138339920948
Waz1bXpzTgfB9DOouGjJ2Q,7,-0.43333333333333335
WazsyeShjw8oAjqZlZ1bvQ,8,-0.08571428571428569
WbZaYXT0RcWF4ABlI2h8mg,6,-0.0076923076923076945
WbhbX18YghYXNe321biFJg,6,-0.0028011204481792717
WbxPdq_PgVvCI462l0vPEQ,14,0.00035104242476133394
Wc41sOvcWAz4mj7JgRMqVg,8,0.0022652539276580203
WcWgva3KHkD2mcTFG-Mw5A,11,0.0017851916886157447
WcrXzZ5XapK0c6s79MueNg,17,0.0011167930406159995
WdQuggXokCWfYhGylPYhIg,43,-0.17736702808844879
WdS4JMt-sSS5pZkeHIpahg,8,0.0003845044698644623
WdW_rka38TeVxhh2F3nBew,99,0.0015097953053367526
WdZhpAx_8bT7PvUTxkIQ_g,29,-0.0012719703977798335
Wdg6eL02coEy1kmtsGdMaA,6,0.0008643457382953181
WdhlZkEL2iuTbYCk3KzHtw,15,0.0003360215053763444
We57TJLl3BEo2gII0TWVQA,14,-0.0002817592210922866
WeQexfAmmJMhFPQyNiBMzA,7,0.00014663784914153115
WedpQ8jjdOE1Xa2FnbL7_g,12,-0.003885291396854764
WetGZHi6Q_A-zxujdzjVJg,35,-0.13188153310104536
Wewu2lolL111m_1TVTgR-Q,40,-0.1345050878815911
WeylzLacbhVyhnWAbUJ4SA,63,-0.04106630211893369
Wfg85U89qt1OA7aqw5trFA,18,-0.04761904761904759
WfjsGrbSIswLMwGtKVNcwQ,17,0.0018244709712425399
Wfpwcx878E1Vg2E82DPGGg,8,-0.011532531606537156
Wg6vzw8fzA-YLfGBn1IqKA,13,0.000678384212149243
WgeYi9l62t-6-LnB2I03og,5,
WglSxOOjnw3pGpHWj6Poag,43,0.0003870967741935488
WgmaxBbCRAlq06_bPLUcSA,5,
WgyhlYg3fnSgco4qLa20cg,149,-0.009933172902131193
WhBQ8L9NoQLSSjOslmDBnw,6,0.0018312533912099838
WhQbZWc3it5ifR-pWtjBag,5,
Whd-gCVfXn_efivaRki3gA,8,0.0004854475082547941
WiF0TF-648bQsZ0dYyhpXw,9,-0.0016761114215021159
WiRRE0xFhZ_WQdxe_hnQdQ,24,-0.001818669288171947
WixiQugMjFgCF_MBN8YSzg,3,
WjCPK_Y67TuiFLLHc_NHoA,8,-0.008954203691045793
WjicAEVbREGUb16NI3-IFQ,5,
Wjp1mRAlzjpe8LdAsIbqzg,7,0.0013024949733810491
WkNJ3FnK5WVW3thVUe-WSw,15,0.041666666666666664
WkUbPCVqTg3RnZ7noYsU3w,30,0.000705649983939201
WkgzPTwkSqwMwKx8BxpobA,5,
Wkjt6DUTGX1zKpX0OnsvcQ,38,-0.10978662873399704
Wl7iw_u4WeEreF4ZZF1oDw,119,-0.0013418748341609496
WlECTpoD6JXD2oJc_mdvkg,5,
WllnLf3kBK5lGyPoKWICXQ,53,-0.01840424026730227
WlqdFsFjvZgpoWi-jJCspw,10,0.0034782608695652175
WltG6PWu0zRTTUpWne3W8w,112,0.009343448557028958
Wlvr5wT9ztlJb4eNVAKxIw,34,-0.0013854951255762391
WmGSfx0JbwNRT03ozyjb6A,33,-0.1269230769230769
WmLZanQpFG4qpfT7j3RXbg,6,0.022608695652173914
Wme70zEmBZ9IN-Y052sV-w,18,0.002523060227889311
WmiEZW4meUoVxQxFUmci-A,7,-0.00453035336756267
Wn1SAo4TMyKnFOA74GmI0w,7,-0.0007472479405117736
WnT9NIzQgLlILjPT0kEcsQ,27,0.0009250693802035151
WneyRrLCxcbYn3qo7p58-g,8,0.004504504504504505
WnnfNMayJxtPBEHqR9EbrQ,109,0.0015820338668618016
Wo-nhpqzFsmsb9Ef4eVxpA,1,
Wo35LMqpW2N0Y3pQ5DSn9Q,10,0.000789079144638207
Wo4JAP8XQqaNFUauDb2aZg,33,-0.03471262356749189
WoDFTyLtU3RhHPx-7GhQyA,27,-0.23992413466097676
WoYoLCFZZ-eWeznm1_UxVQ,28,0.004115479115479114
WpV19z7TAlKDFtd2f2CUHg,17,-0.0008816787162757887
WpdiX87-zz3UGbowGee4wg,15,5.862810240375221e-05
Wpw-cUHTjQ65LV6e4bME5g,5,
WpxcyiUAYYQAnivqz62JtA,36,-0.00995240851501704
WpyQtx6bzPknYpdI6pLiRA,24,-0.0022825682321362096
Wq7YGTnSQ-89TJzBGpcRhQ,24,-0.005438351535553303
WqEy15tpyqcNpGwjFZLHJQ,19,-0.008391608391608392
WqWJ45Ul25_p1loGiZZONg,22,-3.110097449720081e-05
WqZM3ZjJ9JiBQsseJXGlkw,21,-0.005289450484866294
WqfseuZYHYWrBmQE9Snxrg,4,
WqyUnIA7PMUZbUZCtmZtXA,30,-0.02317073170731707
Wr4GinmO04Wi2V9bsBLYTw,7,-0.015789473684210527
WrBTJTa7q6Ju44d0A7rJyA,26,-0.040964480165932085
WsCIwMlDwt8g4i40JS_nGQ,33,0.0010959972002824866
WsMl24qIbIJAZ9rBPrLp4A,13,-0.03508771929824561
WsRGsuPeb2Oom5gNOg4ZqA,11,-0.02696078431372549
WszzxrLi_fqUHCTX608wQg,12,0.005659971084930326
Wt3NAVSLT5KXFR7uQF0HbA,19,-0.01424825174825175
WtfRKJ70a02KQU801cO9ew,15,0.0015119476734631273
Wto3Qt5k0W-2MesnTF-8qA,6,-0.0006023287057769816
WtpPTs7d9VjfvkoPVg7TyQ,6,0.000790785115335263
Wtr51cNrv1pYyIRg_IawYQ,139,0.02432012830494804
Wur1uotuaU54hcm3w69jLg,5,
Ww8DBKYd-NSRMfDRuddrjA,15,-0.2676691729323308
WwrAYqe6L32B6rdHpAcGKg,15,-0.016208597603946443
WwycApucrNV4kFMvIxlknQ,21,-0.002089093701996929
Wx2L1IX7pN9Nom6Lb8PqNA,23,-0.0073210495555077046
WxB8498ejPtHE7wFa89_fA,174,0.010740088640641137
WxFfnTx_VAT_ORvqHAfYNw,6,-3.3239039517149205e-20
WxS3pZs7Edtar7FkBaOqpg,57,0.006787518313616585
Wxk2RsFJpbrsgdPEGxGNBA,14,0.0005667383232362713
WxqoaK-QbXEv_kojGFbFww,12,-0.002220077220077219
WyPYFSlb_DnWWym87brdbA,5,
WyVh94BghK3ojOc9gKYccg,16,4.62503230721098e-05
WzAi9U3CdzsVnvdhKaqb8A,39,-0.0022357723577235778
WzQ6OM-4iPAsQbYiFxJm3g,14,0.0007452574525745257
X-ey4ntofcbx1zQnBCQQWQ,43,-0.01764778477107244
X-sCb_2Q46W5H2wbXmlK1w,68,0.0002831675366886634
X0-paC0CaIY5yTZUHOU4IQ,12,-0.008893280632411066
X0Dpf6yaN5wfEVcKwB_pIQ,16,-0.45652173913043476
X0Rh8PEMSBzyuG4qRiHQBw,11,0.0010214504596527069
X0U70sRNE5vOoas5Vdbluw,8,0.0005681369841395092
X0lCvXEahUA5HEPP3SZjeA,12,-0.009121395036887995
X0xPkEm_M8PRMKV2utBo5w,18,-0.0024831812898453735
X1AeBeua7lzXCqxnLpq17g,121,-0.003214658644522899
X1KTKksxwFTg_t21iWPMMA,57,-0.012940278434080915
X1LzdU7gjVSrm4ELizVRDA,16,-0.003734593642850524
X2D42cGnqxadT_jbNJxHsg,97,-0.001800734645063926
X2G6wYqhXRDCCzEgVbnOIA,7,-0.00020989882876453554
X2HJNKFY58RW1mzjH3n6dg,40,0.002955240357481751
X2HqRGkvkvagi3FMiXV27Q,27,0.00154305788108605
X2JkEvWPO7_dEPHne7qJKg,21,0.00026450462883100456
X2Twkcsvn5vk7yxn2PrAtQ,14,-0.00820852534562212
X2VNoC43s7df58HHDCqMwg,13,-0.013409961685823757
X3EN7epXYeCBzpMAAOQAUA,15,-0.022077922077922082
X3ItPYxc6dIvFXp6Xij21w,5,
X3NS8516o015Z1zcOwrqmQ,52,-0.03831685766774561
X3Qa-dXb2DFdZZ2UnAfSVg,5,
X3pLW1Fq9SlbrUFsxgynwA,19,0.001183320220298977
X3vdh9Dtyap9jqKdZrcKYw,16,0.0030395136778115497
X46tKBT7vTEGeaYj6GkZ-g,20,0.0027238678924072185
X4ADd5nru1D90MLy_sx_bQ,15,0.0001259798432250838
X5O6zIZZV_7KZjcEF3pWkg,5,
X5fWO9e82EICHXzzs6eQMg,148,0.012351449455521853
X5irOgsp_G-tVjBwzQ7jug,36,-0.004471909052313788
X6_5_b4gVKo83VPn0FyONw,68,-0.08155002891844998
X6sSThxPpQD_TfI0f8HV6A,13,0.0006559094427782746
X6sTEsFWj1ZdiuGcUj9uYQ,10,0.003251092728389265
X7TvrNg6jY1Q0JHJXjlQ2g,26,0.0009615384615384616
X8MJlrpZO-UA9-y3X8V5kg,54,-0.00267051447322161
X93R8JpZfYlI7Mx0QddqGg,8,-0.005158371040723982
X97OiYQQun8UpGxqRtgQCQ,54,0.008362583362583364
X9I44iLkLLZt_Mhory51Fw,11,0.0011483980517449398
X9iI5xlG6DDwwXESWgD9RQ,5,
X9rHylXdk7KEb-r4ByDmxw,7,0.0032252862441541686
XAKR9lNtApEN3hVS8fsM_g,4,
XASfdnU1Ewfh2dnfv0jFqg,7,-0.03571428571428571
XAVsvqv1HWUiiqgJM6zubg,8,-0.029598308668076112
XAyJt3DXSKf2f_EYrG5Z8Q,60,-0.005921438342778972
XBdaG2kQ2Iz9VNGPZokjYg,78,0.0023117899436211997
XBwxCXPE8MX1aMs-zT1-Fg,41,-0.004062838569880824
XC1Fczx4xltzA_3NIotsuA,7,-0.01688311688311689
XCJ8N1GrV9Gdgbyp1U05NQ,49,0.003823060324608312
XD469cx9VeHkCrDXfzc8rg,6,-0.004278445883441257
XD7EU4Vw_0OQYydrRSqwtg,28,1.0676346554209675e-05
XDJn1OQeu9IRZCEiGvmYzQ,39,0.0010745323001840835
XDvsDfLRddgpayKv7Mcn-g,9,-0.001614793220726514
XEkRy7Y1_7hSuPbMS7bIrw,10,-0.001453200716987747
XEy5AJmx2q8il0oD85ebQw,17,-0.18192918192918195
XF1P01OV8o_tB52oo36_ZA,6,-0.0019286966686148453
XF3KL8d2LM7nUoo6UsmVLQ,20,-0.005860290670417253
XF4C6O4HWhUipPiRfjtqww,17,-0.001084073347941414
XF7qNhRJktAfLoH5GP4tCw,28,0.0018756884343036973
XFOLv6Vxik920W7OP-OStw,35,0.008364153627311521
XFfuR-F1_wDbcf8xo2DVPw,52,-0.14675935894675318
XFu1Ya1voQvk5t-0oZhc5A,6,0.0002383423672778994
XG5-bigWGG_IFgbCvVs7xw,3,
XG72Wuz7oWwgqM7ir3kpuA,18,-0.0005148005148005132
XGb-h8G8TjDKyxOjuoEZqA,8,0.0002159693940515856
XGp784GFQlidwcTi7fAN1w,6,-0.006715506715506715
XGsA7MQTM6MuUNcfjsmWRg,4,
XGxsV7f16mW051jsEafAQQ,57,0.0003119610048743912
XHG8JXyUm4MgmrZ4BhqNdw,5,
XHKo5ix8fn3gg-OmuunNsg,12,-0.0002136447799458766
XHUdKqKQOzXUkImZvMbiBA,7,0.0007966716827476321
XHYVgrJ_1jyx_yjM-svQrw,13,-0.009922041105598868
XHr3rn4BhvPomAlr7YePiQ,24,0.004018882769472855
XI1O5v5l4WcNkS-RH6o2KQ,11,0.001530134077998585
XIKYdKWq72zUYsq8NBxcCQ,112,-0.0016827896512935892
XIP56Dnfod92fYrrNDOACw,11,-0.09548872180451129
XIR6VBtBm5L9CzNqzEPKng,31,0.0035277382645803696
XIR9zc7HIglYL_v6L1JoAg,9,-0.0005690512019625943
XIqdHDlmzFeM4tXmArC3XA,28,0.00035427491733585253
XIsQeHGwAlb7xqlpu0xH3Q,92,0.005836611063176048
XJnTY0wG45x9GBrgfNpkCw,101,-0.029629443030959518
XJq2EZRdNT-Yrm1UIK0i_A,5,
XJvOamdhTQI65jmzTfreDQ,109,-0.00478158024446787
XJxumy6oZFo2fkPwAIqjpw,7,-0.0008766803039158379
XK6ylL44zvCOM0bfQGK5tA,13,0.0009216589861751152
XKhACCLtkT29uWmEBx-DHQ,9,-0.008355614973262033
XLEgHW4tdk6VMt9uy10aog,24,0.005102763997165131
XLLy-geeVwPF-awhMG8kGQ,38,0.00650347095359883
XL_Rq4qRwNdJ_yVaWqDUDg,7,-0.003201570904123623
XN_YIYIHTQhdFbnNhGP-HA,13,0.0003998000999500247
XNqXFyK0vUSBa7Fk8Lv_lQ,28,-0.007441386340468909
XPFWVkd0TIUoALjPknfgZw,7,0.0016233766233766228
XPOdKREKlB8uvsMMKNY_7w,35,-0.00027734565980710253
XPOvJBe5f-gYMdboT_MXmw,6,0.00505704594511255
XPiujqYlO9ldyt_hjDjYPw,45,0.0031079354014174505
XPuoRtlerDOWp37lIJPbyQ,29,-0.0015541144901610028
XPwT83sQMlVCh8_ztbyCFw,30,-0.05042336083369518
XQ4Cfzi1TXqoJ6RSkpr-Ow,14,0.000450800095533795
XQMNpRcnKvJ1N8JShlR3xA,11,0.0001726809416245077
XQWZQjC73fCTRGWnD18-Eg,69,-0.04874589779653071
XQ_wVhRayMJGQT9J_WANkw,10,-0.0015320109659732288
XQewVfTaosZ3U-4g_yH7Nw,26,-0.009294871794871795
XQjnh-n0o11MhApzCfRPxg,7,0.0004076372817168106
XQxaNufoSOaxuLMVgx9ieA,3,
XRwbAt8LnTux_TaCmI2tJA,5,
XSAAxFlV5XQq3m3a91R4vg,17,0.004186952288218111
XSDT18Io4GbRI60_bdvEZg,9,0.004583112991362594
XSYI71iqX7P7erVM0i8F5Q,5,
XT-ycQ8ItomJj0yD27IGEw,6,-0.004513805522208882
XT1xF_7s3bJdm2UOrTMjPQ,35,-0.004386302424009235
XT3nnINWhVx3I39geCva3w,8,-0.008980938416422288
XTNu6IrYn_xn05wuqjrxiA,55,0.0010424070125562665
XTQWHOY2W2AhWuL0VakAgg,25,-0.02463385354141656
XTb74bt6Xm-YJM7YQrHwhQ,12,9.879177657251819e-05
XTiYxUCu5W25XHehvUQLhg,20,-0.0018998903909389845
XTq8JInvlc_PsPEHtvImYg,35,-0.015410227951848375
XU08zggSq0iXZj7Q5nIdbQ,1,
XU3Fe8I8dD3FaOmzAQXLnQ,125,-0.036711762075134165
XU6LMxNMSw8ICWPcySyXCg,11,-0.0003079507278835387
XUAYdPV31Q2jGostWTqlYg,52,-0.015981735159817347
XVBhNSpKCMz1yJcFtgL2ng,73,-0.045946257640410555
XVNYarQiPxlIraQib8vwzw,3,
XVOb98_fgOqL0-CVDOizng,33,-0.01867007672634271
XVg9qqPjoes6f98yjboDFg,21,0.0019672849562243373
XVoCYNFCAG8CrLYgYSIe1A,10,-0.0029556650246305416
XW6au3uZjka4goKDMWuJFA,30,-0.0015320109659732299
XX0xyWDpFc6Diq-XVHUckg,50,-0.04564264849074975
XXWxdyq2QfKF4wpdDZUcxA,27,-0.009201480698043362
XXs0Sz04NTeQT_R-chZrbQ,5,
XYwx1tsEB3_G0tgS6l-0PQ,79,-0.014866780560503072
XZ5zgtWMhNfYobHCEEVd3Q,19,-0.0003224516644954922
XZN4nllA4qMdXVHy_-nqHg,29,0.00499282468309017
XZRcvUnWgIGkKm7iCOJgjA,34,0.007016840417000802
XZvALUhfZJy0ful-GdxK4A,12,-0.041176470588235294
X_1PaKwj4GhqwZ9Fi22WRA,39,0.0009649021643024637
X_AVbwQcF3dcSWP6TlErcw,32,0.003928368502517681
X_OnAUXVGHjyWP9zoPVLTA,138,-0.013225125981483652
X_VJmXGiV6NqPwCrqjwPyw,5,
X_X60vlWlPLWcW97LPrSjw,5,
XaBOwJFCe1odBPYdIwCsPg,6,-0.003926306251887647
XaBpAWmqE-krpsYWz1GPJA,7,-0.09803921568627451
XahxHmkaFOAwXix2VGRAUQ,44,0.0009263925888592891
Xas13kiNejlJtRdejpZ22g,6,0.0009318578916715203
Xaw5lzLAsZ6l-A953EAGHQ,21,-0.005642452046382258
Xbd1z_fOq1M1G6uD7yajEw,28,-0.0031364313778620783
Xbxh--kHUKJgTugsYcBmsQ,28,-0.00026941315877796016
Xc8E9n8ZJg_xZeDTHBoJPw,11,-0.5749999999999997
XcJfZgJKYOfkpIG4qWw7MA,6,-0.00018456427450859746
Xcbl8kRa45Bb2tkvHSXd3Q,3,
Xck-KZiOi9ZWXG5hNuulLQ,49,-0.0015786634817283427
Xd4zuMFPSWcCsOQDXJBzWg,17,-0.0007789678675754619
Xd5Ev-U6n8mvx7TI6PPSyQ,6,-0.012869147659063622
Xdhw_8EubmL4N-E5pBzD_g,8,0.012096774193548387
XdipvXDdsYt_MDtTaMtXPA,54,0.0028875231684713687
XdmaLMJE44rg75TYlOACVw,10,0.0020833333333333333
XdwaaNJ9VyCdUjuIDe8j2Q,61,0.006672537596531633
XeDoDjvzfGAE3PUgqhcbZQ,22,-0.02413793103448276
XePE5tZHNhWoe8Z1plBiCg,22,-0.0012368583797155224
XeV1YkbYj5TtkSX69h_OHA,6,-0.1696969696969697
XedDigLerhoziGy6FQufbw,7,-0.0006975410764044865
Xep8MogF-JeF_MAp7Kamtg,4,
Xeqb2RxA3ApFCThIYOstQA,5,
Xf2bYD_gsKuWiGYZw2qsYg,14,-0.44582043343653255
XfDgchxycc8-Bt4fSOHryA,4,
XfffEIx41cPIP7lgGitJdQ,5,
Xffs0XzJD1feygtz2a0lWg,9,-0.0031632653061224483
XfxBlYGBEe9qBKN_6AA7Uw,18,0.006795761782974059
XgLrkmIqIrD_pl67lAovEQ,32,0.0022497187851518562
XgeH9lfiOYdnYbysP3NSOg,7,-0.008305647840531564
Xgjb_kURbGsSB6fmlvPMug,13,-0.007765335929892894
XgxPLbAJtHoyR2tBN9yCXw,25,-0.16943521594684388
XhdTyY6JKMFj29PEJx-zfw,57,-0.003785170776043138
XhoODVSS1ri5Mr6yUB7hWw,5,
XixKy4AoVb-sAljtEeKALw,13,-0.42637362637362636
XjT5SB3cAzPWKGdjf8MCyA,40,-0.0074292863499761394
Xj_DosaJMiWex1NFwdsFeQ,29,0.0006163539241199838
XjccdII27EzaSkmGMUtOLA,10,-0.00010497769224039876
Xjm9AUpS1_bVi5PjTF0K0w,12,-0.07402597402597405
XkJsE4AJJ95vctIkE5kRWg,22,-0.18217391304347827
XkWLvNeJWIQqNp2oX4XzKw,29,0.0035516791799667315
Xkdu_37aNqJxilh9XQSmEA,22,-0.12076923076923073
Xkn6vebYLTY1aCe2J07MfA,19,-0.3403508771929824
XlzZdJw7ZhRQcSUkRgr1HQ,7,0.004326923076923077
XmYOhiKZZUhOfpaP41Go5Q,13,0.001109739522936695
Xnpt4pJIa0phjPv4Oe6NJw,5,
XoG1lIHgjWE-1-YKaa4J7g,4,
XoWuFNzK_1THFPevPjNZTw,13,-0.008423130267790463
XoX8Erg2hrLdpqfIA468RA,13,-0.02857142857142857
XoYRjfl43dcBFTanwCuWJA,8,0.003342245989304814
XonebKJ3m0m3MTRpLlGGgw,12,-0.008659909011094261
Xp07B9mbfgqM8gyaj-bdEQ,39,-0.00551511758118701
XpQz8LfaxU_-epzBZ48s9Q,17,-0.01896392229417207
XpTNCVbO5wL1DtDyKzKqfA,68,0.004096834264432037
Xq-8-I0U8Artr7d70SjX-g,146,0.002272681278206139
XqAOGkO2HZBG0ft9c-u7tg,35,0.000427053862168366
XqIZUpO7iIrPqLWWm4JjSg,6,0.0011291779584462508
XqWebxpqQkIgetia5mskEQ,107,-0.0003826983030597238
Xr08bwIBEsaQr83aJKQbNg,29,0.000657894736842106
XrVPT0w1NKaoHDdQhEekjw,29,-0.030760434534019436
XraDlkcgikcaaMTJNJw2LQ,12,-0.0028326104275471363
XsMM7tc6V5U8WbIcCY-KVg,6,0.0070850202429149816
XsfuqDqw9eOaQ_2FCv5MuQ,66,-0.1426632111563618
XswkvtCnlcosB_8GXkI5lQ,7,-0.0246153846153846
XtJoVFG9YAVxwccgpJ-gZg,5,
XtQy3KXNigh0iGLh4Am3jA,5,
Xtw1Rpqj3IV-TKn19fIgpA,47,-0.0049415774099318445
XuO9tZt0mEJeawrrt0R52g,42,0.00300346402141395
XuYk49u-CBlB1wMNOPeL1A,7,-0.00026656793780081503
Xuppzuq-HxuzmT3fsGwP_g,9,-0.0033917181330363477
XvFImQnVmlZnSCE9X36Tcg,11,-0.0036875231395779337
XvV9B9Y4YfVVehSVkX6Ulg,76,0.004542146495997261
XvYw9f1onWLFSWLpw_uL2w,5,
XvwYDArF1MH8XLaww9bzlg,23,-0.0009516102444214658
Xw5taSuL2FhQI4clqq6F-g,89,0.009488117684395243
XwIN2RaaJEg8ztFWTAPqEQ,5,
XwJVx2d8wuWyyhehlcErDA,14,0.00739247311827957
XxO5wrWEiDRR9sEmnc1msA,5,
XxguP0h4uLdvymJd4NpKJw,4,
Xxl7s55xGYUvRhM2QWh7xA,7,-0.002945445231793734
Xxo58tuutnV2nPAvQwzSmQ,36,-0.0005302687315103663
Xxz8IhhHqrgwrty7ww4jDQ,6,-0.006164058795637745
Xy-UbIRcPfkX_v2opyunTg,5,
XylObKandNdgPcvqdbA64w,12,0.0016607081074847191
XyooQXUzZPRm_cJtVt8euQ,7,0.0010570824524312897
Xz3GX2UyIjZuXde86qy0Hw,39,0.0022984709131808993
Xzpm5E8JeFW8QSfDowksMQ,8,-0.0017717467258751662
Y-phVflbb6RjFCDPEH_DoA,49,-0.07660345999848908
Y-uMd9eYbFyFIS2QNn8IhQ,11,0.002677143030720317
Y-xCFPYXWd9Ig0R_ZTd9mA,60,0.004025339009217406
Y-yULogxoHo0X9qjx8U41w,16,-0.04415584415584415
Y0FAADX0gHBvUcnb2y8kwg,40,0.001208848893888265
Y0K_uIStPcNYGK0Mm9f4IQ,6,-0.00013564839934888768
Y0PniktyQwKSbiJait1qyA,5,
Y0Z13K5KquO0OT3TEuLmVQ,23,0.0032068654019873537
Y0iaciHFb9vZvMhl9bbIRQ,6,-1.4418480839287748e-18
Y1UY1YvFguPpr8EXYp1Cwg,11,0.0022829895603800163
Y1il7un36AYb_1ZU8AzUSQ,4,
Y2Xd0i9Yd6rTDghVBYiDLQ,47,-0.010117642915008277
Y2mVo-tSjuj3VYzzKmvrqw,28,-0.018432313954702018
Y2naFlnZH9wk-l5Ro0fReQ,12,-0.01248499399759904
Y46_nZxtCaFpOG1GrD9n2w,44,0.002271209491312965
Y4VVEMx5S7lRG3pZV0Emng,6,-0.0008385366183531318
Y5-BP4GZhmS-yGP-ZQdpwA,19,0.0009562069759169755
Y5S_AUSW8EjswVf9JAi-0w,52,-0.017613712357377284
Y5bhZvSbmRU5sO3aEzIR_w,12,0.034733893557422964
Y6ML0aSyZilx1VXYRrl7qA,8,-0.001127045479174945
Y6hYtsrbY77Gp5eRSLWblw,41,-0.005271540054148749
Y6rfocWCLDo4yCEBTrtKjQ,11,-2.8449502133712643e-05
Y7EalRsCafsApK5DcL_mTg,132,-0.025704185432920735
Y7GQz75azaE8yEyvzdcGkg,30,-0.004083473940757406
Y7asEgUrJc3W9vD7wxEnQg,41,-0.04280542986425339
Y7bpk83gKWgCmi7yKGTTug,24,0.0027256843331391963
Y8JqVTJ5xsLu3KzfIyRsXQ,10,-0.00040072129833700656
Y8frpWVw_dtheWSnIkRBmA,10,-0.01330049261083744
Y8gU_q-bGqMP0uJgCgdiBA,68,0.00195366299058365
Y93S8ZVnOhXQTkWZQEU5yg,49,-0.06800699300699302
Y96aX7yEyFan_zuQcl6BFA,7,-0.0002519596864501676
Y9X7ceuvElwbaeclIAumMw,6,0.0015742412157340162
Y9dpqyJ6WZTQ-3SBo27X5w,6,-0.002955665024630541
Y9q3d7sF2k4FOxSBBHdJKQ,11,-0.0010783298826777085
YA324HC-Utf4avnAD1UYAQ,22,4.281005180016262e-05
YA4OQvZFowHG4_78xis7sg,15,-0.07107843137254903
YA944yzY3kAjU0UTkZPw0w,67,0.0007323367773930977
YAD6P8EQK_3ZaqoBP5VBDA,5,
YAHtkgVQncpWBmJogOXkVQ,21,-0.00025158615299124954
YAT0yzBf4o96xJJiWVsgNg,12,-0.0016028851933480262
YAUUdbESr8BYQ_TFgDjT5Q,108,0.003489020564656675
YAYIiWShAU4R9z-xNUqVig,33,0.0011163274946256255
YBak8o0xCiNN4sXr3izLbg,109,-0.0681825334382376
YBjFuFJXKBKdsxx2TlQVPw,57,-0.017373461012311908
YC5nBPPvrl2qF1vhrPHFhQ,5,
YCFt3jhEJIHaXaKDOi8fYg,5,
YCJWgTik2VIBuCBHh5tLKw,4,
YCQ7T0IIggvI2Ed2q0PhvA,8,0.0008537522410996327
YC_zSOWxbHOs7rJDZzYP9Q,8,-0.00012963443090484867
YCxJQTkH6BPbYlWc1YDRdA,9,0.002494873547505127
YDFRwEUdvZNMBlXukCQGDg,30,0.007628294036061028
YDRFEj2R9Ua-c0j46HCTPQ,98,-0.005856830960779859
YDYrdg4nIRaJR7gO9JPHow,4,
YDisPepPeWeELiVGycxOlw,91,-0.0007833830093959606
YDlLWQ8Tu0FCIQxEWcaZGA,14,0.00034756590529584684
YE2sNvh9mOBQzPO6pWNnCA,18,0.0023521505376344087
YEPAyjUfqOuyO6PWOZvxBA,16,0.001259392972587213
YEQh4F5rDIQFKdUvSIVuWg,13,-0.0006639427987742596
YEefboFNzD6hS2ORNMa1Lg,5,
YFZEUO2lipPqQdWGqPWUew,16,0.004822043628013777
YG7qCDqFE_3EieWB_GQSlw,4,
YGVBacpj1YW4q69hlYKoVA,94,-0.008801333801333801
YHau-ky1o9hm1jare21Syw,42,-0.00047409483958073555
YHqsQGotZMlvBW5EdLepmw,6,-0.00030473511486169713
YI594HdujKJ6qV6_v7STCA,9,0.0026315789473684206
YIBqLXbVO_Ub77wSX9qAmg,13,-0.0005652858863868041
YIdYc6tQIFRJPNIaPBupYQ,34,-0.00031438452084940936
YJ4jzBFJU2EJhM-zatdLRQ,6,0.001607599561563756
YJB79vHnL-DPR1dBFjXTjQ,6,-2.4342745861732997e-05
YJQwEhva0bSCt3HfLiy9gA,14,0.0014574686322217447
YJS-kqID-DoVboE4fTEGlg,33,-0.0005786467054072689
YJU0Faf-5CR7CwfVicxROg,5,
YM-6t6cyFmv7fGGitRij3g,5,
YMgae4QWClowhR3ZE7oXiQ,22,0.0011255075232863626
YMhQIKOsqhc8y2cjgO-8EA,5,
YMoXwiXIst-pnTYwKgs0Nw,3,
YN4Kk751tmdvoarGo8z7_A,156,0.002481246124509883
YNl2JK7qqYyHqKc4bbKivg,34,-0.0020526643168152603
YNzyPt4RdhDGUDlwxFtTQQ,69,-0.0655312847093669
YO9Ycz_chfmoW4WI9Ou0ag,139,0.000614513301612374
YOjherH1QVBgRYgE4ElTJA,7,0.0006783436266072694
YOqnRHASr8ensibyqqFmSQ,12,0.00038469131053193707
YPLfRswyryjjW3VJa-SdaA,172,0.021453212841626993
YPXZROwDFVwusuOE4Wmvzg,10,-0.0031255955784257675
YPk1gZZGLpC51uFku2O4jA,7,0.0007809154344156989
YQ-BmAQ57pg4U3zTO9v8jw,22,0.0038923268679888915
YQD_Gm999Cthin64uLdOdA,23,0.0017120942336666207
YQJznniuBCKrD8LrYE1pYA,7,0.0017698077824660106
YR6iBlteQyBKHRkpenQ3OQ,9,-0.0024854574299312524
YRdJjCf9btLGKqBOZ6_NwQ,3,
YRuQmYciOL0UUZol-iLTNQ,8,0.004521824725460642
YRw-uBpdzRZngN6zzoC4WA,9,0.01238390092879257
YS18M5ox3x0tK6uulfydrw,13,-0.19411764705882353
YSQkA13M3dVSrWynCqybaA,31,-0.002086319477623826
YSSYgUjVz81AGZzykEAQcw,69,0.0015915119363395234
YS_1Q_G3yjAckM7k30rIVw,9,0.00025536261491317677
YS_z3EK7UHvM1hCvLVaBBw,5,
YSq-EslYR6q7_C6eqMtBrQ,9,-0.3166666666666667
YTNZzsHBX8pUVqdsDrT9Yg,43,-0.003130399301238772
YTQGRkfsuejgq8zRWY4-oQ,7,0.00042265426880811504
YUX8s4CD7NZ0N9I0ygi6hQ,19,-0.006065034709535989
YWI4lRnWY7-dFBAei7JAEQ,96,0.0018537631797300312
YWadWCZXRiNU1Q0XwOvyEw,5,
YWfOxkw6ZqMOsVm3hsv2ig,18,0.0015290519877675848
YWggYi31fmReeOQB1z2iww,14,0.0002669086638552285
YWlbmf70DcaPh6FGnuZhkA,53,-0.017538563139770744
YXTtLxhFjPP8IgB_iEEucg,22,-0.0013505578391074563
YXWgqs467UuxnrJP8bqyQQ,7,0.09880341880341882
YXqqSPG3M3-pnJW9FjQfWg,14,0.00031563165785528275
YY96Jfi26j5iF4aDICyRXg,5,
YYP6YG2G_hn7PiqjS3ji2A,34,-0.0011872444285130446
YYcgOI-I9QeJj1PJ60UwoA,5,
YYptLsyFiaBumtrXVtdi3g,8,-0.015726495726495728
YYtK_dks2-cBcdxmm_94sw,13,-0.010228091236494598
YZ1MEd2mVm-76n47w44pHw,12,-0.008914406587595375
YZIRZPmkM7EIkClsmPBeVg,22,0.0012598148365170515
YZK7wxr7pmkc9h2hRlpX0A,13,-0.0003554219741424551
YZPIEmUIRvDUL_HCyKL3CA,14,-0.002892390628239685
YZSXUZGjUohsYnKUytKzUA,26,-0.0005560433128475275
YZtPfTnsJiNxImIHKaRV3g,7,0.0005917229096362955
YZteQZSWaSw-eGjpnwCL6w,7,-0.008556149732620321
Y_1ck42KkUN3m7-gFDngBQ,18,0.00024113817217265494
Y_jeUnxSurAOMPp4Km2kCQ,6,-0.003807509254362771
Y_llIPQGEHFQ9Hl-gfPc1g,30,0.00030721275607307157
Y_mnprcwyrxn_naoAVD1qQ,5,
Y_ro3_6QWVJM7VfgGTmYnA,5,
YaLKDgS_zIYIm6jkXWCxgA,129,-0.006893218604298548
YajautTNwCHcMFKmSkabcg,95,0.006050041017227235
Yasm3ffhqPjIPXLWKJ_Wfg,10,-0.0018928584329733049
YavrzZ3UjVtUzVIlAH0S-g,5,
YbpNzwI5iBvsBDwdwc9Mmg,5,
YcbICqp_TlaxNx7gIkRSzw,90,-0.011099847624148066
YcjTnHvyt_oMkfk5FAg8nQ,25,0.0033290692477228236
YcpaOS-DMjhezJodA0rf-A,4,
YcuPwERZuS7_WcQBb_btdQ,16,-0.0008599508599508597
YdFwLmK3Ag_np1H1YVT58g,8,-0.07402597402597402
YdZb7z6aNoL6R7oIbaVNvg,55,-0.12241820768136558
Ydo8zFl1PaO--g5zwyVyVg,19,-0.10193850267379678
YdsPB-Wl4CEo56qaFTTlGQ,53,0.02361751152073733
Ye0slMJ56gXMZChM9mU6QA,10,-0.008643457382953183
YeCf4BQ225HZSUW9imhaGQ,11,-0.04887218045112782
YehrqbbORUjI8hbtk9jFDw,10,-0.0015766860060781004
Yfc9dSHTLO_RCGzJcUMiKg,62,-0.014502700605771239
YfpYeJv6S3OpYy5EsZi-0Q,9,0.021978021978021973
YgGk7azFlSPdk-IZ_BFiFQ,9,-0.003710407239819004
YgngCm6a1lOiyPp0HE437g,8,0.00011235175351347061
Yh4yCF2cjDVr2LSuphgrXQ,7,-4.5343476837040694e-05
YhRL2xPS-y2h90D2L4jKBQ,52,-0.00034083162917518725
Yi3GhaguYigGhtu_ckjaUQ,5,
YiEBSn8VWhnj79igNkShQw,13,0.0013300753205531903
YiF1GVo1E6pvwzcjZNIvlg,8,-0.0011760391507226948
YiS4cHUiwLiK0enXRZX-Hg,17,-0.0031760435571687837
YinVjl_e8croGmeUK8hRkA,6,0.001543873363298808
Yj3r1lewEi8U3jjoEsfZ1w,24,0.0017546652254226557
YjW9E8SRBNNxdEdWf4ZjgQ,8,-0.004273504273504271
Yjl8zvY3uujvpbKMXWOpXQ,59,0.002138382892936856
Yk62SB_HISNsv85CDbVkKg,6,-0.00038107214648413335
YkAhDcLnFS_hlCt4wp0OJw,5,
YklJC4Lt2rMGfV8JfrTtuw,7,0.0045045045045045045
YktkVafPoIrYiKZpC0--bQ,13,-0.00029502228359801625
Yl4Am6NhqWo_YMmo1SyU5A,5,
YlaS_HO1KG7dHKqaBgeFoA,12,-0.008494834798941347
Yle2_bVkAv3ahUenS2KPEw,5,
YlqtquW-0jrHzj4xo4HrPQ,7,0.0022132796780684103
Ym7pNybjFDqlazSdtgQi0A,11,0.0014969218924000658
Yn9hrBk1oNF-kszkMATFbw,4,
Yn9zJfQ6ejsj6UFcLBdVXA,3,
YnB6Cr43FzE7uJysmxTfkw,28,0.0029589828810685868
YnKBXCCp2bORMz3pKqqMkQ,4,
YnVSWZgrwvv6EHckS8fCYw,27,-0.02299668089141774
YnnzGperIwASelPawAUh3w,6,-0.005762304921968786
YoD2cYIACaunSwKSy_G-OQ,13,4.370629370629402e-05
YoJ_0W9dTX5cVzLI9oihzg,14,-0.024072655651603016
YoKhdgVLEqNPsZ9tBdXqlQ,8,0.00013149589732800305
YoVikPR6vpI4EENh1THXlA,13,0.0012391397236860844
YpUowEOcZNehoBv0lxqlpA,7,0.006816436251920124
YpV0DniZQKnG6mWVVl-TSw,12,-0.16783216783216784
YqVGfM1gx4DmIzxFXPLSaQ,43,-0.002398864972837755
YqmClmk7oLcDzPWKHzgA-Q,156,-0.011216478246567756
Yr5l7ClItsGW7Xi-u865cg,10,9.285938630870276e-05
YrHkfX3Rngx4ZTR04wb9bA,52,-0.007690089397289242
YrWSeVoYO1G0SJ2ZXW-Iaw,5,
Yra4YGXmiHv7My5MZ8fjOw,14,-0.0019387755102040812
YrbQ_OrRo-TYHnVw5y4Kew,30,0.0023158467385473265
YsAe4frGGdiN-1f4-rxGkw,20,0.0008690866375875865
YsM1qDjivZvf-T7BUxS35A,17,0.002178389185640536
Yt9NW4fyODFipz33R22cfA,7,-0.0017739074342847932
YtKb_4jugA6VQaTxtQv5nA,12,-0.03399209486166008
YtMgMdZfjlK6ogDIGiOJSw,12,0.00028677163418864106
YtSqYv1Q_pOltsVPSx54SA,135,0.006269051229167256
Ytr6wJ0Y6SXOgM0ea9RSXQ,96,0.00040391811578252193
Ytvg9u3vscS7Cviyu1VVwg,17,0.001743864909650438
Yu401DtSmkXpJhgXnQcFrg,141,0.010656827481010432
Yu8S-WSQJ0SX5oOHGE1reQ,40,-0.0022432467143285242
YuIpYKTjj2HRcsdMX7QCww,17,0.001178374958911926
YuYvesXrRf1PSp37a5IwUw,114,-0.0011721729854439682
Yu_QofgDAjn__QsMi5Wudg,80,-0.05179457892193471
Yup2oUK2tKI2vvHo3kmscA,6,0.002352941176470589
Yuwn7udUEvLiOsTpJHQkQA,6,-0.020639834881320953
Yv8SFSgQG1tXbrCnuQP6bA,14,-0.0013736440907507965
YvAxHHI9Fkatv-NTnbmKkQ,13,-0.016805978831295285
YvPNkMeeKmilYrGW-Akuuw,34,-0.08176100628930817
YvSECK1Zi0cOYx8p1wZILw,15,0.0006627144241823142
YvXc-eHfs1FutFFw31kz7w,22,0.0005022784274719864
Yw-kPf-QH1uxpXdjmbFRgw,58,0.00022880345460990587
Yw4lUn9w3t1q7hVV8k0rEg,28,0.010336204501250348
YwpuLk-02mYO76h_hktm7w,8,-0.00202429149797571
YxQUHb9b4mREta5_Q012iA,13,-0.08949096880131362
Yy-7WGiJtGPfh8zNJyP-SA,19,0.00048063058733057763
Yy0KpwICBd3V7u99QQtskA,22,-0.0030583036754062327
YyyvB_walKJdHZupmSruzw,15,-0.0011236583184257617
Yz0fJyBkUF8VZBvwFswkRQ,27,-0.06585094549499443
Yz6c08SJTUOyjM2kIk4piw,45,-0.015357275083302481
YzLoOyrhwDP4Z_mAPC0VTQ,35,-0.008064316635745208
YzluF3FNGjnW-tOrLZt8JA,133,-0.027798771846953233
YzqhsKFVEV1O2IYfcAnIgw,17,-0.014777327935222675
Yzt4yT4-4_Qg5NOsCOrwHw,5,
Z-jOXWIaHaP1KG0cLXTkLA,21,0.00075007500750075
Z-tqtgCNUEzHPdbE7NTPuA,4,
Z09sEigZt5MksIqRt6x7jA,7,0.002448979591836735
Z0U0sPwogMRdbhNZzx2wgw,9,-0.5279720279720281
Z0UWSWLszjuDn3bpdGVMbw,41,-0.0343891402714932
Z0p3OnRPCUTkihBS_U87Sg,7,0.001617612246508325
Z1Dr-V0YyAupniwGSQ1n3w,21,0.0027477034120734914
Z1ejnGgj_TAg0qUSSMEMQQ,9,-0.0012645249487354742
Z2Dh3nBT7bGIS2IVoV2zAw,7,0.0008399734907448792
Z2JzC1z0D5PnGeJNyLG46g,5,
Z2Y5YA5JhP0ehvOAoyHJUg,7,0.013276434329065908
Z2eNK-urdPVr0a1n0TSz3A,30,0.007651828847481018
Z2hjANoopPaPIut7h1hADQ,38,0.013353734872722215
Z2lPPepL10Mb13Ztw4IDEA,50,0.0022080981376950094
Z3nM2-WjfX5CMWqdZ8n5Dg,85,-0.0017623243629435576
Z4-e40Yj68w_-XaNTp62LA,8,0.0004798457719236594
Z42S0SAx2WJ43qD7hhvzsA,5,
Z4Bg-Z-_ld2onuMdbOvv6A,11,0.0007135575942915391
Z4vlztrocJo9WWcL5TFeBA,7,-0.0007207981891526194
Z5-ih_QEZF4H-Aqn-tcYQw,5,
Z5b1Me1YBZGQAxIx62vmqg,67,-0.08827880979779715
Z5po0aTuzKKblek5y6Sp8Q,71,-0.1098259903739356
Z5rqRyZ4-iEBRVXCRbysfA,80,-0.009833024118738404
Z69P_L-gUbZpa6SQ57RuGg,48,-0.0009690290997765301
Z69f5DLAgRvn528Y61WEIg,15,0.0017857142857142857
Z6WntA-h-vBAQ3Xoe2Xy6Q,35,-0.002672807431900488
Z6ksQ8Hwlb44vC0M2MThXw,11,-0.010294117647058823
Z7IyPy4sBA-754VzvNNcTg,11,-0.0005622544370681479
Z7duGqAsE3HLi22TYCEp4w,11,-0.06677613574165298
Z7wXqTLTxSXazmoyxwYwhw,7,0.0005183495749533486
Z8qGOmU8YxDjLPBbrz84Yw,132,0.00172096408236654
Z8uwE4woiskwAWLyPTs5lw,98,0.004848662944460767
Z9QsWMsrvOyvF77k5YYuzg,5,
ZAMybVR3hls1b2G8mi4iiw,21,0.0011217948717948717
ZAPCUuZBUKbhLF5tiyxDig,84,0.0013896956968586628
ZAycDVJeQ1QwGVTLROCKlA,4,
ZBaetx-wjXvQVzfB_OnASQ,2,
ZC56RwFrkVSM7FMzsUf63w,5,
ZCDMf4j6U4VxnNgPzJdeFA,5,
ZCfhzELrF9yahqQIJH3DSw,7,0.0010060362173038228
ZCj5o6j6_0JjGOe04WoLsg,59,-0.0906778033794163
ZCtezvOMjgpfrM4sxEhwXg,12,-0.0015448161011471081
ZCxi49hVqS3zVUkRLoEwdA,89,0.008799681289838771
ZCyRHFSAAgoC7d1u3MHg2g,17,0.0015238492850433156
ZCzLoEwGR7M1sNxgHmlP0w,11,-0.0020960806374551114
ZDdNEwBENLXBT3jjQD5STQ,141,0.014452197875461132
ZE3aoHsFnTmerDHKbEg4rA,12,-0.0012304284967239846
ZEaq54Katl70R1QK4Evd0A,17,-0.0005001389274798557
ZEhjngDrFHB15WEArU4p1g,14,0.0023179965055329073
ZEoct1bFEAwgE9NDFGZ7kA,22,0.0011637217744087974
ZErQImneQAZJMFBymcKL7w,8,-9.054615796188824e-05
ZF0tt7hn6WK3-aNWgtLcFA,169,0.024017082461105187
ZForVw2ZTiwDGfZ0XvZsXQ,40,-0.15851140456182472
ZFpJ-BvA1riQgzvW29JyiQ,34,-0.0008798305258482251
ZFr7_g4Jp1yhwkUeHzqSWQ,38,-0.01809954751131222
ZG8r_SUVZgruFtjm4SbGJg,11,-0.0001347487814023248
ZG9mVw-YfoyyKVEfDF_qpQ,62,0.0019226176259851929
ZGChyjzwb_buWTT6Wg-q7g,73,-0.008127721335268505
ZGH8MzJa7Q7iIpmtzBAJAQ,166,0.02280039281267845
ZH-9EoqgN8teKNMuLu434w,36,0.0025951240203214033
ZH41CKIlAZrrQD-DMV2TWA,143,-0.003913487404948506
ZHK-GmldSu_BSFfbpVKL_Q,24,-0.013205282112845136
ZHXWdMiqsi3HwkLmSi_WgQ,35,0.012587930396149576
ZHYOgSeOUaJCy0PQ5tig-w,29,-5.373775973250522e-05
ZHmRENQg4r1CfzRGIQENkg,5,
ZI8RohniCgda_lLBemR5gA,48,-0.0011300189672214358
ZIn95Xct-BCBJm8rrfRBXw,42,-0.009046917736166634
ZJGo8ch9AGkl63hdbgeEkA,37,0.029602220166512483
ZJdMr7bF__e1mmfhUHxhcA,10,-7.916268497209513e-05
ZJk8hUc7VFwtgP98iNSQIA,10,0.0013278855975485187
ZJnYhFYxCdhySPh7bjVzmw,8,-5.214490774254466e-19
ZKPrXH_GNW_AtZ31tP3NmA,179,0.05225755643891097
ZKnzTLxLFkMmipKcvC8FrQ,43,-0.008243326229093668
ZLKLshuZ2HcwbPDpb3l-AQ,115,0.007997160406185377
ZLPiilFRZQ8akYTpoC2O2w,23,-0.0010914159478224283
ZLjUCF2UaML7S5pSmn5BKg,15,0.09068627450980392
ZMJz4ekxrcZdhBcnK4B_6g,18,-0.07586206896551724
ZMYMMyrtgl17j0qyfdKt_g,21,0.006569900687547746
ZMed2YHPduN6mbQUXMIaUw,7,-0.008547008547008548
ZMejgg0By-DI2wyQWezBbQ,91,-0.0627028735435815
ZNPnBdUeGF93-d9BwVmPEA,6,-0.00019058509624547356
ZNSvj373MyzTbYJl3iNt7g,6,-0.006244343891402716
ZNW2cB5dSRUrLHVvXQ059g,8,0.001219744615971031
ZNWox30LIv7hV5k5YP8tCQ,91,-0.03966220151426907
ZN_3BYWNWJF3Hb81Vs82dQ,7,0.000973393900064893
ZNiwfEFDwzjA7r8EOTiW-w,16,-0.0009279964221824687
ZNlTghz93wixdR-ixvXyAQ,28,-0.035093582887700536
ZPFdJgzPjEUM6BoFfoV-ZA,132,0.008003237806558282
ZPjokVSTWDyRMWxaW7z_9A,68,0.0014168143079282003
ZPrw52pIvcF3walP8nwXJw,9,-0.0017914999047074522
ZPx5jZclnGvijR8ULhjuwg,8,0.0014194760463417176
ZQc59L8dyfBi4vZqodBKGA,14,-0.30461538461538457
ZQc6EvnfQXtIK-8w-d0N5Q,31,-0.7495967741935484
ZQlHbQTrDTTEZdWjf6nsNg,42,0.0006644776539311539
ZRCY1Y3V4ikJs8K7yZ554A,83,0.0037335880277104177
ZRFj7Yjj3GRXTHsXDktOzw,8,-0.0021141649048625807
ZRb203peHsQKibqyKqZaGg,111,6.277069863787608e-05
ZSO7isM9z-BkHP0kyE7Tzg,4,
ZSaKeh2-3U9BiMMqZA0z9Q,67,-0.011570808464460116
ZSsXld7GD5pahxHB3HG4GA,7,-0.0022712524334847503
ZT8ZBNvjV6OVheYOZcT10w,8,-0.00030612244897959166
ZTD_xSBxv07aa5fFsYwTEA,11,-0.0011415632812868527
ZTFpUHP8c49fmvmonugO2g,7,0.0004262811602261145
ZTZjoR3oK0HQLct8sWGUkA,32,0.006898573382841509
ZThYcKd99sKmxTkSADjlkw,8,-0.005494505494505492
ZU0uAVRAACXmpy646M-8yQ,17,0.014285714285714287
ZU6toRfw0VY-oSe86qJGKQ,22,0.00010306409556102937
ZUI1uvefVj94JLE1kIfAmA,12,5.7620282339383624e-05
ZUTtU6qn1UQwzJbee25Clg,8,-0.00016625941506914839
ZUVoVyh4wWEkkAOMJCcM-g,4,
ZUmYjX2-kfyNjaSTSd224A,10,0.0003550389227856085
ZUp2DI8r1ro5iY3ldR6x6w,98,-0.001626593413376956
ZVUp47GWQ0iVRVm-dqi65A,6,0.002266374556168316
ZVjNax0O1qixmtZJ11jpkg,74,-0.029374952384061993
ZVkrLNK2Z6zSeCn4U9A7rg,20,8.884697134343457e-05
ZVrOGpZe5usRbdxxtmxHoQ,111,0.001487700237661656
ZVu9TDpTvIgCN8x6IY-KmA,117,0.004686391849108378
ZVvXJd-XkKO8f5D5y2gl5g,10,0.0005268140099600777
ZVw7toJMOG7Dm6S1JlOOhQ,18,0.0006053647844692614
ZW9pV3iebmduUHl-hP9D_g,4,
ZWYup7u2YhhY2JeZNSuESg,22,-0.0009348326784988482
ZX832RgoWIEaJ9TWAVK3Hg,5,
ZXXCgGKY1z1An65yvAQ5dw,19,-0.14224751066856328
ZXXPrUFKtF83nJEc-fJbDw,7,-0.004010695187165774
ZX_vkr2NmX2_VO8MSQapng,26,0.00031925827119459445
ZY5L2t9f3uoPh9zosE4OPQ,12,-0.017647058823529415
ZYRul0i1bhOjirHED6Kd0w,68,-0.036447136994332614
ZZTJCY44LuvYqfafnUq1Nw,7,-0.0012072434607645873
ZZeW-9eJ-QjB2dpA1WKleg,51,0.0021851526680323865
ZaqQ-iU_Axwp8w8OptKgWw,5,
ZbBLdIlFsbVnbQoLUwmkEw,5,
ZbwNvz9TYU_ePG7ZmaAzMw,3,
Zc5KhfYODgRQWBi8JA7nbQ,13,-0.006053647844692621
ZcR-DlAbLmM5WQkNTOi0nA,4,
ZcoFKz51qDVS5xET5RxcwQ,7,-0.00018577267141101498
ZcyU_eLX6XvlMG7fumzKoQ,9,0.0014860139860139862
Zd5jCPHfDYlM0cbsMdkgaw,6,-0.0008794215360562834
ZdMr2rrZAYfPVewtd29ifw,57,-0.05619455171693977
ZdbGLJwrZ-gSAjiLfkECsQ,6,0.007563959955506117
ZdeOc4WckE7jnF-eT-C8OQ,8,-0.00035027311389493804
ZewrmVIdr77Kinj-njv6RQ,103,-0.055485557978080406
ZfAILO2iad90fCDtratcKg,89,-0.02059535678678251
ZfTKaJXHHA7YAKUGeEIcYw,21,0.013273400317292437
ZfUvZC7f3nuDNRNyVISumw,23,0.003736561945517171
Zh8X1au_crT9jBs2LlPb2Q,40,-0.10853658536585366
ZhAPdzBxhvvNInbhEPZ6jw,30,-0.005360322791515456
ZhEFPPLta5dBxUKnyqMF3Q,17,-0.09740259740259741
ZhJFchXszw-FflEylvjjyw,24,0.000294930875576037
ZijcWgADCYVwLOOGPkd3tw,22,0.0002409119799889283
Ziz72ECTl_7Rx_BdpRoxMA,12,-0.0016173995371344411
Zj191m1XJiv7u_7jQZlBeg,4,
ZjY66xNmxOtrSJPgXpleYw,51,-0.0016754718390053578
Zjg5nixJ-sTr9B6tsDzClw,90,0.004362135326602331
Zk970x5qnRNgDznVKMNZZA,7,-0.039285714285714285
ZkLdxMHuzp9_LGPoiQ4dVA,9,0.007035647279549718
Zk_GdMMPgEfKUECCxAxvwQ,7,-0.34523809523809523
Zkak6zxCokmPYt-BOmE6Fg,5,
Zktgz9q-MGVxzQ-vRHebGg,44,0.005481380081555535
Zl8jd_gzZduzMLN4_vUjLw,14,-0.00040515355319666084
ZlX3l2TMlgU7TlomVsE1Pw,15,-0.0036752050217677434
Zm0rXfbdXHMuj1NR4tr8zg,13,0.024703557312252964
Zm3Cq5pv4BelBgrnSPEdzQ,9,-0.03153846153846154
Zmh2_OjtPX4fmoDI151jEQ,46,-0.035970279720279726
ZnNWcav76M-sKEm7xiZaQw,8,-0.007337526205450735
Zo4JTq141zH5ggZqX7A7bA,26,0.001551297983039506
Zofb78HMkCfyQ8S1jCmT9A,12,-0.11538461538461539
ZouQy3WfscGm1d1zrWdqsg,6,0.0010849568375866788
ZpDEotka4TLUKn4V2LXMew,18,0.0025231910946196664
ZpHSMgEoV3fdyYbl8d8gZg,5,
Zpaf7JKJ7Z1F7bcpKnBBNg,4,
ZpgVL2z1kgRi954c9m9INw,70,0.0004775771694816552
Zq3rnDND8yzpoqdcabFThQ,7,-0.0001049494143822676
ZqBwsiBlMqiMTSjlXAenMA,18,-0.008055180397453211
ZqGYaqGmHqoqFdUI3WvNFg,9,0.0012645249487354753
ZqJYkKpu8CmAhxqXFZMu2Q,8,-0.0002250622940278112
ZqTx8mLynWWm8F2PPCPmAA,51,-0.0004135679303464537
Zqd_DHAtrdzRJ8u3zwrvEA,162,0.024690998656515913
ZrELIjB9mi7IkvGyFdIpNQ,6,-0.0024854574299312537
ZrOnpyKDPAaV61qZie2RWQ,25,-0.0027426780291899306
ZrkPvgCKxS_vBhYr8l-ZXw,12,-0.001456310679611651
ZrkdPWQicriMCcDVDX0dCA,14,0.001646278590176228
ZsA6o-uK1984HaEdP_qO-A,31,-0.1734877734877735
ZsSsyknkpARZUrD6rRH27A,12,-0.10837438423645321
ZsU4UDadMyXVH45YGn1dTg,7,0.0010849568375866786
ZsnasqY3YhRf_g2OmlTtoA,34,-0.0036426752023082315
ZtjQub4hsEbltiofZyllRA,38,-0.002550081497449919
ZuGviUbyXpaEZnZ7w2IHyA,17,-0.0198340679284418
Zv-qQ9rNqF515gxzxkVZHQ,5,
ZvOZCvLeAKGFzwnyu1aeKw,49,-0.0014961757232590837
ZvTO3e9VRH4MCU9AraAK8A,13,0.0045636756090040075
Zv_42lh9tJzyH65l6PVQjA,16,0.003495376043131135
Zvm8Z_wo8mVcP0tH2AwxdQ,12,0.006730351715154147
ZwCvURKz4l5OBp5trIR02A,74,-0.0634175950631647
ZwQOSw8V0Xp8r0FjNdU78Q,2,
Zwbhs3QWQWrpnkHW4TS-LA,21,-0.0018385544070070234
Zwyimxd54QZ_2cykFDJ_VA,25,-0.05525401650021711
Zxi0AGG2Dh-SeqHEMtuUYg,7,-0.8166666666666667
ZxiXWCu5L1rGEXDz8NR5PQ,6,-0.03611971104231167
Zxr0o83EgGQcf6wnS7dUXw,54,0.0061601500104173906
Zy5IZ-3C8s4iHw55LPkKVQ,104,-0.005196616047994001
ZyDCgfTgmfS8R0yjdV1cjg,22,0.0721774193548387
ZyM2QfGnMqQvY2SuHeE9OQ,11,-0.0013954561180947987
ZynowAYBV6-mBBJb7dWN8w,21,0.00248678641582795
ZyyExneJPXjci7yc2CGAPQ,44,-0.013676432460461503
ZzFKPTk9zdsY-YgW3_sPPg,9,0.05189255189255189
ZzHq3-gBQtHsy9lZg2sy-Q,8,0.003950975649088857
ZzWhjzj-BRFjtgGjdvGglw,15,-0.014414414414414415
_-MEpxe4XRNxYL4T67YRSg,5,
_-Wlo1MmNd74dqMVXiu-HA,28,-0.0015673981191222583
_-XpHIzBYNzEdNHX72l0Vw,7,0.023735810113519093
_-qMwuEFcz_karr9xRxKYw,12,-0.028724216959511075
_-wIHIzRdvqPQlzTu8oVSQ,6,0.005131964809384164
_05DcCQmCP5aGnfCnI4r9Q,104,0.0018480119243049215
_0JDs_1DLtLH5XppCbSk_A,25,0.013413506012950974
_17mPclvO7AGufoCZoFuqQ,10,-0.0028076021226706156
_1Pid2TAS7REGzTMa2tMRg,18,-0.0031547399968452593
_1erJ4alN71jOjeoThCfxg,18,-0.014285714285714287
_1itCzaA3bDVdPSwNCNPtA,34,0.004415584415584416
_1rB4ggX8rhCPHmqqYnltw,9,3.7195568577183665e-05
_27BIQa1uBaqx9deGt6iow,41,-0.002941683919944791
_2BPnrpByKEPgHDlpfpQfA,17,0.0025939819618485123
_2K8CZTDvIHa80wJ6CjxEg,5,
_2QdM7o6rlhUeAeAEdN4MQ,20,0.0017967754030746158
_34KJPR-T0HP9USJw1nCfw,107,-0.01778026446168039
_3F4-hH5zhJJDTyvzNlDcg,18,0.0020817397825271845
_3NZVCWeyFZ1_vWqi2avjw,124,0.001529682799412229
_3SJZnJN4wT8yr4DVNNqDA,34,-0.01337613697164259
_3j8rQHUviV55AqsSSzK2w,32,-0.0037213338943824963
_3su-am_oQzuvqfaausJ0A,9,-0.002187829187261972
_4E8aECY-679SxLH4R0Z3g,5,
_5YKKrnxZ60H_VqtX3k-jw,24,-0.015406162464985993
_5cmcdvqnfVCkMnqVJQtXw,17,-0.0015646023142275012
_5j1jqZfayk8QiOdpclF1Q,12,0.00013413816230717666
_5pT2HdDs9rKiIYvO_csCA,9,0.007333842627960274
_61CLj2WP5jA6X3SDDlrrg,22,-0.047773279352226736
_6SXM4fJM7DtMy-ySEYlmg,18,-0.0033766233766233766
_7V_3b2dSSVIXqVMJwGmoQ,45,-0.0012961116650049849
_7_ZYh1lQkVvmogQyn4HAw,8,0.0008048289738430581
_7b9HAH2lJoeLfHTldZ9hA,9,-0.0013017917133258665
_7txbYafymgB-xqbsdWJjA,17,-0.009722582317863625
_7wNcARcLtZWDeurAa6H5g,14,-0.001708121066826491
_88ao0DzRuxYjU-Hp2G05Q,11,0.0012768130745658835
_8QkK3WwGxNnn54Q1VTTcA,6,0.001355013550135501
_8SSuIhSyhsVl8p9CsLGCQ,57,-0.006807928913192068
_8Wq8lh2uJoMTftYtNAC3w,15,-0.02579979360165119
_8fsFNmqNmsPTd1tkCHLzQ,10,-0.0023118881624101433
_8mrg8d1KWWND8fMAQVqRQ,12,0.004926108374384235
_9_aqbw4ak8qFskzxHxrpQ,33,-0.0022084195997239472
_9nynjP2Fkv-K-wo4PWjQg,6,0.0008293224731580896
_9uiGqy52H8Fx6OY3TwSog,16,0.0001281868679675258
_9x1oSQghxEPuUeb5NPShw,94,-0.0016048375285083593
_A4JgqZzr3rUsMgHfKer7Q,7,-0.010526315789473684
_A8fAPebeoESxaDHbL2Z6w,14,-0.0002430921319179964
_AGmdAQxIjHiqMFCZC-Uaw,10,0.0009250693802035151
_AQEYAyi0o6ML7yuSpQcOw,11,-0.012680756395995554
_AVG0GvrMfBRK5jyuwSwrg,13,0.019704433497536953
_Ak8OUmD5jJc8BpP2nfIPg,18,-0.0696329254727475
_B8Vey_acNLE_uqGfwp49Q,28,-0.036382789077060204
_BEP3GuBR4TvxedLOQd6JA,9,0.003312110103543636
_BTdfZLpjdkdXwA-JuLwhw,21,-8.562010360032541e-06
_Bde2pfPu-Uq9wlQhGhjEQ,46,0.002645661201250055
_CE0H6_o415IAk3laMrBjw,41,-0.006388392069929715
_CEpmc2aKLfPapq-MQ6ZdA,6,-0.0010514959920250172
_Cqhs1ajez0yXle5Ms0mrg,10,-0.02666666666666667
_E36cX65LDxKlxdS1Exp3g,16,-0.0010549331650249079
_EZHPW0PczhF6yCoApiNNg,15,-0.0038159111933395006
_EkKoNEH0uIZ-h9kWjdhVQ,15,-0.08157894736842104
_EqPFlfEGFW17wSApMbk8w,16,-0.08469791078486733
_F--b6N6pz_sftwptAeeIA,33,-0.0010035765760956596
_F0tnw3UMFPmSYJHhGaGRw,7,0.0011830274988169724
_FT7g3fRJu_hpAGabBnHLg,6,-0.0021921812203142123
_FUE9ZOqNTiDmgP2LGPGdw,6,0.08241758241758243
_FlhRk9KjdXyE0sLxUdEBQ,17,-0.16165413533834588
_GOQVrQcRlLsNk-RbpO7oQ,13,-0.006327425195349724
_GameVII8zP9Ymtr7OePgQ,26,-0.013144749986855248
_Go8vDRuwqa2d8uIDsLnog,14,0.004926108374384239
_HOZ9tfaB0v1C8OsNSo1CA,23,-0.08024193548387096
_HjSeGPK9XTL5SWK-zbHOA,8,0.0010946907498631635
_HmfdCdYfLt23rj7myCSdQ,9,0.00627177700348432
_IBAkhxgAn89aIdrXEoafg,7,-0.006482593037214887
_IBNFK1vn-zy8mto_Kh5Tw,5,
_ID5OUL42plmejjTAr-CzQ,5,
_IMYHwq1YIkuyliJVivpAA,23,0.008198020499454051
_IYHl6J9iB3lbeJq27pbsg,7,-0.0026794258373205736
_JDHCMJJ_f2qsBWBUyAi9w,14,0.00200396618307066
_Jt0FTNdeQTWCGuAPrJXRg,20,-0.02082551594746717
_L6F7nbjVNTPDUjl94b_eA,40,-0.017124542124542126
_LOJW0XkOpj4O348GVRDeQ,125,-0.04239171836600523
_LtJsAcsygWR54vxvmChEw,21,-0.00953350610884857
_LyMQFlhNLiXGElj1A-KEA,15,-0.00016412521261675267
_M5y9Xx9ycT5vXzj4GhbtA,14,-0.03315508021390374
_MU-PDD75XolYe0BKcIiVA,41,0.0015167920548098649
_MWECHurycXN4TW4rQSJNA,10,0.0018250764210444852
_Mf6thZ3iq30UP8tnkYeRg,6,-0.005778717406624384
_NE7equAM7Pke_fNqySumw,8,0.0037017451084082487
_NQ07fzmI-75Yk5GUVnp0w,20,-0.001956901572510192
_NlrbmLTe929D4NbXh3WWg,13,0.0003160026312055824
_Nu9EcQxblQc-HHsTd7C3Q,15,0.0007572951393176109
_OScyXrme3hW0I0eAv0yOQ,48,-0.025439594086256675
_O_KBH1MStcUkS1xk5pxsg,46,0.0031176746366619787
_Oc45lJFBcTK4nFEV3W_tA,18,-0.003931544865864939
_OgwyI_0mGs620_ZfKgzbg,147,0.009964976223696582
_PQzeo8P2sGczzFEifrK-Q,96,-0.003348125230735513
_PdmupHWKJrvVMgDu9I9nQ,13,0.0012581621277273451
_PundYs-vjo7ELl8lh264A,34,0.006803736086658111
_PvljXZHQlUmL8SuOXF8ug,158,-6.027831358500913e-05
_Q-LbdtbUdP7uQuQ5CNjgg,58,0.00469309768330547
_Q3XmBesceFqn9Dk-w6tlA,87,-0.019490983935629428
_QqLPONYQiUu3u7VsbYhQg,20,0.003995052566481138
_QvnHaiUSpf3NoEy8nv8iA,13,0.0017727784026996625
_QzlIe0DdxSHBJtbPvNG2A,60,-0.0036578564335559734
_RGH0PIjwMoFaYUm2P5dKQ,7,-0.00017614043467876754
_RK29S6rmOUG8yahuHYpiQ,58,-0.036914042725523934
_RRGOrzVgsEE4MlHHZE6iQ,24,-0.0011861353951588102
_RS9siA3jqE18TsBDKDDew,11,-0.000991042500476463
_RTFBSlmluADfvdU4hw3_w,26,0.0005552954319557738
_Re2IwkeFUqUsPMRZK8jng,28,-0.0717802823065981
_RwlMTw9uFeOkfX9Ctf1HA,102,0.017821991001124856
_S8sq_5sEINlTjlY8Kuo_w,32,-0.001832607300386459
_SI5c972vgc9q4fQQ4CnhQ,16,0.004765395894428153
_SUBeKkT-JwivJtC6f1Etw,8,-0.02246941045606229
_SeA5zYpueTRr8ALSv2lfw,25,-0.013443273144765679
_T0cPZE2ZJOTTlYYKMP64Q,55,0.002370474197903676
_TazuLCE8YDVK2JIj2SCYw,13,-0.0010883642972975927
_TpBAJ-ZYQjkJ47qYOkKwg,5,
_UOg5_pk9IhKee91eWrT4A,163,0.024274518584863417
_UqJySZJOiZs4ifHNP1cgQ,5,
_UqbqUREVLgjYu0s06HWJg,13,0.001959845832178754
_V1dR3zNmwBmud3eHXfjqg,5,
_V6hl1oGkTV2KbGeax_HPA,173,0.024832265645729885
_VKfuz0s7kp55lpF5cmgOw,6,-0.007340485601355169
_VQbAFHvYi50fJbfxlY6Yw,5,
_WxO_7bJmeeKF-wCcvgeFQ,5,
_XM7-X5Lc-e_T1S71ri-GA,44,0.0006465381959701213
_XV_ug_IUiJrGfMiJUqz-Q,9,-0.015384615384615387
_XqG090bh8QAELm4GvN4iQ,18,0.000219008882782637
_XtUZuRLeTu-TqUjfF_OsQ,5,
_Y_LQoLF7zS8U7nAs0dz4Q,14,-0.00030643513789581215
_YdvkXME0h2PNqP8yyA7Jg,4,
_YkEJDR2wr23_ATOd7H3eA,5,
_ZS80gcXF63IXRBMtkaixw,8,-0.0016188714153561508
__Ld2XsuPMHjo5uzLF0sXQ,60,-0.0044262853251617286
___UdvaxCnwsQ7nA1eKZAQ,32,0.0003163146292462797
_a9Dm36eVUeg0incBwSnew,8,-0.000379352391274895
_a9Ts5NBDGFkIrXku79yTQ,8,-0.02615384615384616
_aD7u8K3xF9atNM_YmG1lw,5,
_aO_GP15Zrh7wcOuvaXnNw,103,0.0012485978313124296
_adx9vXFLO-P15qNrvVPuA,5,
_alfsQK682Bke9MAfWRKdA,5,
_awhFQUGJGaFMr38viqI9w,31,0.0012634168157423969
_bMDogzkRWe8nlV5lIDf1Q,13,0.15639097744360902
_bNC8MgB6KtHOyB4gXnwDg,17,-0.17719298245614032
_bWcLKggOwbpC_4Af4Nmeg,19,-0.13153846153846155
_cIXeeVsxpwzTRj9TKW6-w,99,-0.003779235055532389
_dDG2NGsUnMuxpx63O61RQ,16,-0.04615384615384615
_dTBUYA7qaXCOn3TomqI_w,91,-0.00031955813717652107
_dbpVYr3GRiH9f-7PZ8ZnQ,15,-0.00010545556805399298
_eKF42et6OGeej3bZUAsPQ,11,0.0053470919324577855
_eMk_xKVpZWLvsOG_7jmUA,8,-0.0019419570611716478
_eRGBtmxBGovUQcnIjqEOA,13,-0.05811965811965813
_eYIbxOoSnzGgq3v2o4WKQ,5,
_ebEols7F_e3J7mbtjucTw,13,0.01185770750988142
_evTKuGvzfQJzDlnf6FMdQ,17,-0.006531204644412192
_f3JQU6IXpGmTLaSqGy79g,93,-0.08790588709474265
_f44lBpB4u3j4ts1a3lftA,5,
_f6Nt2ANNIkemPuA_QnsmA,30,0.0009772818977037579
_fCpxyDgYNULXAUEbLCDHQ,37,-0.01623071763916835
_g1a9pz4yXno8YpoKtLcdg,37,-0.0001601451983131373
_g5T4TTMoaCipPSuHMFkRw,32,0.0014520912625659548
_gQm87rcFS0V8c-yiKGgZQ,17,-0.0001275111731665487
_gaOrkYtODrxY0JlWFe-sQ,79,-3.0919228668308884e-05
_gklyXJFfyaZyavFXGfhBQ,27,0.004149009651464522
_h0UUZu-WF0B1KEQ3m4Znw,8,0.0015109163707788776
_hQUJqPofH4wm2syULh76w,10,-0.003420523138832998
_hsEJv3KtH5Vwp2b14wCAQ,10,0.001343574063541922
_i8q9EXNcIMyxXynHDs1rQ,5,
_ihHbuK9r3PLwMUhURKPYg,8,0.00035512168584575634
_ilpeu5wHnxEcsqPDhDMZw,12,-0.0006797937177684011
_jBPga10VrXcTBZoBeEbDQ,58,-0.0006297928529159865
_jC2Qwq9yH4Lv5lyfyqBXA,25,-0.004647066793117463
_jRB9wKomaO1W3tfA1sX_Q,8,-0.6363636363636364
_jnX0tG-hlvJEFfYYm_fdQ,22,-0.0092117185140441
_k1CIuPkY-uLFm8lABFG8Q,84,-0.1333704566163815
_k4vMisS6eCmp9hrvVArIQ,40,-0.0002709717300274783
_kSaLnFZIEpOZEg6ZIxKvQ,12,-0.1105263157894737
_kYZkAEEPAXleFI7_A9TzA,20,4.405511402277683e-19
_kaXQwnlsnfpUsKr3otCBg,55,0.011508083425891644
_km1lWcqrx09hh8DvgVtBg,13,-0.005976265687697431
_l2qMhWrwrYp-HoiBkfi-Q,12,0.0006132364734185576
_l5ePCNk8mJXnEPtNQP8bQ,10,-0.0007228245760355851
_l9J1_7GAaJDDNtHBz99kQ,8,-0.007687165775401064
_lgBQIq2y5_MCuUrNS3x-A,6,-0.0014157014157014155
_lnwx8hCqocTMGUxm0z0sQ,7,-0.005665349143610011
_lzdvo1_8RSiseYQOMozKw,13,0.0036853570469398103
_mXx2LK2F1Axbj2KXyVMig,5,
_mdevGmDGzBSJORHGA9xaA,5,
_mgr2f0VNdu6tGT1DghV_Q,18,0.0005154639175257733
_msFUghqBbYNmO8grFJNAQ,13,0.0002455559707468103
_n539Sga7PCvHQs--a4qkA,101,-0.03290937019969278
_oMy4L-7HOyS8VFG0YAsJg,26,0.0008122312470138554
_oUaLCE7VmRf4mLhVJVd6w,5,
_olrhlw2h3VDkrUYftbaLA,5,
_ov5rRq670KrEKNRE6fsRg,10,-0.0031760435571687854
_pHMElutAeebkqmYYNeI6w,17,-0.33088235294117646
_pKEjjvNINYXArJwQSsoOg,54,0.019029988893002597
_peFbE5jqTwlRJ-jgoMe7g,64,0.0055320266587872225
_q-ndCLtdC2BjSfO3238PQ,8,0.0003241228425573296
_qJld4xqJfDv76BCu9cY1Q,21,-0.0036130867709815075
_qgqa4X1OiMLqub1hHaMjg,43,-0.10350629613547546
_qjkKeAxHyQlmjR_f08W5w,6,-0.0006073786712122102
_r8NzYPbwkBDwxZepILV7Q,10,0.0007817080320500291
_rOID4bGl3smVndJQXd2GA,6,0.0011139339456712916
_rzSvpr1WnAkbvcMlL4qWQ,8,-0.0006575702778234419
_s_51Vmq1LVQnGFSa-KfUw,72,-0.09993212390472661
_t9DLXruGEQMXKRuPRLehA,67,0.0004919960640314879
_tADqh3OmH6CzGJWKkru3g,5,
_tCXepBAl7G8uTp1NDagWg,5,
_tQq9qfIkZOOwzySEZZNxg,29,-0.07272727272727272
_tZhtCocFzXihnF7-CXUTw,7,0.00391583869082408
_t_UwNkwAinJSljDDYvnoQ,29,-0.006824044144055899
_tnLEdv1H_JYEcfWSpNFow,13,-0.0009404598719943936
_tqPmZtjpuK1XpoLdBOphw,21,-0.002304441985399115
_tt4nysrN8JpzLLVXL-z5A,149,-0.010738045107662398
_tyK0c33YkbF7PBSeKkjaA,6,0.00558047926468979
_ue6jZ0RCen2FZk045GvbA,31,-0.0071505534332451754
_v_AKZO27dg9e5zPt5jCcA,23,-0.00044984581897333586
_vbXJl-NEbE6ph6Cq2-RzQ,6,-0.02272727272727273
_vi0nhfx0jSlIOp8PzD8QQ,59,-0.08269230769230777
_wc7LXPb_lnubImu2MuQTA,106,0.023087073034701346
_wcOVX6PPvhXGMpUa2Ij8A,137,0.005594912701511687
_woUO4WVK1istX3jwBMyvg,28,-0.0744079449961803
_x7zjCoV1w5J-u5Ih2kKrQ,5,
_xRXDraCnehWW4mpMsfP2A,11,4.50826138899537e-06
_xSCB2TZ-s6yTeafRnzK1w,106,-0.004375187293976625
_x_4r6wNkvWjxjeUQ0jRKw,5,
_xkQHl2lkKvPkvVocxwjjQ,9,0.0016483516483516484
_xp9OJa-ObEMFrsLvjNWAg,31,-0.03383458646616542
_xwmiNSa_r_eUNRVGriBPA,22,0.005612736023694927
_yKwzHiJGE6l-mKahl6NmQ,10,0.002185749230647834
_zDW4XPZ9w0Yvg6cbSeffQ,5,
_zIs2Rzj4KQpnFRxKrT_sA,5,
_zOYhClIhFnxBdYOfeChPg,19,0.005627099664053751
_zTCeJDF00ssmvBUMY9sKA,20,-0.005583117363939281
_z_tAeOqH_ChehpateSwTA,6,-0.007017543859649127
_znNs6VkbR0bS5kWO7_ajg,15,-0.0007836222940542661
a-Fl6PBagatwgYPYwxUpHg,45,-0.10071692876965774
a-NAN792kCSBucpVgFToIg,14,-0.002993593476994759
a-dPw0ISYHoxMmWgd4mK-g,42,0.0027838598686268385
a-p-n7JMqAtF133Ckn-DYg,4,
a00dh6rJkNacLw2yZ35ZsQ,7,0.00015761350094183703
a0rBn7usm4HTnPcz_Angmw,17,-0.004319387881031716
a0uqlRKRxn9nmlNDefTVdg,15,0.0010882321561933213
a16P2HssDZrEEWXHl22d9Q,32,-2.5064347893149292e-05
a1RKfGZ5vQef6B3dlCHMZA,22,0.0007668009522065556
a1U-mhdF8m-X_G4l56_5sA,12,-0.0037774725274725275
a1WBGjjhapPpdK1tg8DH8A,4,
a1WNj5IBXCBBavXUoxDHbA,47,0.0009565147496181974
a1iSaliEPHIhK11hWPDb8g,26,-6.774149844193926e-06
a1lImbWQDu4bcqLgwKCnQw,5,
a2FCobBzFzC62IbHPa_oIg,12,0.0015998955170274595
a2VOVxw1kgFgpa59i-V5Dg,7,0.0024193548387096775
a2Wxj6aHA_q9lUoNWXyvHw,5,
a4H1mxquTjZnREriPff2-Q,8,0.043956043956043966
a4_6KvSONHhL0dOmJNnVVw,82,0.004147507648341178
a4dtv7k-nOoohJxF5maHBw,33,-0.08173469387755103
a4uNRnmgaANdJp4r2OQGCA,10,0.007326007326007326
a4wHosODTXZ6IaKlzxgzIA,7,-0.4
a4wVXGsGgVyhIX5iGInrQQ,13,-0.0012149438088488408
a4yMCHEmXwNvxOIJ-pfp1w,5,
a5ILWy379guj-6Y3Fu3s4A,22,-0.004957395329265727
a5KZ1p08huX4cPWI5H7Geg,6,-2.1142857142857143
a62d7e_xXeljJcOUHkJjkg,121,-0.03154629094626427
a7__VvDjHpgpncosFsYArA,85,0.0010885372483163374
a82ZJPmgFRZxwz0qQdtdcA,8,-0.032185206098249576
a888q4wZiB5OyWed5WoHdA,32,0.008352534562211982
a8Dd8uNFxfQjCSKpkP34HQ,92,-0.0025589521478040704
a8UD5M0UXDtV1Y3JPTqwhw,7,-0.022918258212375857
a8b-p7SjJIyuZWv4JwvdWQ,5,
a8lpo_f90MkG38-g6Dv6dw,7,-0.44047619047619047
a91F98AJr1tvjefU4eRv6w,13,-0.01233262861169838
a91aP-mBmKnsEPAIKU3-OQ,18,-0.004493628437290409
a93-oNkJsUWOCiHu5O9xLA,18,0.0026468391688266044
a9VBpA_-Tl8FtCYYJtE5Xw,12,0.026403743315508026
a9WQqkW7OOSwPRl-0gYOeQ,10,-0.00036886283807838975
a9ePy2AtjjvFivMUuUSbAA,73,0.001889575443492127
a9tI3YQyIXHqt0c1AxaSbA,113,0.0025814745099067998
a9zn21nVTcDkCSsqhJeRXA,8,-0.0008598995940768091
aAMop7hpw7rtLL0bnS5lLQ,21,-0.0062317429406037
aASoTrOuCUd0sw2JcA9KcA,28,0.00476834059764524
aAXU8DRlr9KDQ_v61BybAQ,6,-0.002063983488132096
aAj7q710tC5BSGAwaR0u0w,60,-0.0017478933016217986
aAoInarhbxX2qfAazHpqmw,20,-0.06048387096774195
aBIKSaj78U2HLQCH_vl-PA,39,-0.002840555670744351
aBTdxqhKOsoWJWgdDP-MEw,5,
aBbiintkpGQirBp-7Ooc3Q,7,-0.001703065517932278
aCHS5pnDjChkHpFo4-EfKg,118,0.0060866076113460284
aCfGcj4H7rrRhBvRzNmdow,6,-0.0002851286161244084
aDQ-n4B5FAUwEiADAkHoJA,14,0.0035465033471015536
aDwusJ7KnvHr_-HxGGJbKg,5,
aEYewUCI6hHyKOUzXcWLTw,10,0.0015379357484620643
aEZjIELPNa5jDoAq7lJWDw,6,-0.001928696668614845
aEbyw7vPTjR86TIKB4SiBw,2,
aEjrMEomGmmAe8fPCeTWog,51,0.004250295159386068
aF6mtk7uOL3xiaVxkQeghw,6,-0.002268602540834846
aFLM_Vow8OMcMK3NJWJ8pQ,16,0.0023616254566765174
aG5SrcRJM0Yjs3I3ceY1aw,21,0.0005128339995792133
aGlcso7FnM30cqCzEk8xNw,9,-0.012324929971988795
aGwdOeb8wI0IAoqSWBLa_w,6,-0.00028451429345617124
aH6h5unqZXf3IV-uKzfD7w,12,0.0006473624354824602
aHcmo000M6SFHiwX0J8SEw,6,-0.00179171332586786
aIp7D41qhB-FgfBmYUgQTw,12,-0.046153846153846156
aJ539lqzcTThRxA0GAKkxQ,39,0.004902379174223835
aJV-u_8zf5vVIaHy7Hs8qw,95,-0.0020545089268791945
aJet5OBtxIEbmLZwA4VphA,36,-0.031057373162636324
aKAHBouevIl0phRmGVUehA,9,-0.0005115312197298675
aKFs_M-L-kFJZ_mLBC35uA,59,-0.01740364898259635
aKNrCfmR0bgdXzYcviL1ZA,28,0.0010810642979221267
aKZrfLHwqOMlYcDYDy_OEQ,31,-0.001148094909179159
aKvowH2UXGvoxJgIRf04Zw,13,0.021428571428571373
aL53puqxtcR1KZrrj4U7Jw,59,-0.08441558441558442
aLJN5-DBnNM2C7FjPPQA2A,43,-0.001172250896684454
aL_0huR-I6jwcyXIub3D-w,19,-0.0011148272017837235
aMIRfasPN_HCYdR4lQqzDA,144,0.015655206398544407
aMfVQdVbKJnZwdf-c1WNcQ,61,-0.0009582943682031322
aNIqkFQYtBieV7NX3343ag,34,0.0024416947881514815
aNLr1j_3CZ46rqiUeLaQ-A,20,0.01194996063336541
aNNCjIDnTxn3YXRa4SnzYA,58,0.004151830223614866
aNRpREDMKg5nchFjU-V19w,32,0.006648401044565267
aNZLBVMMI-zjZN6KIA4CeA,11,-0.001653686119705537
aNthp0fq3I7FxGPXjZKanw,20,-0.23518255097202467
aPI5KpboojbTqLEMH_oY7w,55,0.0029245563596708634
aPLhrCU3vkFM3Ius0CbFPg,10,-0.0013870608484357594
aPNXGTDkf-4bjhyMBQxqpQ,25,-0.1130634071810542
aPli-RylEg4B2C4f-VJUbw,19,0.009234365867913503
aQ2-kEwDra31zu0NCLpUsQ,126,-0.004314410608568629
aQ3c9DAQ4HYTRxzEqELpVg,7,-0.016358463726884785
aQDNvFHkKkKuXLfzAjZhXQ,18,-0.0002818874500290431
aQNoKig_y4Y1kYsSgtMXxQ,10,-0.0032345931222335722
aQZRMPH4ClppMCqfnshR9A,37,0.0036714796988769594
aQhn4CcEJokY6ADxUbzTaQ,116,0.005598500718477866
aROWvF8ltWk6LLNO62haag,54,-0.009825617420554131
aRyP578y47vwJ4KFIicjCw,69,-0.019417081802402904
aSLURDEj9Kw2YQkpP_ZAlg,52,0.0021131087543076964
aT6dfEcg0bucpmdrE_G1zg,31,-0.2533031674208145
aT7lLJv8Hjg8wc-txExIcg,11,0.0011038256521534032
aTOCTSi1GwigOEcqOKRwFg,10,-0.004906204906204907
aTUDMqpfoXbvYxL2dEenjg,49,0.0017803141156960299
aUEXumhU_SljLBVLbtjjaQ,7,-0.04957264957264958
aUoMG97DMJG4nmwhT6z1zA,166,0.04653758134541311
aVQmL4KGcp-JHy7RIim4Og,17,-0.003626369431614307
aVRVBncwdK3GrqLKLFPKAg,5,
aVmuaNh8Z8gKSkoP418H9w,23,0.021763602251407135
aVol4p_C56cyClE5rc274Q,23,0.0030701260059058212
aVqpkblvTeJsRQQ9UbKN2A,33,0.0009246595133979308
aVuTyChb5_NtujVGNOKbbg,4,
aW2o7CknoGE-PGQlky8LiQ,2,
aW7mqWU2S3r9TiF1Ebso1w,5,
aW9oWZz8pGLcGC5YAGFcrQ,9,-0.017611336032388663
aWV7WQ36E1p1TJ5rplDfAQ,5,
aWx3pL5aHKAevBvEfSwsZQ,8,0.0001484230055658628
aWy4lYji5BOdQk473z_eXg,54,-0.006903622693096377
aXWzxc2fYNBpr1xPLK2-qw,5,
aX_dV0NAnavyq9gcvo31vw,23,0.002659574468085108
aXr74YWu67vUtWsbmICbag,126,0.004788902178314798
aZNiVR6oAMQX5__yGPvYsg,20,0.004689754689754689
aZd_dnnfvGdujkgWPai8tQ,2,
aZuB6Mvm6nid8i6J9bfDog,30,0.0029177421164852425
a_LO_j9Rb_HLbaLACqmSAA,6,-0.010456062291434923
a_fp9I18WcbP86rQ4c_QZQ,127,0.011266345587792211
a_tbehcWJn2atkt0gcmxSA,7,0.003300142247510669
aa0xi7fgFJyA4qWux6vz0A,142,0.02324598478444632
aa8dyLuupbMRyexfCRiLIQ,39,-0.16769230769230772
aaILnjUFC0i0uRkg5hYgnQ,12,0.01098901098901099
aagI1gxO9-Jo3HPf4C7s2w,6,-0.0021681649920676895
aaqm5vJvVj3vyMeGwPqxEw,40,0.008922182468694096
ab0oFAKe7NyoQPQONgcrCQ,24,-0.07052767052767052
ab5hOCoFF0Jm4UvP6F5QwQ,42,0.003274961597542242
abyhAtKhZUh8w0VT3Rn_BA,13,-0.0007183204362164112
aca4m9TSqTxQsEQ2H0KSwA,53,-0.06462912087912089
acsheIhuYrmmth1_z0Ylxw,14,0.0004267714401842567
adgThekUMoNlAYwQ96388w,51,-0.004685028796514577
adhHsCKdHlO5TnadgL_93g,26,0.0004997464249621489
adk0GvKoi0Z9XxJE1EWi4g,7,-0.0009142260097299767
adlLsuafIDO_OOAr4tG1bg,16,0.001568803899512561
adshtprketB4tNomrlKkVQ,30,0.0004176597931381341
aef15zOlJL9po5fzaVekGA,8,-0.001703992210321325
aegRZDbRiRXmv9M2q6xXLg,8,-0.012307692307692311
aep_I8thy4Pa8q64m8HIuw,10,-0.024649859943977594
afkVsyaop-ojmY6d75V9pQ,7,0.00047585299179912923
afmMy0m-mH9uNUxaZZAKpQ,35,0.0013675962795336577
afsP-p_pr4ikrboB5MtUzQ,10,-0.00403064889456461
afx4op2BUIOlQGNYZoYRKA,8,-0.019499341238471666
afz_AwNNHMqqRo9OaKF_bw,8,-0.0034255599472990785
agTcS5LYZJe4gNiXK6nNkw,3,
agkiNGa26UB9kA4Gb-VFzw,8,-0.12121212121212122
ahnaBpvC29I66u_6JRzQFw,8,0.0026156941649899393
airww_vmo32XbKt_6LAWnw,12,-0.0011122333196174514
aj7aXKdD6FIB7Q3PFU00nw,11,-0.05172413793103449
ajF4K4G-gJtNVy0P2paJpA,43,-0.0005052058164565306
ajGUFDANNSnqUoLvZPCcPw,80,0.005925998883745366
ajUiBVzMM4Ziy59AacvMhg,11,-0.0022489041356965876
akNpPdFsHk0mvbqkmPrXWg,60,-0.028063318350596052
akt1rURvNVAI9sfQfr-5lg,19,-0.002077713785813224
alUk6OwNhofyc90NDMDY-Q,15,0.0015115298087739022
alac0ygcncAO8xTD7wBdZA,50,0.006565008504670107
am_ctUVQlR_XxQT4zWRHGw,15,-0.011535267156787352
amgCBbemSn2b1zUOoUbjHA,53,-0.0001667129758266189
amjf4YaJ5yc68GC3fgQfzw,9,0.005918889294848374
amjqmsc7LzNy9gL5XC6rTw,10,0.000636063606360636
amqruwbDGCcyu55p2pTjMA,14,-1.5
an5Ok0CXeY2fMnb9iH4taw,15,0.0014209192356115406
anJs_LA4ikvlyWPxNypI6Q,21,-0.0074074074074074086
anllpSTX3K_PLTUBs95wuQ,5,
aoAYNQA6yArEaCGBf9zxCw,8,-0.0007932310946589107
aoeurSB_Ivxj93TlGgU2vQ,30,-0.0007136826022274938
aouMSx4NBmdOS30QOYF4Ww,35,-0.010723453761428444
apJlifRHxx09MYubtOLydw,9,0.0010954235637779942
apS8vfKEIs_DGXp9FrvvMw,10,-0.043859649122807015
apZdYnFjjbLuSJAUOWTRsA,23,-0.013568010936431984
aplm3-xr1RRgHAMdDS2OUw,6,0.00042078687144961086
appMXSCalT_9_WzQCfSTbw,21,0.0006241331484049931
aq4qCXFsron30pBPbKDLwg,37,-0.02824940510643771
aqBzwh8mDOSFastIow_PUQ,24,-0.07653743315508023
aqKvIjinoVOy-P6zy-JVMQ,7,0.00018932378482940289
aqX_AbU_q7wohvHcv8aggw,12,-0.0007426226304475274
aqtrgURADdcKupFyWig_bQ,15,0.0003344481605351173
arKiXax3ScSM_z3O-0CIyw,150,0.016408058084647743
arLEOxR9BG4pORv7oRUGfA,47,0.010383884970157351
arp2X1m2lSFr9dVPfDwpzQ,7,-0.0004936443292607673
arpAjDjebOzjwwysIGIwAg,8,-0.0018241167434715822
as7hPsyLUSSiSEd2o1nErQ,15,0.0008478908714572499
asI2vQzWZq9xBFUpfHNu4w,38,-0.08117483811285849
asbEI02GRGFPSPM97hrIaA,31,-0.1839734471313419
at4y2FFxGBtSrZHYreNYCA,26,0.0012169910201275103
at8csgaR7Vg9woCNt2J8Aw,24,0.0022561443932411682
atLSGvhAF4WoBD8NPCUPwg,5,
atSO7SYsHhKVSML1g8wDjg,5,
atZ_olNKXOG4rEr6mccN8g,141,0.07487732099141522
auL4FGFnrxb9u8H0-xSQJQ,6,0.0015113512122966106
auR1RNlfPQHmnfARtTM88A,13,0.0042268295692953215
auaHznnSsyfDWx9X5IjtyQ,7,0.0019201228878648231
aunmz06iWvo3bd6MMHEbqg,115,-0.01428118057759441
aurl4I40YVQfQ8loOdgKCg,9,-0.00022184056104193505
auv2bdk8DGvnCo70B5JZkQ,27,0.0019002050580997948
auwFZzfhe2pvFw43OfsAfw,25,-0.2600806451612903
av2DTCAtrbQr8p18e0e0Cw,7,-0.0021440776656762553
avB60OOVc_YOyfbz2AqL_g,89,0.007307998795653717
avO4eJDMcy_v2IBysiEAOQ,6,0.0004135784329730848
avwFfTOYrPZs5oHfA0ExnA,7,-0.0023452157598499064
aw5_yvamDVIZTu8jQzxjqA,20,0.0011951631046119228
awfs8U3H3ZzHQfCVH2kGXQ,6,-0.012579185520361994
awiWJQVgs-Obsd7lB-m01w,10,-0.001688629369525764
axAp1wD2widcGW1rrD3mkA,7,0.0021573738156458033
ay8LAfHI0KQOEKNF-E24IA,34,0.0012106438162776188
ayrJOc0UzneTn6pgHsKCaQ,22,-0.010041250542770299
azXvU8MUb4I6SkmPLpzjoA,10,0.005226480836236933
azfjxlAnSATyLBAGiuSq3A,32,-0.12445302445302447
b-MVXcQAub3xucDbxG0IkQ,5,
b-xAMVoLqxw2WEm7EO_UvQ,7,-0.014615384615384622
b0BEvP8q6y4TigPxigLDQA,43,0.0008372664181742627
b0PRhOHyCi4AjQAMfWnjjQ,44,-0.044860467150730464
b0VSSVDDU1UhEQgFsF-Gqw,5,
b0YICdDCw8Ck6hJPc1Z5HQ,31,-0.32586898395721925
b0pWg0S2BD6cL1VIonZIfg,21,0.002321724709784411
b1T39R2EPxuOXJIR61j1DA,4,
b1okJ5qEPCIHbIgQ1NGyXQ,50,-0.022596153846153842
b1pdnbYvBdtTxJOOom5WmA,41,-0.08217194570135744
b2WN3yA79dMvCUMywM3I_A,24,-0.0014016750125735275
b2b1-Y2iHUW5vr2j6vAc2g,8,1.5580515582149352e-19
b2cW30_3ZVMwe49VfaXPWA,36,-0.003106599718238631
b2fELjqhOz2d8dg3PsoCKw,9,0.001404560877456009
b2yXT7DmVD-SL9S_LwCuYA,4,
b3CpXg9UINn2FZC8CTHqFg,29,-0.01810966810966811
b3YIPBHXoyZU13-HFBJv8A,21,-0.0024344569288389504
b43LDjgiQ9-JDl0hNvKTEg,21,0.0026207473149398677
b4CVy0YUvupO6mTAPI11rQ,7,-0.0033673469387755107
b4Ill0aK9lPx990CsjHX-g,17,0.0012974915164016233
b4yoyv8ZwxIILxRz0GRMzA,14,-0.12207792207792209
b52IxTcvrbe2JAXVWXXghg,23,-0.011136712749615977
b5PFC7Uatlsr5AZqSZyCpQ,35,-0.10777058279370955
b5RZp-VsG0R7_4O3DjviEA,11,-0.026920366455250175
b66R96v0N-Mmu0jb4cVhiQ,36,-0.007628378969468987
b6Q0NN1z_JKM7nwjMKSAMA,9,0.002016129032258063
b6hV7LXWQawY6OF7Dgmf_g,9,-0.0037553342816500704
b6kCTSH1kHtfcHxUTm2odA,67,-0.04964166268514096
b6nhar-0ecQpIz6mlvr-Jw,50,0.0011096096202328645
b7CPijwM3X_0-OGXjQHN7A,7,-0.02865612648221344
b7GHuIINm-OLVKyf65stTQ,8,-0.0004962400274840643
b8OFGiMnmwRzRGXdQT3Rig,8,-0.0002682869091769904
b8h0IxEnXRKJSCk2l7wfmA,8,0.0010125184094256256
b8zYL8751HJXc0XlUw5K3g,8,-0.44047619047619047
b9sLRv_j1eijFIEso8-RQg,9,0.00018703475105674632
bACIZGdHRFfNtrufH0wMbQ,63,0.0024522338335374017
bAixeN8YtBXmdiHTCcii1A,5,
bAqDJlYqB9j3tMVjhp29EQ,22,0.0021635919696147586
bBHrPJqqwDxSIxtxMMuQZg,6,0.0026074700493305147
bCi33bskyp2DHPlTtBHEfg,5,
bClXlvpht9aKk23olgmxSg,38,-0.005605076131082595
bCvUy9KIFP4Q6DwCwRKmMg,19,-0.20526315789473684
bD0ipeLR93L_p-NL4U6w1g,16,-0.007223242078378162
bDr66nlhvR1t63yMUSgZ1A,3,
bE21yS3xO1mb9m-4ck5Wlw,60,0.0007699796769787182
bEGCD0kOEmZsesx-MAaWFQ,6,-0.02631578947368421
bENW5-F2aplQsTdPI8wDBA,19,-0.04401154401154401
bEdPvL2DgIHOZs7OZQGlKQ,23,-0.0012085583838142711
bFJy48-ieXbIeDR8Q1I79Q,23,0.002362099940115782
bFO_XYnYMDF1GMY9LK3oxQ,8,-0.00459652706843718
bFY909_bPhYnMpO4r5AUzg,6,-0.01877470355731225
bG5alCzwoomtIEyOq7z4Ew,7,-0.000555065791621772
bGBK1r0I46Oc8eU8fNc0bg,9,0.004464285714285714
bGKwmfoxz9aaj1GdIuJ8JA,10,-6.77506775067752e-05
bGogXCmqk5JWH5LZNoSDxA,44,-0.0005694922976166747
bH1HbFxDv6WquY-vK3fwww,18,-0.0120259019426457
bHj1XBczyH84HpDOnj3gWA,6,-0.0009065498224673269
bHvNJegrjgid_cPntfS-6w,4,
bHzHDhAtgyueG2UwqKutqw,9,0.001484230055658627
bHzjGwIksxxVhV1y2v5f7A,3,
bI2SURapiDr-0g9yLykBkw,6,0.0015268923922586559
bIBa32BEOIASBRDe0kIHag,10,-5.334471353888841e-05
bIDyzk1VBkpofSORapAiew,15,-0.0009180705775133014
bIGFd99r3iUNB0xshlZ5Sw,151,0.0059924478064534575
bIQSx2fiHMq0IgmUo4C8QQ,52,0.0026909622112020913
bISwIzk6cMQtTf3QSlXi5Q,76,0.007370090736904726
bJ5Y42F7hPl6rKXIY_LiYQ,6,-0.00031216466686176956
bJ6v-8MvXhr21eLvAIC8iw,16,-0.13376623376623378
bJHG34ifHUfvY1qQ1S1alw,6,-0.007142857142857142
bJJWjoYM8SMB9c4l1VKA1Q,65,0.002011764448623472
bJazyxju69RqC35WSSY-_g,8,0.013235294117647059
bJdKrQIF5SihmWWZD0AIkg,29,-0.003470839260312944
bJodYUhoZb-ewnzZS-d3Bw,7,-0.0007554581853894386
bK0j7YtVyN98UnM_8fUONg,115,-0.006087887425674891
bK2o-PrLzVHEPOy4Io5NLw,23,-0.0003235224493016649
bKNULviFM4ayuSwq809DIA,86,-0.002711702441999115
bKVRnBTNJZffOtj-y-4DZA,9,-0.00014475139630474272
bKaBjDbtwQh_T-3ZpKJxRQ,110,0.002950043344935113
bKppmYKQ_-9cpp2yziB-Qw,16,0.00042922641693493325
bKrSIckF_9t_OSCVLETPJg,10,0.001277037273525421
bLHeleYVhhjghnv00jyqpg,2,
bLJP0fVgscuUQy0hE_CRXA,83,-0.1389593848766451
bLPw8r7Xcl4sRti4WTbmSA,11,0.0022292720569321777
bLR4wS2pcve9ode2Z-h4Ig,6,0.0004387029327757762
bLbD9QyDKEoZfjlIQf2KOw,5,
bLwWM6J-VjE8B6LPiOdf8A,48,0.003958747079680523
bMLMpa8trpM1cw_3NrkZPQ,9,0.00015601560156015584
bMMf5bjTAT8LrwhE84ZuNw,65,-0.008550385328260657
bN6cunaPCFpKwm8aj7a1Qg,25,-0.0027256843331391967
bNAT7mJmjQrTNPFEWDro1Q,18,-0.008513708513708512
bNBi-RVlx71bugXY0GRLtQ,16,-0.08195488721804511
bNBtk8F-iiiWp6Z9Zi3ziA,40,0.004998413202158045
bN_9QgxdOIk4oK-6fBDJtQ,95,-0.09938834750155508
bNiMFB1fk08AXMuLxA6Adw,4,
bOAGspD-hGiF7RcdT3dHdg,77,-0.003048087740591108
bOPsxcRSEkxDHW9TYTEITQ,17,0.0009897048780398736
bOiqEaLdZwy1ISul-xXMig,21,-0.05672969966629588
bOy5_IAJ3deKKvWOkDfMbg,10,0.00541871921182266
bQeplLMJK6dT1CcH0vdWnA,14,-0.010522664199814988
bRJB7RTl_pZvWdN0kuSj6Q,8,-0.001107138738323146
bRJLyB3ifiJXVwUh9c2UIQ,7,-0.016907675194660736
bRhUak1PMKvQ3qqcmqc--A,38,-0.13003952569169958
bRjBo3166zwAaRFhxHdnkw,8,0.0039891523051351595
bSIrwzXUgh_7CmcLlzENCA,6,0.0002984264785675529
bSWL0YxfawjS03_g2kgujA,122,0.0018324607329842926
bScE17sBJkvHtUW_rnNNtA,10,-0.04545454545454546
bSehfDoKVeCXIcwcFwX38w,6,-0.6285714285714286
bSkVnO6eQmtJa3NoWg_Hcw,6,0.0022651766837813343
bSq6f-qGD0ncnU4Fh5yD1w,9,-8.658008658008643e-05
bSuADas9mTPxI2UUGR8PGg,30,0.0014483019184752955
bTNwrkDJ2HSIQo5egSX37g,20,-0.002514063476630321
bTYddYIt-e1ls4Hlv5areA,10,-0.006968641114982576
bTve2mwLk5Zc01vRKqc2KQ,111,0.001483188134494924
bUG1onJ-849RLohkITI_Gw,13,-0.00016403003572209684
bUnqKEP7h48ePxHMXV0fNw,18,-9.602048436999888e-05
bUrLq4G3ZSvBzm2hBQKYnA,19,-0.0033583812602325687
bVDjg4RNNr6g3jATN2Qr4A,5,
bVLyH2WfOrK4UWlFXJzs9A,11,-0.23776223776223776
bVc8Ylv0Vr43MielXGd_MQ,14,0.0003701745108408245
bVv9Qffd9DQJB3nJL2oW9w,9,-0.01686217008797654
bVxv7T0QN0j9189YWP7ruw,15,-0.0037991688006380926
bVzQ8O3Djf0nh32w9HH3NQ,6,0.007786429365962182
bWJZiwXPWgtlmDDyt-YCEw,10,-0.000667903525046382
bXDc-Am_-hq5TzqWaJc3EQ,27,0.04325513196480939
bX_9KbHrFxv7AsV4sq_pIQ,6,-0.0007513636527832965
bXn-kPjZ9XKMFnxJXFCkMw,45,-0.013002591632728617
bY7hmJIeP8lDequJWEgS3A,27,-0.0031911938329050628
bYLtRQuVUmpPdMCq9-NSlQ,31,-0.03414439078409056
bYY8A2Sp0iddTrGj_IH41Q,21,0.0012080536912751675
bYpGsEhIiAF_mpkFQsf19Q,19,0.004055535257581293
bZ1Q106Bmt6tR3Y3yiAADg,44,0.001551080498448921
bZ2qzaxhcvanYFodvyzkCQ,10,-0.000508720930232558
bZ9y54ian0Uin6nar0VkcQ,6,-0.00035057760487642144
bZRd9Jsfr-uLWwiyFMwSWg,46,0.0013383719099354426
bZUmx_CkQkAtFwAVqVhFrA,40,-0.22713085234093633
ba0RwMfgriUlrBETspm8ow,4,
baF2ZFEtsIo2A1k61x3QSw,69,-0.06463655436258176
baWszNpfN8efCkneqi3fwA,11,-0.0011427825121624706
bbWRELNpKXXnFgQMkGVT_g,9,-0.7272727272727273
bbanucGYOlGocn5HMioN5A,14,0.0008609309533375421
bbjufor5MuV4IVe1FBhmmQ,40,-0.0005832179047896773
bc03758WAxjyQ02v5JvM6g,11,4.499437570303717e-05
bc0ZNDZfeMRdGl9S0vkfZA,6,0.0011756664388243333
bchZXVE4feVx4Q5rhIRCGg,36,-0.02588703381934477
bd3E9cJ7fWTINbMEjVnt-Q,4,
bd5tvJYJt-5Tq8tPSG4ruA,13,0.00034001052494891297
bdNdv7QxIIRI4y1Tg4T5rA,19,-0.0038665166854143225
bd_ATF7_7iPF-yzI_vvgWw,5,
bdgRENPF17SYmEn2k5VPQA,20,0.002295111593024307
bdoSukcNeN5aD3p0c9qKnA,5,
bdqfARL8x5EGK6IKPEdVQQ,12,0.0015586229254728862
bdteJqgoj0OaALhj9RFtmw,138,0.003193013882669055
beEcI7G4luNdMYZz3XSs4g,12,-0.003136104401927187
benTAK8255VkJu14ZxVtDQ,51,-0.12171717171717172
bevOBvVz0ixr6kf1I-0U-Q,5,
bf2aAa_rP5B-QeOK1qybXA,10,-0.0011291779584462508
bfMrFCDY8NgQq05whI5PHw,24,0.00012811615865050986
bffLbfi1IEAff5C2IHJvFA,110,-0.04508609779228804
bfiO0n663Ej36svzuRuVtA,98,0.005665588258502328
bfmkl8HoF5yi3Mk3ySxYgA,5,
bfv9lnhfwxSdJynls259Cg,12,-0.0007803330280790913
bg7-V11P7ZhUOri6VR_rgQ,5,
bgHVKRpZ6xotlAuw9VSLZQ,21,-0.039893617021276605
bgLbOwkQ1Qelrd_7OhVXog,12,0.0006815968841285297
bguzzvkFJ2gPGvtvXwfPCQ,41,-0.0010025741769407953
bgxDswHIdFP0Go0pNfyAAw,136,-0.0099017586347541
bh5YCU4-_1PZdbp82FLHLg,22,0.0021324076369947918
bh60ZTqnciiH3FlTUJ-6iw,12,0.0013018093835472338
bh85W8Dwc0UUp75H-EYnkQ,36,0.00313749916036175
bi-o0KPezuAfK6xGIDWM8g,17,-0.0006382958453609231
bi8cQT77t7hOlKbB7diCPg,107,-0.004188771326674768
bic8O3P5BuiytH4EaEd0kg,6,-0.0016721332561579526
big3BR6iJ3U-sOqOjbiPEA,40,-0.001520327599212281
bj0zTuE10-knRtHeoRkAJQ,33,0.010198222829801774
bjDV608ms3zLgHmqqe1LqA,18,-0.00012062241164408363
bjPUhanWoinHi2kywvVzBA,168,0.00224579774042436
bjYCFd_zlb7Y7GwoEaBPTA,5,
bjcECORIsPgyyOhIQovmNA,8,-0.0038059977786005198
bjkA3ustWdg3EsTLRiUNKA,79,0.0033170290850690937
bk52ZkcqWCqEaT6UWuxi0Q,10,0.00016895401482685635
bl7_JUYvNieoU0Qb6ZVCuw,13,-0.0024451236454570715
blmEheu3d9tjZ5PPDdrFCQ,10,-0.0016611295681063123
bmJgvpuf2GBXd62ELK0Q2w,122,-0.0011683113793224105
bmUqwzIQiB6NR0rT2RIXdA,9,-0.016216216216216217
bmrEQ_4nzXc72zAFotrLYA,50,0.001229631268669691
bmxstFxh3JFaEAyVz3P7ZQ,11,0.0030983451191951587
bn2jWrB_aXdQP4YoyUVVIQ,38,-0.30375234521575983
bnMFmRBMje1rcGHfrs_5Ug,44,-0.002630008329452815
bnjzz3F8Nb5E2pymOYJfWA,7,0.003732303732303732
borPW4gf5gX_8tn5hTOZOg,5,
bp3964pN-0xDftxjCgDIZg,7,0.0002153249869266972
bpEiVcivZFHixcDGKXQQJA,19,-0.041871921182266
bpbStpLUHAV7N3iXjfcvcw,17,-0.05494994438264738
bphzh1v0d23p53MROgxFKA,48,0.002824114720515072
bpwkHOQ_eMqO8SQovyK8qA,10,0.0005738904784084106
bq0n3CQy1CkE_WUe76zQvg,138,-0.0008733248220062183
bqmX882_6AxVA_uHEQ70sQ,16,-0.27532467532467536
bqmoIYvmMYKkVUmxm2Ngfg,14,0.04661654135338346
brBBW8wLh4Q3BXmKtSELCQ,10,-0.010276110444177672
brcCv54tmfsXnYq6WcXJ3w,16,0.0005645889792231254
bromU1Xux7mdNPXaoJWEtQ,6,0.001515151515151515
brtpHEdo2n0fGJO-yMBCYg,7,-0.00011688373646295498
bsURJ0e03KYrFfkvU_iznA,5,
bsVSOoV-IY3jtztQs4XV2g,5,
btO6x9iGY4KiP4DpOf0TPg,34,-0.0023966237344470926
buPWCjX9ON8CGkXlAzK4Ng,4,
bugqlf02nwjIY1F8lozzKQ,73,-0.028693743999686515
bukNFgeOlyTpeKnB7VxBCA,25,0.0012270593256508752
buxs43pwkGAB5f8n_1D4ag,31,-0.005998835177635411
bvCP5AUnA63vPzuLXD_tbQ,11,-0.075
bvg9CWsF3FIA-oq00MulAQ,47,-0.0003775836702778891
bwP1yWP2r1Y8KrAiRZaIFg,8,-0.0042553191489361685
bwaIdpSVNwDgi62srCHCfA,13,0.0016261626162616262
bwgK5d9oT2sUcvyBOsTREQ,69,-0.014711557013312754
bwlHQiKk7EACbEZC5T3r7g,15,-0.008556891766882516
bx0nZZkoTtYJUineqQicqQ,22,-0.05830039525691701
bxIg8rETZIXAUc9gRTVRoQ,17,0.0024879700991229906
bxffbg7kCn5iHxtdYp7gJQ,9,-0.0012149438088488401
by2wRASwOKpCZU9KtZ3MHA,94,0.004339547632498483
by3YMt91fzjTJv5zd8RBeA,54,0.0032746160794941298
byNqaBLF4ozNbn2i9J3bWQ,40,-0.08900323994663618
byYUYIXVxS6IUXC42THYFw,5,
bz3Z6Lj3_r9BWAClE1cHpQ,12,-0.0021294494978705497
bzAuVc17AxrckfQSXjHhog,9,0.019607843137254905
bzG2ul_mhdPMvhxsn-8EEg,19,0.002597402597402597
bzI37p4xLwtyWTKUEZ4GBA,14,-0.0018190547316760915
bzO826Hw3DCuQ5xl3OEP7Q,34,-0.02941815023881893
bzOCjuydWTkgkbZeaec8Zg,46,-0.02915242652084757
bzgAFmNxvQ7i-YscAiDoDA,7,-0.5333333333333332
bzmO5_7Y8Ui4wjlSIY51Ow,19,-0.0056998556998557005
c-0PoHHcA6k7y4CxjGH1jw,35,-0.050724637681159396
c-jQ_--GMT_SvyjclyYqMg,51,-0.018719571567672837
c-sH2K3OowoQgYTLAoopRA,13,-0.03152709359605911
c02qhORBO86spu1NXYI8xg,20,5.2650052650052604e-05
c03A95ESCbxwAtTATBPAag,6,0.0027874564459930314
c0Ay-fVQFMgAaXVR3hhRGw,6,-0.017786561264822132
c0_NagIVgU2h67xTKXflQg,8,-0.00011253114701390556
c0_zwqEFMXNV2o70_9QRSQ,7,0.006219939059706379
c0eRjo4okGY_ppuwTjNYzQ,31,-0.006736166800320771
c0knN2GfCb8sde71S4ln2Q,5,
c11xVQG3svdkJGrxM9A0Pw,9,-0.0009389259389259387
c1Cds6ml72ioKDheikpWVw,14,0.001104186424603712
c1JI1grorcKrpp9eN4hFcA,6,0.0010250452728328833
c1c6AK8tMezO-Z3anZWCOg,66,0.0016590463302783647
c1v7KERdB741pw7d53HGdA,8,0.16666666666666669
c3UFFHR5j8e0pQZLOMWP9g,5,
c3a5La0D2L51qXVE7DIJLg,73,-0.08232716650438168
c3bTW4kOYpIjibqoy-5i_w,29,0.0009095927232582136
c3j1irGxpIJ-8RmMBnyXxg,5,
c3x0Tg8MUfQMSJkd67J7ew,5,
c47tuMlpxWueOz-OIQNBdQ,13,0.003011394465545307
c4dbRo1LHY_q5VoYMzqSjg,11,-0.07794117647058824
c4ecEZS7BEmPhgSqzVz9tA,47,0.01876095850379895
c4hcdpEPdQDVl7YleEkjeg,11,-0.002529049897470951
c4l3nCukNtMwOmxNtC3p2g,12,0.0008288226255825663
c55AdvCHm8YVwgZtWhT-Vg,3,
c5IbgP-mYEcIErktwqLKlQ,5,
c5kcBGTi_xr32z88o8Al9Q,22,-0.09269796111901375
c5m3fkLzQZjGoHSERlXW6A,56,0.0024464223559246185
c5nRKx3BfrUK-N9Qp3EehQ,30,-0.010664335664335665
c5w3gViEODLmPJBCeAVUIQ,132,0.0023805416594790394
c6-WqifRPuEmc3ZgPOa5CQ,5,
c6DUOuLuX8pKVNgKUlZf9A,8,-0.010526315789473686
c6IrEpPNq3Ha0A4RcACNIQ,69,-0.003155901535872081
c6NQy_kMo031AE2k5IPT4Q,13,0.005534105534105535
c6fmdw06KPAsPxzvwyRBAA,6,-0.005180388529139684
c6hhh1Kpr7iau8qMH74w2Q,146,-0.015110999518757978
c6r29yLfVhZaSyrtsNVLRQ,29,-0.12154606595899844
c6t2p3rodvB9A60PktO3lA,5,
c6tlkzg9aKA8aGHvBC9u1w,87,-0.0030598055810598457
c72aNhUfFbeJsJzGRsSqpw,15,0.00044547939657790824
c7TanwrkujM7GAE43H4kwg,9,-0.43772893772893773
c8rjE6NcfeyzLB_aU1GdMA,90,0.0010062611806797852
c97s-dquA9D56fYAwA-ngg,11,-0.003008021390374331
c9YRV7jXGmE-NkqaohzgDg,47,0.0020427446569178855
c9k5dfDJZ2VRR8KyMB2CZQ,35,-0.0005163511187607581
c9xznvN0pQeFwzZCPbO__A,10,0.01048951048951049
cAQf9b0jmPIQaTyj-vm81w,2,
cAgokhC70lhtn5jyyM8enA,21,-0.023846153846153847
cCLINaXaTfB1grCOBfnY1Q,20,-0.0009534014126085152
cCP7ued6F6ScOpQSVs-Mrw,7,-0.0001281304601048339
cCaIq-cO8tXct1alFkq6hQ,6,0.0016595542911332381
cCwNX2r-4hDXPNGwDx2otg,18,0.0008114941743260326
cD4fV8Qzpwne5MRwfu4SuQ,14,-0.00021867004876342116
cDPHu4gct96U0BHIdL4wiA,7,-0.0014623331289211755
cD_If67mFKSEKFE1BZgJCA,18,0.002306348281887012
cD_eKgHKZ-yHXCZ4I2AZBA,7,0.0007302762458764577
cDekcTE1qwpz8ROlYixhqg,28,0.002613979049914249
cDj-eJ9VODmTKczeOWNq8A,75,0.008675151071232375
cDufzrf_48YuTLy3ANXEqw,17,-0.0459677419354839
cEBZedAeceebuOoHS96RVg,25,0.00033167495854063045
cEG1r9aRMJwmRQVkh7eiJg,16,-0.058461538461538454
cEdeefPXaqdofYinWRvCcg,79,0.006709677419354839
cEx97JX_bRJS5Gw67Y3Vnw,17,-0.23497536945812805
cF190DWwzmnm8MULqXucZw,5,
cFSyJluKa2SHtgMMvlx6SQ,37,-0.1247036510194405
cFnBmQ8recCHLF1-KNXkiA,16,-0.003134489176217062
cFtVkdtHZuZvCNvkSG-RAg,6,-0.08181818181818182
cGHnqrUiSMW8aMJ9mg8e1g,8,-0.20659340659340664
cGX-1IUwXOjkUqZbkKYcjw,173,0.0303250100311738
cHXF8mV6r0NMTMPZZXm5ww,5,
cIKRTajdQv_MviWXdE_m4g,8,0.007647240209682394
cIkpsNhuUVbdMt5HNwtpAA,15,-0.0017450714079927558
cInCWRak8wiEp6cJgFTtbQ,30,0.0023948883035801384
cIrcR4qiDlPGYmxh-OehyA,6,0.0004508261388995334
cJH8u7KkuObO9m2Db-UfbQ,6,0.002737703405210865
cKLrTvokOdcgoEoHOXkfYg,84,-0.013574285435567263
cKSGrUPLEMTcA8oiIDn_RA,20,0.0072206274737920285
cKtFjzhAfd3DT_7G-kNK1g,18,0.0016567619069159907
cLNyFQ3T7p_Kcf09IburKw,5,
cLlBDZxYJ1dt1JgMuZnXew,14,-0.28571428571428564
cM77NrFZx2z0d84AqEpmMw,21,-0.26570855614973266
cMOr1p7HuqEsB5ZtTeslxw,6,-0.0013404317201785555
cMSPldkfDC_nxxloW3FQxQ,20,-0.006794425087108018
cMSaJCOem8X9WGBnAIPrLA,37,0.00016152761916520054
cMXOwg5C_VJLEqHPmj2PPg,6,-0.006189703747972339
cMbVjMaYqWu-4nkWTw73tw,6,0.003564727954971858
cNbFLxDe-wAsIboUCbtCdQ,24,-0.008786049631120051
cNbwhOrfltPDjmouB8xJfA,8,-0.017582417582417582
cNfeKIYIv07oxqVozMbjpw,47,-0.0007042253521126759
cOKIKCLuUiWMUIb6Fp5N4w,31,0.0008997221111454185
cOXc8c85Ms6dMEAJazLXHQ,166,0.026840091860625997
cOaw7LOj7yjCH9ty8eIJDg,79,-2.3125161536054938e-05
cOgVHdr35XM1ADcHYr3lPA,33,0.0036165291822397357
cPBngGz1gvCS8J8kK8frpw,5,
cPDX2Y4H0fks-Qj5tfBduA,111,-0.002066705908831218
cPE7HJNSrrUmeHPtCOzhuw,6,8.562010360032521e-05
cQ1hUeyI3LsUniWvviMeZw,10,-0.0012684935251306931
cQlpkV5PLr6g_pwyb4M3Mw,49,0.01588901689708141
cRGPe5rkMWKBhNyoLHMWFQ,20,-0.004288330809059209
cRJIf2i9LX8X8DKDG2qjiQ,28,-0.06827880512091038
cRL1p2YtGqKazqlpPz4exQ,27,0.0012718894009216592
cRYlFs-XQ6q-GTNOmcGcBw,12,0.02907754010695187
cRoKBHS3VRVc7jZhIKQWhg,15,-0.0014041404140414041
cSLT_5UIlQ6JKzgYklBNeQ,38,0.0024425840096237808
cSaoPFiZUzaTgnxM91KgXg,47,0.005356034082430224
cSl9JEvF2LcE8HoyrjeH2g,26,-0.007934175727299436
cT2uLApb2zxAclAk40723A,8,0.00025447525447525445
cTRLYSMLU3qYsJrchCVaOQ,16,-0.0024682216463038377
cU-X7l15e-yI2YCsfCGaJQ,8,-0.00018721931372705705
cV0bzqILHSlqCy2KCWxW5w,5,
cV1tmaAsNhyM9vBJTGousg,34,0.002229050824309824
cVJlAMHzPATaA1rCm1Ks9Q,6,9.832170315039122e-05
cVV8GWVIe9BwyCOKwrFgPA,36,-0.03958903688209419
cVZdkfVcux5xGFXUOrEmzQ,19,0.002364335564734368
cVw5sRTxzHW6vSWW5dK4xA,23,-0.11296791443850264
cVwr3l3WnGJEMX8NhxcY9g,38,-0.1822956559798665
cW5UGfBhu11rwhIK1vqbUg,13,-0.0006023538133629876
cWieFH-wIcIsfzJ86Vm_Rg,19,-0.00019826780031788948
cWu31txqrvLHMCUNdmnxfQ,63,-0.009644729178800234
cX-g1iOlexkMU-jKINKTKQ,3,
cXPI_zMAr_LdCND8PMw2nA,29,-0.004100435354864838
cXSyVvOr9YRN9diDkaWs0Q,176,-0.013941547168564812
cXa1G6GYqpKR3hjw9zR3qA,12,-0.006660412757973734
cXayRrbjhViK99vIarHLJA,9,-0.0006674082313681864
cXcMrHmKqMhV0MpvAgLHLQ,6,0.03244134897360704
cXfQ9MqoG41RGd8oIaFxag,16,-0.023376623376623377
cXpVHOurlyKuVPIIbvh_LQ,4,
cXwuokJlPSZsZ3SRKKnGJQ,10,-0.0005391467416783873
cYU-9JM4x4ra-aCxbgtxfg,10,0.001239173751986809
cYnKgRTfDGS0Z3oupc30NQ,18,-0.0002635046113306981
cZ3a8jhARdhfxJGJuu28_A,9,-0.0030435330170857635
cZ4Es9_BRkfaqA4tC7ilWQ,64,0.010980622431004113
cZ6YWew2gxzggyqKcm74AQ,4,
cZHpiiF3HpOKS9Xq-mchpw,5,
cZWaIEHgIfh2yFAFMlk7bQ,10,-0.041758241758241756
cZnS2iTmPY6V58YqHiARxQ,25,-0.06472261735419631
cZwhdOCpa84XrpLQREOtaA,7,-0.00784313725490196
c_sv3DoQnYHKapUucaZ21w,7,0.004529035843289802
ca6Q-AHcdO6bYwU-sGsKjg,8,-0.002556390977443609
caB6Jx4hxS_tzBQnxhleHQ,6,-0.035008469791078495
catgj1WAPbrPMG7Jd7mDxg,19,0.0014479638009049786
cb1qOn3wAGVw8oINX4tqFQ,27,0.000181159420289855
cbDPotTFcIBONQH6kFFyVA,55,0.005688372936695085
cbmX8n3ruCXz1dkyetEnaA,27,0.0018159374011691373
cbmnzbkml6_KtHaRIGXxgQ,50,0.0013633265167007497
cbr2Db20L6P50CsxsX6c2A,70,-0.045372692777670594
cc2QOQHfrR4wUvvSORrlEQ,6,0.0005871725383920506
cd-EkTwPP0G-bOoZtRTaVA,7,-0.0065764208909370216
cdZf-iYQRy5D18gTM95aew,102,0.006073038710609867
cdqTpsr110wSNPMtLCPh7A,11,-0.0032642089093702
cdrMvOVFFBSwYHb3s06U9w,106,-0.00661763771926482
cdsjzcUDJrrdhIHVRjJcbQ,21,-0.000890513685789276
ce69k5JMl4pRF1i-hm9opA,8,-0.08399209486166008
ceDbT0uHz4Vzc8Iazg9krQ,4,
ceHw5IvTMXThwG6Bi1L8lg,22,-0.0023923444976076554
ceSjm0nHamTmAd1tWcuDhw,17,0.006990895796971557
ceg9MFssNC3dlr-Ra4zfrw,8,0.0019762845849802366
ceyJ2tQ_Q5XV7Me9ZOStog,6,-0.00011743981209630063
cf1VJvJIjwccYXwk16U4xA,11,-0.01390374331550802
cfD04ABSXGeOMkpCIS2Hog,32,0.0037201935014341374
cfi_6fdO8OoHrBGeHMxzTg,11,-0.04945054945054946
cfjXBXseOIBKKnAIVf4fMw,35,-0.0038277511961722515
cg4cyLGPnygGv3wkxzAErQ,5,
cgSDm2SJONSeXBED2r-cGg,6,-0.0009433962264150948
cgbPom8eiQ9ma0PdJBhBww,5,
cgemMHINNKTtqhTTmdqdOQ,6,-0.0011069969843875251
cggAdD88gEbzdikA08EsGg,18,-0.004311289733284616
cguva6es8rSJE1GorfQq9w,33,0.004608983249759949
cgwydv-BvXL5A_h_SaCTNQ,11,-0.04835164835164835
ch29D3CT7tkxkp2_FhRiNg,5,
chktpCblpN5Kd_yskQXreg,6,-0.0017286914765906368
chwav4bLLe8vYwSfUNaWBg,12,0.0024344787419918468
ci-kujWfHzsg5zCcqYZLKA,127,0.00173050608557877
ciQrHorElL1_ekMewnsDXg,22,-0.013763066202090593
civtZ0a6aFEOA8hpA3kcYg,44,-0.0032417056753339937
cjToWkyyWysOqR3OeRh4qg,9,0.0005587038071673718
cjg_d3DimSlqzA3LrL4KuA,8,0.008870967741935482
cjiQAJNjeiuYB8PhydOxTQ,57,-0.0009598741148701811
ckF4SrqKfSm8ndr88on1dA,140,0.015070236702115266
ckbvLKwjEb836t-EDKsVVg,146,0.00436256355533237
ckoB2g8pkGrG5qdwxTPD4w,13,0.00022571011875824708
clG11uOkymL7Rem0PgpgZw,12,-5.259835893120106e-05
clQli6NG7s8zMj5xdLjHmw,3,
clriyBytbabM2vR9vyVSPQ,9,0.001971712498028287
cmETClmvGoUZZwBXRtv6kw,19,-0.3998778998778999
cmIQVNic6bUsJza-YkHM_Q,6,-0.0030812324929971988
cmL_EUGOZBaMZe-OAZ_-dg,21,-0.00184508149109919
cmVD5Ai1x__iOtNgoZjkAg,10,0.00048426150121065365
cm_mFt0m1HHVBGpFE0u2hg,29,0.0024292013456100195
cn3GfkDkzhwWBKDNgsiQLA,14,0.0005430822427319014
cnTVdvbPgECZZ50sfV9Lnw,6,-0.0005189509776665741
coIjWjcye5TWh56KkSwZVg,47,-0.0007907569301058737
coQmizmObK58x9fd9SjPKw,5,
coiorbCRjfNkj-0hZ2AXwA,38,0.00014264538976302275
coxedt2VAsol_4ToYwUJ4w,10,-0.0018315254543343948
cpLRN_Ze8BowhfSx5_urWQ,14,-0.48270676691729314
cpnIFN5G_J2UK7PNDT0j0A,6,0.000510204081632653
cqIYskWPVQ0rz1XSG0ohxg,39,0.002062580569553498
cqzAz9oBzPNvJccZ2MNmbA,23,-0.09384615384615384
crvCdEjWgsSQSsX-VKs9ew,6,-0.003950975649088857
cs5cd-2-gwFBKOgMI-xHHg,12,0.0015478359685730523
csBftms0brareTQSFGwpgA,10,8.700976442911931e-05
csJpn8qHQIwTh97JsB7lew,5,
csS_UrBujOvjASbX3gLW7w,116,-0.08797138690186818
csfMjRRfr-sku6L6bhEf_A,80,-0.05808133937736295
csgYAypi3sApguAnRplEcw,13,-0.014915572232645403
ct1bBoZ6GdCFkpp3w0NhKw,9,-0.024193548387096777
ctDyeSkk2VMEbRogxAtYFw,8,-0.004939209726443769
ctHjyadbDQAtUFfkcAFEHw,162,0.09369807389202041
ctOOp80WBFPj3wPZyFw1tw,14,0.0008060801473975127
ctObtwPf9BCya-nDE8rvzQ,5,
ctOithgQFA6023xcfvdhYw,4,
ctlxZ6crKEcPeuzTGGN4sw,8,0.01202090592334495
cto1FXX2m3k0xFghDzqzCw,21,0.0022435622624253334
cu-s8VMSSUKPosPS9ktGaw,16,0.0024662360540223137
cuf0GPuuMwB9uRR8HSuT6g,6,0.00027935190358368607
cunSJWc4s4A2kbbnFoYBow,10,-0.0054829866150620885
cuxsbyiHGPFUvbuuE2q02w,34,0.001337335054030677
cv-SmPhbpwQCtlI2Q7KJIQ,104,0.014333549731779817
cvMWtPYhhVfgi4Pc6wFpNQ,5,
cvOwq9B2n_xD3ghCADyMZg,6,-0.00113262696382901
cvaUrsEX7RnD0XOCwscqYA,5,
cvwYlbvxGOtNNNds_r409w,17,0.00300020834780193
cwEuxv8fBnY70FRsIgHstw,9,0.0011109829700534344
cwIe1jJEMyy5FGdkaYKq2w,5,
cwgBOJDY6ssBrGsLNro1sw,22,0.00032165976438422255
cwn_MBPFUJtme68WURSgKA,88,-0.08676255557876521
cxEqo5GuO0FuF4O_gUYYFw,18,0.0005129014440148346
cy1qlowyE-zHmzfVyBFOJg,14,0.007053998632946
cycBI4nrs7hONELNLPnfew,12,-0.009031198686371098
cyl0ML6y0jj8Jo_sh3M6Cg,80,0.004503705639666213
cz0sBSp8G2R2dqE6cccbuw,33,0.004855617724612516
d-DX_AGIwXTmCjvLQYIckw,7,-0.00031386048395261703
d-bKuEy4MTzOqeyhogIvqA,28,-0.0005923731951129217
d-s07Q3CxJQDf0rHI1-8kw,5,
d-wsqenNiu8fkZGpdw07dQ,41,0.003702919795218268
d0SWibA5U7XIKn8I1VNbPA,14,0.002745799430687457
d0kjsERgstlfSBfkFyhhcw,10,0.18787878787878787
d1IQ18JJEcVvqyscjzi1wA,32,-0.044599303135888516
d1U0T-4ghFp-OsCvqTZ5pg,12,-0.0011260831392907586
d1Xi74Pc1UaIxAhrs4c2bA,7,-0.027972027972027975
d28lZlSps97FHhXZazJ8zA,142,-0.007162746755506936
d2Wfyih3EdRJnOC6qEiPOg,5,
d2jeA_Zvohj3uLkFNeguxQ,7,-0.00602475032566218
d36q8xxhWiKhRaRs7Q42BA,7,-0.0989010989010989
d3GaO8eZgbwUOsi5mcsqAQ,9,-0.0005845816587504573
d3Mo1nrFbiOPa1_8xs4YHg,35,-0.02722617354196302
d48Xrx8MhGtdaLvhcYzNWQ,106,0.012314274471988077
d4QDtxEVBncaFLAxggRoqQ,32,-0.09771309771309772
d4QFJfL5q4nguXfWJUphZg,38,-0.0020445770445770436
d4llp0qNSbkSxGIMRvYprg,69,-0.011036975257158743
d506Vzct8XmgLrQ5SOoA2A,17,-0.004370629370629371
d5fAUl4lKaNxGfiXj4Kygg,117,-0.00808663752096159
d6bUs1pohZndzv-76YpcYw,20,0.0007268136870493278
d7DoRFqo7MTQG6SSNuHoKA,13,-0.00017607265313687343
d7nNIaYRfD3lPHzV3DZnwg,30,0.0016521372328458933
d8FgfM31dou00aYDqfx9Dw,33,-0.03355414746543779
d8PEE7RgQyaiAQa_7FklvA,26,-0.06138125440451022
d974XBCRIZwoYbUrY2Rd3w,44,-0.057040816326530616
d9T1Jgf4N2vY3dcMlnCgeA,102,0.006599287733405043
d9VqIHwmNj1VOfZc-gWwag,26,-0.0017852715100421521
d9bcNc20M6jXF5V1PiujgA,123,-0.004618582533671232
d9eI_GFFIvR22f63Jt1MtA,40,0.0007049554219365534
d9qfEl0SxRCy1SEkVIHlaA,20,-0.006639194139194139
d9vJVJM2DifqWYN4Q4-gow,49,2.7995520716685888e-05
d9yY8vavRGnq3sIi1khJWQ,14,0.005405405405405405
dACR4DqvhmNcT1DSyr_XIQ,40,-0.001359559402045633
dAM-uwfhhF6pOyPyvpxvNw,6,-0.0005689900426742529
dAaWxrY4le8xvTMqNjIRtw,44,-0.002143569292123629
dAyIK3V2FO7sU-ICjtIdmA,15,0.0003248175258963393
dBRWKIS7h-qZCi8EjUJ2HA,158,0.015993360964897962
dBvPiHAyfyVXRHY_SPSfjQ,37,0.00088532589752527
dCFptNgnFQ8t0IG1Mj1NQA,28,-0.011561007381676076
dChRGpit9fM_kZK5pafNyA,49,-0.24434389140271504
dD8qp4Ro74EI4DqQl8FFCw,46,0.0009281224451503087
dDm19TZjAzXM8oN2jZdRhQ,16,-0.0070134424313267095
dE2gEdVmQNgLNkJAoiGSZQ,23,-0.056582633053221296
dEZ1cuy89qDfFjy12tJ-Ng,30,-0.0013469502633589323
dE_MaaYrXBAEebtH2u_B-w,12,0.00043939820022497177
dEhAt44jZaAcJtQCEa2Lqw,17,-0.0005635227395874726
dF1064EcYXPcJ1ENvLN83w,40,0.0035853427224151655
dFAHHp-_MpKNz6PqaJYVjA,41,-0.0007203589985829003
dFBGpQvHtQ20HVM6cYeFWQ,9,-0.004177683765203598
dFEnHoG5JZSFUsEJYofZ2A,10,-0.0018443997317236754
dG-gZOWzn8iO1Rvv_fbXxA,174,0.011803363842748583
dGLmZh5xXBbJfTGRLh5epQ,6,-1.0076328186009106e-05
dGaidaNAdxm_leuUqYHNog,11,0.001248371689101172
dGyW8a78NJfwQZVllZ98wA,7,0.0015335295840204677
dGy_GFVHQbmqzcIpSY6fSw,12,-0.0001273535923509472
dHFEcHJG2LmPBJ0X2cfj7Q,63,-0.06800794142566294
dHG2xxIN5KDfoMFWpUuRQg,8,0.0005877167205406994
dHfeQWw6Q-NceoILhTKKUQ,10,-0.0007722007722007718
dHmTdRypfeiz4FYUVlEHNQ,22,0.004638764115696229
dHn2MDmexNc61rcLbtv6tA,7,-0.0013265306122448983
dITkxWBe92OzvXA2kJWz9g,2,
dIplIuCRDhqZQ2OVj1NjdQ,9,0.0034965034965034965
dIuZ9SDAkiFzg1yuA8RkeA,11,-5.038164093003959e-06
dIwOZoxwSpPUV3eMYFzPqw,6,-0.015384615384615385
dJ6M_mkBIkKignlonnx9Xg,10,0.0026952980377637917
dJ8AAGs-Hodc3dC9YFj-uA,10,-0.0011299846905299992
dJEm7VxFtWT5E4k5Kr5bBA,8,0.0015721572157215726
dJGZ4w3ujr-X44XPOzxOfw,13,-0.005435417884278201
dJH7mUzf1VFgysYgWjH6fA,35,0.0005369127516778521
dJKg1uEIE7cst91x8F_PSw,92,0.0017207840790064346
dK8PxVPdj8qivBNiLE79Ag,2,
dKO6noW_4r1QbXUqegDsjg,37,-0.002000094344072833
dK_qONtd5z73i6fQ1BTrTA,9,0.00017039922103213235
dKfMKFaiHC_9XLHdqhFN2w,90,0.0021739130434782618
dL4UWm_L4fX4He0WOgVRVg,13,-0.001877232631041773
dL8WVYwZnU-JSRw3bv0cZg,27,-0.004629292119268059
dL9-kgQxtB-mmyvbwbBriQ,5,
dLXkx82ZMsR5NLkCRtg0Dw,28,-0.014517265680056377
dLfJhzrUNoL8LLV2rhi_AQ,4,
dM5-fBUJ7vII0e4I3Y--bw,15,-0.0031221091581868647
dMGtqC5xKVXB_y9OfsJmHQ,6,-0.0004858627437748835
dMOozW28RPXGlFlpyfCoxw,16,0.011205073995771671
dMOv-lIQ9-2TGOfuAyzgOg,38,0.0023381439974199795
dMameAEcJgKSGQDcCYYjxw,30,-0.005943614559225752
dMjsYCAwxkA6nhdsPBvhsQ,8,-0.0026189217093500554
dN2whsRNU90vPfocjdTmzQ,48,-0.00573573236574022
dNhZQWYVm3V4rnyqL3oWVw,21,0.001820046753494585
dO4iyNK2KzLMe1kXLCskbw,12,-0.10259740259740258
dOQG0KWwxfgjPsAzoM0KSw,13,0.0004374004743061393
dP6JIIOG0fVZV96JJCEwgQ,18,-0.001595744680851064
dPBup9f9QMW-L9d7IQme0Q,42,-0.1552548415849607
dPzlIxBzlC9s2NAxYzTGVw,13,-0.0006979911474293499
dQZlvOEVNke30MY5iTiy1g,139,0.013062582386541954
dQz8GzXDTllj0XT3HVkYbg,37,0.003424056189640035
dR54APnpymYQofIAUx7aWA,5,
dRdpyxn506UOywojRIKLhg,12,-0.0011000157789148618
dRx9ke-1Ap8RtmfHkdN_vw,7,0.001203632782580151
dSKQunGYhaf7eCrskfrVzQ,19,0.0005930868316189417
dSPA4yql9vUwnYRxHiVtHA,66,-0.07586732301922176
dST75t2bHG-JtNTiYuSBMg,37,-0.01807975504847999
dSdnWJxvhLwvsDfRI1lKuQ,14,-0.006342494714587736
dTJRXFxdjmDZYNqe8iB86A,11,-0.23928571428571427
dTL6npuTfmM-kieva8U43w,56,3.354203935599278e-05
dTUoJr7XqWGX4ijtXzq7-g,18,-0.0017875383043922369
dUDQHe-7bsooRbSFLgSqgw,5,
dUbPvWWUxq8ZH7oMu1ZmZw,37,0.006272353600597876
dUrtFfHBz15Q4GiyDFAqUw,17,-0.041666666666666664
dUzR2vZ6nhuGdrDV2Dsr_g,9,0.03846153846153848
dV7t9cVUPfhv0FHe5-n-FQ,7,-0.0008808342614154097
dVC2Rg_BGW3XOIlvEFxh9g,28,-0.16429587482219057
dVKHPRNhgpclJ-E2CoZiXA,6,-0.04354469060351414
dVtFSZCtuhCNaUhWfo2vng,10,0.000522969647251846
dVuf1zQI5MqPgsn5NoqB1Q,15,-0.0013716230293770398
dWAaS3h2DbU-Pb9dvU7qcw,17,-0.007992007992007992
dWoJKEoFPbCr5pL2Y0LkJA,35,0.012200956937799042
dWoYU1l6t7_VB2LHYLHxmw,25,0.0005566719039204806
dWy46lxhiTW1haOBtCj9fw,5,
dX8dnwxVTpUvHXHlOXjgcw,22,-0.014973262032085561
dXYmCOVFSsKBkRq_0-tIaw,33,0.1277856804172594
dXvNGmR8gGmHheK5gLHvkw,50,-0.0033400771080658097
dYinIkKBspHV5hSaukklFg,141,0.015215968586387435
dZOiUVLqinNT8e_XUaq_qA,12,-7.224650507532065e-06
d_2gSlgHT0dVEAH1tQ88NA,72,-0.039321236521139266
d_AEJ6ekjX79tL5RZtwZ_g,13,-0.003799168800638093
d_FmnBZFb6o_1mFZhIRM_Q,34,-0.0006167950656394748
d_I4GH4Ek_YM2tpsuXW6mg,8,0.0013834962288570537
d_mwzVgpkFo_D9mjSC36_w,22,0.015444015444015443
d_o_PQ-_-nDm_xg7v9gfeQ,7,-0.0008684324793747284
d_tRshM-w6S4QxE4VVi8tQ,165,0.008094159455280364
da7OrS3jV_VgrlIbjUyQbA,48,-0.0071846649107404174
dbfm8H0KQRrxT_QSXrQZ-A,4,
dc98lqGzBSpZZExT_LSiCA,15,-0.07783251231527093
dcFsFGyxx3XPi49sjP8Q5A,4,
dcjXoskVNRNB8NVPn_zmHQ,11,-0.0008852570650323457
dcmaQZhv8eaKptO8B4hZKQ,77,-0.030319148936170215
ddP7ISSxIhqsyzfx5hGB0w,5,
ddmwkOVNategY1klPbAFsw,26,-0.11932773109243698
deA06KLDS11uTDtUUrohRw,20,-0.021782377678728808
deJd43rpViQxkOmn-gz-Lg,43,0.002643385678861806
deVwhY98J_r69DVedK2x8A,39,-0.0015508842833321008
df23M3Tt7jWmV7FIIXwZ2A,26,0.005170068027210884
dfFeEgpjkY8q-EK0ifsDjw,47,0.0017029946565178945
dfKF-oAUf3yjnD0WBYDyZQ,50,-0.031882880112463215
dfP7vEVqcgFWmObIInwFzA,32,-0.00043741342859225814
dfoptDebFhEZCZwFxuZ6_w,23,-0.03204633204633205
dgGuvdysSuWOv2dKqZTbVA,106,0.009090308780419928
dgKZ0vI459VQFJzu_RB7tA,23,-0.0008782297514691885
dg_sWT4te9aL_am_v8_Isg,18,0.001829146303123839
dgm6jrUZj-vAWa1OU5rbNQ,42,-0.1305642256902761
dhE9-buyVmegxziG0Qb6Jg,19,0.0298719772403983
dhIpGsx1bMUC2nsV4ckB-A,25,-0.0039053751399776046
di5ihAL9VWoctHelY8kLTQ,55,-0.010033119033703488
di8vrP8Hpz9ueTdPg7s66A,17,-0.09279609279609281
diXMgEnp5_CFUR5Qe6J0SQ,5,
dikz-Ln-YVa1XC7WJQQgbw,8,0.0009178321678321682
disg8YUCaHC2-NIUDTTNyA,8,-0.0004315460135936996
djGSPb8zwOZ-Cl-DFDubsg,22,0.005128828390860476
djkvznaFb2PtcdlhW88oAA,20,0.000874451184847108
djtU6hvMyFN7emAJu9FvhQ,33,-0.0012838946153378825
djtnqoRyGJNC0BL8B2OTkw,7,-0.014822134387351778
dk9Ye4ixSe54Sc6Q2kF3jA,7,0.013415892672858618
dkxCH6f6-YXsmfWDEiZs-Q,39,-0.004579502894109635
dlBZr-NZWfEv6S6UH6I9Jg,7,-0.0028299855424651636
dlFdjPUJI1eqRs8WVPE3QA,51,-0.03644475548945849
dlq2kRHNaW7sf9oCGiTC1w,5,
dlrnA5FAdu9ZYTjP3ffmnA,7,0.0008383791336748953
dm9UbH8XPAP6735lHRYILA,5,
dmAdrx07KpSwrlViBrpNCA,16,-0.005892573846037623
dmgYOp1VkNfzy8OhkrgZQQ,6,0.0018322762508809025
dmyPzMRNgTIOBRT11NFcvg,9,-0.022167487684729065
dn7fj6iePzwnvyhtNmiTrg,8,0.0008566533409480294
dn8KhjqxANODHPynkxeKqQ,12,0.003486066172633337
dnGCBJ4ZughipTqmuh5xQw,35,-0.002861631691168219
dn_BCrlJMZF_3UQd61lOVQ,17,-0.054187192118226604
dnhBn5mY71DEELyvTrBYFQ,8,0.0005879059350503919
dnhfr6fk3qsxtCjPFPuBrg,43,0.0016265704579336187
dnxBrWsHasYXofdKVcM1GA,52,0.0015012656018154843
doo0-waBL2E2kzySKMBvQQ,16,0.0013608428446005268
dopAIKuvrnJhQOX1UhtOfQ,11,-0.00040269479000010894
doti90GE8LhHP9ssbUuFTg,7,-0.00690537084398977
dpdMVwjAFOkwITNnS_Hu7g,9,-0.21666666666666667
dpiaAGgEMm9Lf8dbx0yEJQ,110,-0.016913379910567534
dppcN3xQKkMviTR7fkNwyw,46,0.0020585360243804266
dqCh-L9qSQoW6YudvERNrg,2,
dqM2dvE9LsQwzhZwTvVqJQ,12,-0.0013512575825636646
dqS2qXTYUpF7S-DeHhYfYg,24,-0.0016761322863059476
dqe-f0X43pNhCO4jaFka0A,56,-0.029723228959197222
dqtxVD047wFtHltVAgfZfw,8,0.0011318208220863087
dqvIsA9URHqQcHlR9qsIfw,7,0.001219235710507091
dr-xB6UZs5XPGa6sgVtnqA,20,-0.0050755175489864334
dr6qbfu8nTHA0pAPf8z6_A,5,
drvcAOOScpy-txLfImR4JQ,24,0.0075983376012761835
ds4Vf2mPGm3NXb0IvpsNtQ,18,-0.09656226126814363
dsMznMWp-gMj1U_4yjIT6g,11,-0.001370746653765521
dt3tbG5HHSdTCft8Bf0DwQ,7,-0.010526315789473684
dtOiL5peZcmq0XU3HOdHVw,4,
dtPaLaOaahAdn7wUxsK9QA,14,-0.042084942084942074
dtsnh96yn64IT7sErc509g,30,-0.03921850998463902
duAwbsF-DSd8BZomQQJ5VQ,17,-0.0017507385928438543
duf2PORLOL6it1dTGhSnKA,19,0.002017393406825892
dvLSJwmlPAZioS3R5B3Wtw,99,0.010122917048159678
dvYS0Y_RHFGyR4Q29rqm3g,18,-0.0043151969981238296
dvph41fD_t6Kd_ChSpmNSA,143,0.012098522534955173
dvxyt7YVvJ3Ubz60jQbutw,4,
dw2Sl_LX4elRe0Yb6dSGqQ,8,0.006020408163265307
dwJL0XiFv7EgCts-wjQpwg,6,0.0007490636704119849
dwOsLnuXq2RthkEN9m3lAw,9,-0.2
dwgzsUfgMcbkI232jytX-A,8,0.0008528784648187633
dwh4dy4zyrf-NTqaCYjH6A,79,0.004003826666194241
dwkI0-b5PM2-yn-v7j2Agg,18,-0.1764705882352941
dwlngUMWtq-_dTxe3-8waA,6,0.00105968946728755
dxf_k01xk9bdlv6kM45Z5w,6,-0.00663265306122449
dxuFPsY5YKfbWyQgaTIoPw,10,0.004782608695652172
dxyT5_pC9nfXyGUetrKZAg,28,0.0008916662920169644
dyE0EyZgUpgzF_jHspeZnA,18,0.0007834239479429765
dyELPSU9bEe20QpCQ8pn9A,6,-0.0011331872780841578
dyNgfmu0wiQej_ivrxOSqw,7,-0.004048582995951416
dyuJT1kr1UlojGwPX70w1A,8,-0.001945462730722233
dyxO905efg4xDODf-FCzZA,44,-0.002766518194288181
dzNHPZmXHFc6_6BZQVYAeA,22,-0.0699812382739212
e-ZyZc24wgkKafM3pguR2w,110,-0.005945945945945945
e0BoeJPqG4OD3DRPOG73Jg,27,0.0009298837645294342
e0IBYH38Cag9jjojUmTAPQ,8,-0.02077922077922078
e0KzISSDK4b4unzirf3cYQ,40,0.00390257798034468
e0M-5mblsuda0syws5R68g,34,-0.19061166429587478
e0ZGMlXcMQ8bfvLFiLfuAw,10,-0.01668520578420467
e0aGg7U132XQRup2qa0Ztg,5,
e13n0Pdku0VjN5EEF7TujA,34,0.010586527789635447
e1CBgTsKHCcJrhx-BzNhzg,46,-0.0035927712578299378
e1L7zxPnI9TeCqFexdstdw,22,-0.00015236713223290403
e1crDTeS6sYT1EQ4fc95fQ,19,-0.00016745328363485266
e1nfM_rumu9l6dLCclprAw,31,0.006487183702373573
e27sItQBZuFbBPz_Ucq76A,23,-0.052139037433155073
e2XHZiaN6tSQn6xY8zgktg,3,
e2l19ABu1xIn9hnvWukJ3Q,39,0.002155738997844266
e35x4wEC-SQaj_2_O7ZyZg,8,-0.1481203007518797
e3Y3hDpwHc9RmQlJtIgHuw,148,0.0008214537612239921
e3fQkykBr9V9jr1g9VWliw,11,-0.15454545454545454
e3ph3NO-eTeWnJozPRxxkQ,11,-0.0007591845679431053
e3v336LEOpoZedoFAdQoXg,10,-0.002203785325382421
e4HGFwO2NV_yTLE5lDdlgg,41,0.000623721674328183
e4InIycH2PAJWccBBj0tAA,40,0.0013824884792626726
e4MoozYGqe_rb4_ZC1rYMQ,125,-0.014219535193806233
e4akHZdEhNWOiaE4hj0OFw,25,-0.0784313725490196
e4hdGUQH8IX0Tcx1Aa3Ltw,7,-0.0019163763066202088
e4iAF4nM2I5CUulBm4OrSQ,23,-0.0007692307692307624
e4lrDi48799CTlV6CYVufw,6,-0.0015576323987538938
e57HVMhbHJ37nQ363YAaYw,29,0.00657598559392887
e5JRwLlsLUgt-q2WBnGkqA,9,0.0009823000648688722
e5U6_oaQXh_VTTWuTFkgOA,5,
e6koMMDPeRixkV2Jxv8msw,23,-0.00015665553142213583
e6tfORR6k5fZa2_uZgAbzw,8,0.00020604395604395604
e747H7dlPXtZPo6VdSQelw,19,-0.4954887218045113
e7L_WgUY6kXqlkspUkUHzw,6,-0.002258610954263128
e7PUSXlcOfel8c7sPIA28w,9,0.0034176349965823654
e7_srfXOYuHkX6fAim1T1g,14,-0.8441176470588235
e85sw6dE3jNu697Hb3BskQ,10,0.012382965871337965
e8jerbHMWQ1JSYxKtXEt5w,6,0.0033492822966507177
e8l4qKiNMzEOqm2PH18E2A,34,-0.0051790314948209695
e8pMCk4bE0U4qk7z59Lxkg,9,0.00985221674876847
e9CyHKDfTSfKYLs6KAmN1Q,5,
e9sI-IwAci2lGDsRiZ7--w,5,
eA3kfdDTOPAT3NfRhKOtiQ,9,0.0007874869053209549
eA_FpMeiRDk7E1Zte_CHgw,15,-0.00029654341580947124
eAm3CB3aM7RjOOqyBKG2Ag,64,-0.02006828123332978
eAvshvKv5PaUTS3jQROGkA,77,0.0060675764913053045
eAzeb04i354i6VZFI4bJRQ,61,0.026012668214503078
eBz80AQbtpXqDPe1fIelMg,2,
eCFlRzJUc7Mk3bw7Sv1haQ,16,-0.0028237585199610516
eDDsEhpYHGRmRpV5uR80qw,4,
eDFzAhqPm5Ch5irJdiba8g,56,0.0003203627492052539
eDMFTNR_o3Z2wK8WmAo77Q,27,0.0035845649091643846
eDZqkqNsTnlhrOox1Rh2lg,5,
eDbULfWrlrmdkyy_VKvzgg,20,-0.0004008365284071105
eE1VUJ1ZjOv_ee21fSztxg,7,0.000642753472942152
eE5rsErCgdkqBe5FnWn6oA,20,-0.002118933697881066
eEAqsjhRZd8diGALYKUqhw,24,-0.002088981732521446
eEKl9ZI-QB_p4XcNPXToHQ,50,-0.030801483631672313
eEW2LAE2Fb8rZVE2rtNeyQ,9,-0.00504776378636561
eEi1L3HukfplQJE9h7oXYA,8,0.0009315499606608968
eEquyJ-Iy8yYjxvAunHW7A,11,-0.04959677419354839
eFB8nsciED7EupYVyAnTyA,79,0.000979544799769518
eFLhp3y2BjuZAE7cUZB_Kg,53,-8.617672185877845e-05
eFc0rv7SO5x34xivOqrvYA,9,0.013445378151260505
eFvzHawVJofxSnD7TgbZtg,102,-0.018446161919755736
eGVg2kbDw4Asgc1iSmXCgA,28,0.011721194879089613
eGmbGdkhPjw2gniEIq-E6Q,12,0.0005950597200222614
eI1GgwM6Z2tEOkb8nuf6Zw,34,6.327159712696332e-05
eIZxYl6fB4NNY9s67QZhLg,15,-0.013093609536837993
eJ77e9lGxY3ArzaoDbHhYw,100,0.0010512537747224997
eJDUZMLSwYT8QRKbZVTZKg,15,-1.0588235294117647
eJaeTZlIdM3HWCq__Ve4Wg,177,-0.007091025994305131
eJhXqSKaYzDS4WBeDq8vEQ,5,
eKEJ0gZzw6Ox2CYZ5jKQUg,9,-0.0011789181692094316
eKRGSCTYtYO3ltC69jZrPQ,33,0.0009566450298980113
eKxKm6fK0-tO_WM4D2_5xg,14,0.0001883673547841461
eLAd1Jw-g1NKymBx1XPDoA,124,-0.0012814467020687678
eLW6dLoA1nFriXpzzPxvxg,23,0.00010045914395110369
eLXLVbJJlqslB0MZNY1G6A,7,-0.00027500394472871573
eLbKuFpCtHEjCkoWkDDk7g,51,0.024203876035174595
eLi0bpsDoWQkBhJX1d46tg,140,0.00274007991182144
eLt-dwl-xxXj9nklhs2eOw,75,-0.06028029941073419
eM0p8P_WCJK-sHcgY7aXLQ,33,0.0023160238023888008
eM5CowLA4lGmATovJrLRXQ,25,-7.334589294433459e-05
eMNs566mbPabyLvWYuAfLA,11,0.0006706290763728171
eMiN8nm70jjKg8izikVWDA,162,0.01641949004377847
eMjnw_7wp-CscyNh6Lu0ZA,39,-0.012097622554176311
eMlGIvwFBAaSGSp0c0Wnqw,12,0.0008519961051606622
eNeVdj_VqC3p5ofo7SKEyQ,8,0.0009783933258342712
eNhMUJbS1MuG3hdfk3wq0w,4,
eO5MbK-ujRQMwLWqbAMqrQ,38,0.0035889785889785886
eO8XNUZBVA6XLEONqipFqw,6,-0.03307692307692309
eOEjkrby-5R2cdYqzXiBNQ,33,0.0007327272387850727
eOGKLFgK1mmtiwJQ3Sm6cg,6,-0.00013657204175202432
eO_P3388eR4RGThdKfijWw,11,-0.0005471058102637051
ePIFqXd6lwSLqAC3uP0P3A,8,0.0008665642239967753
ePr10QLxW-vFVJBJ2WQKvg,20,-0.026172607879924956
ePs4Z_Nqsm5-kQk_hAp2Dg,105,0.0006234724923936355
eQHk2EMRtkYZR6DH-xGQhA,43,-0.011928651059085842
eQJv9jSa6SNLb9X-uSJqgQ,9,-0.7272727272727273
eQpxl12H7hhcpcvPnFh1MA,11,-0.003373843642300019
eQwNIQyZg9MP0Ute5q-1Ug,9,-0.006935442053409385
eRG8bCEd6D4IO83QB27eBQ,6,-0.000610500610500612
eRa4aOztXDs0px7bUakoVQ,5,
eRdMVvBObDLkZ5ykz1irkg,5,
eSoikzs5htDlz5HkbOymPg,22,-0.002188782489740083
eSp-Ip1ySg7sEWibMtakww,8,0.004945054945054945
eT89P1EOcc2aRqARtuG4Cw,10,-0.006403940886699509
eTx3kjznjf4PIgRcTvn5nw,13,0.002992718746143404
eU2xVsKv3d1cJicQh_q6qg,7,0.09440559440559441
eUGE_8Y4TU5vVQVRza0Pig,7,0.0004051535531966613
eUPf2XQgiZEVRO8-5RrSng,28,-0.001490683940670207
eUeVuus97AKQLd9-vhfGQA,5,
eVFJcel5xmGOAGUBwyxS8g,117,-0.0015448470653072475
eVblljyX3L9vMA1pIl1xUA,5,
eVl0n0p1YBwVtERGmRqH2A,16,0.002871578641270762
eVzgXdm2cWUCveWXfKDCtQ,21,0.0005107266246978658
eW-x-E1rmHeDxgymj2j2Kw,9,-0.0020039661830706604
eWGgUcck8_URDKehHqngOA,13,-0.0027402265253927646
eWV5R5YV37uWCfNeclZTyg,6,-0.0010458642222153866
eWVXZ2C-YATIBXV3bezXGA,29,-0.0018895293354200854
eWWGKu8f-DR6Kyy-Py2qbg,6,0.00022651231771452865
eWbDxvMtmQR0zcKU6Drzsg,13,0.0006309076759174608
eWnm-cQ8a-4KmuIqUm9rLg,4,
eX1E0J6uh8a3oVazer1_yw,25,0.0022109007017206573
eX1y-liKYdbpX0urIWMiTw,43,0.0031523857132655245
eX3njv9GEPmr18YKhizBig,52,0.0028735154427208887
eXGnRQMGYgH4dahF7SiHCg,7,-0.002741702741702742
eXKblEHP3YJYU1Awz08hVw,113,-0.006760708990246623
eY8exh1aLVVhW6z_M0u_Eg,81,-0.05675739421670832
eYESS3Yp-yTi9dC8pGkBrg,13,0.0018772326310417735
eZ-t73r7ETHjyclRB7SnwQ,71,-0.0027327511198478936
eZMqURgJZwhwlEb5rVNG8g,17,-0.0022974388613950796
eZRy9VLzfXRhe-p5lYi80w,40,-0.006493202062822315
eZY83JEDe8ZIu00uAhj13g,10,-0.003408218125960062
eZ_ojItHwZ_u9iOgJDrHAA,17,-0.0014222503160556258
e_3I3UEy6ibfDiABDPQCTg,8,8.20440693858417e-05
e_DEJRat3uoUO1N6WXKHyw,8,0.004602022297122116
e_GHaJxhgEz-OMn_PEV_Ow,12,-0.00298523664785063
e_PZdm94yiKVFIZidSD0Kw,9,0.0010204081632653062
e_lqKAWIiE8wU6mk2HPI-Q,45,-0.006527133455604703
e_nJYz42-ZKvHGtP7j1zPQ,7,-0.0002641918439235875
eaDZlSuVS0EY67Ke6pRP6Q,175,0.0373809379501979
eaUSPTynZkTg3qj_drNxPQ,12,0.052941176470588235
eaV07HGOcyb27XobHVl8LQ,102,-0.007290471677722914
eazV3X8nptiyZk_w-LHXLA,2,
ebPISCtao1kgMf31qkQzhw,6,-0.020000000000000004
eblnR1cQsR_aeUkNu38VkA,60,0.00010060362173038236
ebnrEK3yNKkZE_YMVWzlvg,22,-0.0065284178187404
ebr-cEj1lMY-nRCj_aVeZQ,7,0.0053475935828877
ebuycCvuqc3kn4wSBBOxVQ,79,-0.01359066063836966
echcBPjvo9CKDyU3qi9kRw,9,-0.00647548566142461
eci7H50J-n6n-5WfQzGt-Q,6,0.0012178051511758119
ed-eGpyeu6K7pHWoqnvOkA,10,-0.003456959706959707
edU5K_QDvydTbWr4xfCfmg,13,0.0020751855694788103
edWI2px4DnybNaS_N4YkaA,12,0.007873303167420815
edZOMuuz6TKNGnsE3ms1QA,38,0.010541408252117333
edglJsudUEULkxm-rLtQbg,58,-0.10202834120589055
eeKJYP614nNnDwnjKpl7XA,12,-0.07448107448107448
eeYJ8NkyQtSwMc75QWsCTA,16,-0.0028555431131019036
efNrVvbNw2stIq2PvCDV6g,54,0.0051716350496838325
efNsDtdqNp-gDanRyJs8sQ,19,0.0019717124980282875
efxiiiwXpF2pEsCfgeQc8g,19,-0.9456140350877192
egFo1PkGkKM-lPli61raiA,7,0.0009222661396574433
egfW5WNbWaV2NZAyvREsVA,13,0.002026790914385556
egk4EEv8KcmI6ZFyUieVeQ,18,-0.05467980295566501
eglqJWbxNrSUGDe1Me2JSw,24,-0.0004418843209973962
egnIRUFaiOFdXYReuproiw,12,0.0012407780013413815
egtZ6tRJV-MtSsjQESTM-w,7,-0.0012770372735254208
ehHQQflMgSUX5T3PFyjBWQ,28,8.39595315058135e-05
ei3mGLJt99yfQJThqbRbag,7,-0.00200222469410456
eihrYhmj7c-guNYUgKLVmg,9,-0.015647226173541962
eilf3Uuzr7d-2SOLLoA-ig,53,-6.961364427427777e-05
ejGvT928AVjXPb84T8hmXQ,26,0.006914706914706916
ejRuEF2j8_w5qQbwEQ8GfQ,41,0.0017462548873171367
ejg5XYqnNmPjtwjeFU5GaQ,6,-0.03853754940711463
ek44MbBmjmcQywn8Y1rVZA,10,0.0003200865586186689
ekpKX6X9ibPOnmQSaTfRGg,5,
ekqJffSZGsAN9_v-F2yrSg,23,-0.003745727956254272
ekxvAyD2T5v3GS7n4X_3dQ,55,0.00023020169135636007
el-WV1mOpFmrQOowLnh4aw,135,-0.013429561016372557
el71vYwT5M1bc6oFsBdqvQ,16,0.0013937282229965157
elSnD7Vuxnlg5_9gTqBqmA,88,-0.0272363865883748
elWsPNrZ62gt8-AZ8V8TNg,17,-0.20098039215686272
elbqy5pmTuhPo6-VZR5g8w,83,-0.003539301409998169
elefZTz-ufvpB1r-qOjeSQ,59,-0.07320804195804194
emeIVZ3qJEb070uh1cucXQ,9,-0.06372549019607843
enBi-JPJ8hXXYkTRUtDTlA,10,-0.0029583896070486853
en_RXTfwOL_NiInszgD2ww,16,-0.0022669532929450852
eoN0GAIRV0WmwUm7FmzKgQ,160,-0.007922869392238347
eoR7g773B74AwcAeP_x01A,86,0.016208960638490838
eoj3iAmpgbRIi56yxcTQxA,22,-0.5707692307692309
eojelOoSqXc8fPUosS_wZg,4,
eoooZrFnFZhRVuBH_LGcQw,10,-0.014166304819800262
eou37hSU7gpr2XlpJ9Fucw,10,-0.36363636363636376
eov1KX7DORDFBPXqHbvGnw,27,-0.028225806451612902
eox0eTlcTFf1Txwor-b6DA,20,-0.0011552801554376936
epVHdJqIFN0dtAiFvnVJVg,80,0.005044908172840607
ep_CRM3EQALDlEWURWc4rg,46,0.002726340677505074
epemZhgcKNa8X2kKUpEFow,11,-0.0018744354110207771
eqK66D5jQRO2eY1_MhAo_Q,26,0.00428676625289291
eqNutOMnPqKa9QDAY6KfEw,50,-0.1542493146266731
eqgkVnsf6WWqEZlm4xXtoQ,41,-0.013059910414333704
eqoyosqDGli6zLY2TRR7ng,5,
eqqfXrtdXTdwxR0qt_nn-Q,47,0.0045064113943929325
erObO9jRvqdnSY6uyeQTnQ,13,0.0023715415019762856
erbA3m2FNa6BKMlW0a8P_w,43,-0.0003072515057174705
erz6oUEJdx787WyOlxMARw,149,0.016793728201487706
esDsSAVSPI_A5GxiF0at2w,12,-0.0006156213928434015
esVdHIU-lsFWRWaIm7_pug,5,
espY4ofSQAj7PX_er0D_TQ,34,-0.008563300142247512
esrz2kFPZB7oPiC-Pj9ZiQ,28,0.001367676401233448
esz-9OfoHkL6gtMUMmHGiQ,5,
et5lfT0NPg4Xvn9jvDKxpg,24,-0.014979757085020244
et9os3PW4Tm5SB9eBTJg9Q,4,
etCUkzk02xjyNMyo6hn3eA,5,
etK5pTCprPuKJCtiU-iLKw,18,-0.004439746300211417
etZqWE3kh6KKFCf8WkMSaQ,7,-0.003685897435897436
etzkwuhZGHUXJhdPC_y4pA,57,0.0004921310563039153
euNJ-Jp966Lfw49QPyDVkQ,19,0.001000938379730998
euYhP1oVHnXITQ3VldrI9Q,5,
eubQohkn22b4IytlVNz20g,58,-0.0705800017496282
ev8KX9xeLe9fP9y-vV81tQ,87,8.369426485050308e-06
evM71YsOcaH9NVNWbJqMxg,25,-0.013548951048951048
evSPTk8ghmt7lj9jGQR-Ow,12,-0.0024609656421143893
evWk1epmpumm2OMCdVwnPQ,54,0.0031834106235191684
evZKyAZ4UePe8RLPzBDcbg,10,-0.009109311740890687
evfpWyT7mG9rICUyCAGwmw,7,0.00023691682368575943
ew59ubIO3CPQ7UqJMfm5zA,4,
ewHB0gOdZZeQlkjvvST3-w,7,-0.09523809523809523
ewItS3JdVDx2d7BnZYvqZQ,15,0.0012143650499814884
ewKdZOI2cMiwehOG7PROyQ,6,-0.00166997181922555
ewLF-CJ70-jVixC1eAWwsg,5,
ex5Jgd9DUoMhteSFfmAdjg,5,
ex85GwzAdGm0cWiZ7toVGg,12,0.0008428464739144348
ex8RrhAhVVexndFhmNfG1Q,51,-0.08556998556998556
eyH035q5IorJQjKDAZQm6g,10,-0.001152405646787669
eyNbnEMvQ4LpUar27N_2XQ,10,0.004896313364055301
eznriqn0sKt0D594H5OCcA,32,1.172058134083451e-05
ezp2hD0g_VPcZ53QcdFtbw,6,-0.010000000000000002
ezx3NdQHaCAxmtRje5sz9Q,12,-0.003945926196565583
f-E2twzNpM1EukmqYytmmQ,7,-0.006442577030812327
f-UUhQPwzvvjMroMo5qqsw,17,-0.0035750766087844746
f-XoS1T_myjTKwE11eq9sg,14,0.024703557312252957
f-qlRLsQ2vPATmlLTgLHbQ,63,-0.056061644953798936
f-sxY-bMaYE9WtpbLhzbig,19,0.001542185497161692
f-vB1_GyGBYzHX68xS5Dfw,6,0.3142857142857143
f03SYXIT37YmarHDZd1wMA,34,-8.254269225961763e-05
f0LTTims8Om7FT4l75haxg,7,0.004201680672268907
f1E17mHo-hC0iLw7Bgtp2g,11,-0.01048218029350105
f1GinwRwdwBlCj_ZwekN8g,9,-0.14060150375939848
f1OVLBwgy0Be1lvvlt5vzg,3,
f1oDIZxQ7V44PvzPCQ-tEQ,39,-0.010200325989799678
f22prjTaNUWwqvVsI4HWxQ,51,0.0009267388547458784
f2RHDdXezLHILvM7v1xOVA,158,-0.007493753573582514
f350ZktJBwt93yvs8Kd1qA,7,0.0024161884627000906
f3OgQPvMMNaOtCpzrdsiHQ,14,-0.006875477463712758
f3Q9uQHYKrjfCtzmU9ti7w,54,0.0002978948409933091
f3ynsk2E5YvtFqxCTi1Djw,5,
f4QAry-KSSkNT3fZ034NQw,7,-0.004253393665158371
f4QfFFh9k2qE1rvtEJumqg,21,-0.0003360277782963394
f4XSOzFOQDydPyqavMV7cA,21,0.0022273969828895414
f4d3IOHDiGQHMACtyVOtbg,10,0.0064754856614246065
f5P2hf44ThhH_25-yx0c6w,8,-0.0003858769052672201
f5UrgjKQtZdvXPEWkFrBpw,37,-0.004722172909639624
f6_NdhJ5hTopo3r-tflgfg,5,
f76kKoakTyRAPc7n_Cy_lQ,12,-0.0014243038514883176
f80tPVX_SxnBElz2bNSznw,12,-0.006020799124247399
f83xbZRHJBKmxHuvqmhAjw,5,
f88P1gIbRpRzsYAHj9hGdA,47,0.004000643319528768
f88R41qxHK65RkDjn3TehA,37,-0.37267206477732795
f8Byv8pegvus-Wud_mf0_Q,99,-0.0015071411662589762
f8LkUwzYthcG8jTagLzK1w,13,-0.005401844532279314
f8S-27ATMBpRwcXkRPExZQ,4,
f8bCVRQuvK28MxTuXMCh_g,11,0.0004299499677055517
f8d5NwkN4F2-mpx4MMDf3g,59,-0.006695331695331688
f8rdOaxlnKD6sLyUBokpvw,53,-0.0043452730475631255
f8rm9WZvDFWcb4in5GaZew,4,
f8xDi3rajxvIqS73N93Afw,14,9.755145839430466e-06
f8xbJqPZepSdmQjaHz25YA,35,-0.00023348694316436278
f933RAjLP09qWsqZdh6qPg,12,-0.15604395604395604
f96nmEyl3mNec9HrMZSSVQ,8,0.00021710811984368197
f9Oemv5FsqjcDwDDz1P3_Q,14,-0.007212143650499814
fAKJLkzh71-K8ra82xZJWw,46,0.006840370940920824
fB2DpRZi4LB8kkZ83fDEVw,14,-0.018423437028088192
fB8DULHVGkB9jI7M8qzKKg,12,-0.053846153846153835
fBN7b-DFWcVdeV2FX_xUYw,35,-0.0005652858863868041
fBOoOWHRWPXIrMvVVkZqMg,131,0.0007291113268726959
fB_VJEJTIMyWv5hC9T-xwA,28,-0.04879032258064513
fBoo1Q7xQOZvUDfIarkETA,4,
fBxjd0SqSJezssqC9zJCOQ,12,-0.05357142857142857
fCCHA0hRSfD3vpByE-heAg,14,0.0027785495971103078
fCodJihIFziZV7mT-hnlrw,6,0.00019953707398834695
fDDFEsklQau88Ki0lA5LHg,39,-0.005208933994541191
fDDi5L0gXLrvHAX2HDFiDw,13,-0.16487859966120835
fDZjJvs3sikPHqRs_4HPTg,68,0.0014873934337021593
fDuiDOqv4Ay6LulDTjXtdw,6,-0.0014605524917529148
fDzEUces1P-phJMdEngLOw,29,-0.007113928045444984
fEG7m5JFodBhu4Gvu7E3uA,9,-0.0010024057738572574
fEqiXG_B-fn__w0aeF3nBQ,82,-0.07612863327149047
fFA6bjWbq724vB1tW4V9pQ,14,0.003548659786552076
fFG_tetXNiW9u0lN1W2dBQ,4,
fFY5pda8iTCUQmEfhyMa5w,48,-0.0063631075233685835
fFbRLJVbT8DnEbm9sjDuCQ,39,-0.28239202657807305
fG6Wg3yrjY5Wm7UL00y3fw,51,0.0029025235830041126
fGC3F9m39I7TEvgrb3KQQw,32,0.0028621812262615296
fGawcocJqcj3wXjHj7YXAg,12,0.00317124735729387
fGeaHPDRkZj6ZUF37fe-XQ,42,0.0007907469207778802
fGoVUonpgaeoAenfc3mVzg,12,-0.010673234811165846
fGrMJ-dPxk-fZdbxT8b69A,17,-0.0017586079229914844
fH3lNc2mMTT2HqrvSPYvXA,3,
fHE7blPUyQQwzqmaaquGwQ,11,0.060294117647058824
fHIhfHcb2mUg2My582tqoQ,7,-0.005242059821153252
fIIntSS9wcctR3755co-9A,22,-0.004976076555023923
fILckduEAdqF9QX7N-ofgQ,72,-0.0066564890508552495
fIlR_iCy3m10_UYt6lJjHQ,111,-0.01063497028464185
fIx3drk3VZoUwoq5VdM4nw,16,-0.008231368186874305
fJ5H1bY0I91C3XFpdqv8Tw,8,-0.013076923076923078
fJQzUesrvvoMUkjQBNxc6g,87,-0.030841049646359378
fJhOwBljOz3VJV-BhCB3hg,74,-0.01651672877167785
fKDV_dlDhXd7P5kZi97Kng,60,0.004172740004001259
fK_Fd8-KmGV-ASIIjJwfdQ,89,-0.011295782980728147
fKiMbhYolNllUn7a9DVYKw,9,-0.004853479853479854
fLCxBKgtkClw116SesBw5w,39,-6.835269993164786e-05
fLXVF7NB09d1KCHQCjTaYw,24,0.00723642982901137
fM9XZyZTGGyW2ONDofqk9w,9,-0.004055321143928739
fMWNRaXfxForC8Xk01FmEA,9,-0.0049443164362519216
fMYD5yPQi1R2NqxdRrKgvg,33,-0.0006855736552209072
fMazAEKLMRu1n5V37Bt6Eg,16,0.0022471910112359553
fMdyrMKePEqS3mLnm2gn6Q,5,
fMjyjqrtqNWjHIMfH7vkgg,5,
fMnuBdRbVo5EkkgvuJi7PQ,9,0.0035141329258976304
fMwsP6V-osjd2icB6kkSGQ,42,-0.0048491540091313255
fN12ywQpLXQ93bpwe1N_Ww,169,0.01842016388488953
fN1xl3d8EdFRpyE1NVI2nw,6,-0.0007692307692307686
fNL7OE0T2nXCt6gpPlxUOg,12,0.0032245456322063707
fOhnSqmO4XY5vSI8whVKSA,159,0.03388042991491268
fOwHOKYxvgeYDaSKDEBKDA,22,0.005328341013824885
fPjjGmgDMGstcYJcH4K19w,17,-0.05967741935483869
fPmJpsMSGIs9qXGMV0TPMg,20,-0.013208649912331973
fQAyS1EGx75yDGweJ9YnQw,8,0.001963015647226173
fQXqQ-3pdDzOBGnZPr1qgg,34,-0.002272142673411643
fQbT2skNJPvNDIhLHmcYKA,43,-0.11094984679890339
fQwRRX-dgf-j8NJ2YOi0bw,5,
fRYyVkbsiUntbUTCItwVeA,14,0.0022131426625808643
fRiGyKVgVyVe5DtB5mMAFQ,20,-0.000133603084322632
fRswP6Az7tOnNWmKpcPScQ,8,-0.005915241876671258
fS-Dj2v3Xj5YkDJ2IXueew,14,-0.5
fSRCT2Gtc_RkO-JzR5mEZA,7,0.0008399734907448793
fSYXDavIpIhhIPdkCVfk3w,56,-0.0010127918976648186
fSf3TliYT-rprh3YDs4phQ,22,-0.0005100947756093081
fSpQlTHx27EDhUc_MmXG5Q,18,0.006043786617329633
fT0lXvUz41XaZbgtSMqTKg,28,-0.05688259109311741
fUKvUex3TPrxH3n_9pR9FQ,69,0.003043110735418426
fU_PgV2qca4dEo2ZPmivPA,49,-0.04588388396792746
fUmXHW1iM5WUvdUuz1BxIQ,13,0.0049578059071729965
fUntC7lbyc2VR3np-29D4g,21,-0.004032729398012858
fV3KwcRb0GWwHJinisbKpg,23,0.0010327858893096537
fVuKRRbaiNtlRSmXrKgg0Q,12,0.01411631846414455
fWC32tPTgMxQFujoCy4UGg,18,-0.0427807486631016
fWMdHjV4G6z8jFW-hf-mIw,52,-0.0036388031501812554
fWPqX4qWh3J25xzLzqLo3w,8,0.0002591747874766743
fWR4Rpw5_zU4g1SbZXEeNg,28,-0.06669867947178873
fWRWzBfQnMcNiaOi5TJVdw,60,-0.0221327967806841
fXxrP7dmzZ8m2T-C0EK3fw,5,
fY8ox6lTXIkA_QVr3IhcMg,13,0.0004045395902123288
fYC2jJAcOsikNoKrYTPv1Q,13,-0.04642857142857143
fYRKwhn8STy8MvUkvD2cAA,21,0.002603618767094466
fYSaoJMOj7-r4XWEuYjRxw,122,0.006232678544236334
fYUeuKAPBFvQ3YyyZHrj8g,39,-0.015945165945165943
fYXCk6Usfd2wzyaBBIM4dw,8,-0.20214568040655
fYtJnehmqvxXFmRsPsny_Q,21,-0.00507392179161928
f_SzhRI25oSaNNu2RpYgJA,5,
f_bUsM34FGpzECag3Cn8gw,19,0.0032860343539955193
f_rRBei5W9-8wPSTzlvGYw,8,-0.04195804195804195
faSi7EoZ38xMPJEpp7-pqg,5,
faWQ77xTj5xZ2PqQuEOEDQ,7,0.0013220518244315173
fb94tpw3eNDK7htR0NRZrw,5,
fbCAXeed92ayKpu1xBCMxw,13,-0.00036603660366036614
fbH6tCBIDYRARQSPNxJvmg,52,-0.006746920492721164
fbkdwbIawWmDhgSrlI8Akw,39,0.01150428435417328
fbnFSTmZwct_YXnr5u2bRg,13,-0.08961038961038961
fboXjnNAmtaKRpexSMAz6Q,8,-0.004394079555966696
fbtGwXqVRp-3ywcpK4zxsQ,35,0.0017723655654690142
fbyvLKxT0LZX7VGokTBipw,11,-2.4342745861733028e-05
fcGexL5VH5G2Xw0tRj9uOQ,92,-0.011583011583011582
fcijA4xA6XN90GlNMPLYnw,5,
fcpHrRopilvsBwUajFB5rw,68,-0.011282347990742703
fd-2CxtZ0-4o2TP98nziRQ,9,0.0013955714537622493
fdNvkw1Z9L6TkLnfX2LtEg,64,-0.003414301043800606
fdbTgcmRlj4uH2CNuRyk9g,28,0.0002344116268166903
fdfMYT67xUYY2IqCEnIS2A,50,0.007982228804146613
feXi68HNEJgi9PVE0GXxaQ,9,8.02329195754404e-20
feuteFDW6XZhq3uVTLM93A,5,
feycIWpE_lOM9iPu1FMmww,7,-0.003370495203526058
ff6JGMw73KLQ_IkAsah8cg,4,
ffG3NisSX1FN3GuG3T1EGQ,12,-0.20201612903225805
ffbSQaugQvO30KdGWr9qMQ,10,0.0018106331449659788
fgfpRmXyM6iKaiX8mfA-5g,29,-0.09585777126099707
fh4gkNgd8woStQNQ7MxN0A,13,-0.024193548387096777
fhA4kVbM3LBf1mvEpie7Ow,5,
fhO8Tcql9zGIjL6gEXlBQQ,27,-0.0031383138313831388
fhV1QLwgyuT7UG3Lmxk46A,7,-0.8
fhoqmnw5sXzj91-7yBW0Kw,68,0.008937363850675893
fi8e8y3VnBthXMuULioiAg,17,-0.00010198725159355079
fiE7T-iWLTFFW5lVKe3bJQ,6,-0.0020639834881320926
fiIoC-QwgqOBbeL7NPu0bA,5,
filUIMLq2pzauy_ew63LPw,12,-0.0001264558226583542
fivoAD6x6jXJRiEZwhpcEQ,114,-0.011056884226726876
fixjFaCYK2yDz5F-L2ASeg,60,-0.004291155836519744
fjAbzsW03bW3EvC4-e184g,13,-0.0013910930856795782
fjPsBdE-5ORzbEZ5pnloRA,11,0.0024471635150166847
fkRIglr-J1XVXJLnB0ZkIQ,15,0.001693958215697346
fkfqJrABHQWsFWg8z3UHJw,32,-0.035306553911205074
fkhLmMdYwArwHW9y5-efdw,4,
fl08K_-1-EVKCQxH6L0tjQ,6,-0.006684491978609622
flEgE05YQ0__KuV1XBns1w,8,-0.0004836637529284329
flfkAssP0LzV3f0HSUhQAA,28,-0.05834211166031926
flo4vO_uHBMxV8yH_CZf8A,11,-0.005749128919860629
fmBO7y4Yqnb8xm6naMS77A,26,-0.0019874678045592588
fmKMcuTFf79uZ6F96Ig2DA,5,
fmX6zDAFVOsFWxGJx1XKrw,20,0.0015882529217860352
fmg3x5ug-SUldGnJrJU1yA,6,-0.0010458642222153861
fmkw50wRDxjDfPj8JPR3Mw,5,
fnQe5CpGnkY42768WyQHsw,29,0.0036732295033793726
fnYeFeEriwGpbieRIkvDOw,3,
fneeyCOYV5-oVeQP0TACog,47,-0.2398079231692677
fnjKM583kumn7z0Z00Rc9g,5,
fnv0PrzcWoopJKuVMpCcdA,6,-0.010000000000000002
fogEQqK7jH0l6FRpzOOBRQ,51,0.004337970576470066
foh6hwQxjCs0SeLT5MO1SQ,47,1.3524784166986243e-05
fpSWzQY6CAfIFMpkIsY8RA,19,-0.011204481792717089
fpde_5H6mH5ufv1tUfBAKQ,19,-0.012964913702293166
fpsVGXS0s8KA9H_9N-p-0w,21,0.0008484397892020728
fq1yCVBgBB7s6V-D68NO1g,47,-0.0008330248056275452
fq5AGPmKcjOIYwtm_fnNHQ,16,0.00887833394227256
fr2qDm_mY1afIGMvqsKUCg,43,0.0037039192958124322
frBofeY7WTNQXXaVGuCdAw,8,-0.01568627450980392
frOmFhJME0yZ3HkyQov6Pg,6,0.0028571428571428567
frU7PIVtEl2bt_BCERpGDA,15,-0.04846153846153847
fsBDLKTdOQfI7s3MFys_5w,8,-0.09440559440559441
fsCTI3UO1AB1LuoRNOudfA,27,-0.0016271542297261832
fsJObQwdxVz5Tfh1CjhfuQ,7,-0.006893182805036909
fsQvN1s1EchwblEPls6O5Q,19,-0.0004457806344598798
fskPbD8G1DDQbCslHV-v_A,14,7.073855623030844e-20
fsqlE7jhO64Q62VDI_uRFQ,48,0.00349779086892489
ftCK0qmDE3yj8TT0RQh5rA,9,1.150020125352183e-05
fuTio4avbu27o-XYk7k2Mw,32,-0.015707905485360916
fuY-1RhqXFeZ_sh6vk4GzQ,16,-0.07056451612903225
funsVnBxQ2iskjcdjyhg6g,27,-0.0017461746174617463
fvEACjkU_w1iJFqM2pe_SA,40,0.002394194248507868
fvKwOXGdrRxh8RYMGBV56w,5,
fvnh3uojBa47ooZPyF7-2w,6,0.0013769363166953531
fw-azRuIMCPCR3b4Urh_yA,22,-0.003038568176182855
fw6PlWy2ghCzuUH24p9U5g,6,1.7084087880547973e-05
fwIhAbiaJBuJnt90mZSTBA,74,-0.013191172824200343
fwsPPYt0By1ivuXSXv3wlg,4,
fwy1vZ0YFbQwi-JNXkLdcw,11,0.0009872886585215353
fx-U1NC-HJlZ2In5UJiwNQ,52,-0.005106106940969325
fyHpqQJ5L_ljKGaUwcwkLQ,5,
fyHua7e0AnjDmuuLXg1cLw,82,0.00034268811774042316
fysScO3n0JKcvyNL6Dff_g,10,-0.002133194022703279
fyxmwXdg9fJ13TpuF-KSbQ,90,0.01000115021854152
fyyUksDpNLaBQO22zPOqmg,38,-0.017800559774050203
fz7lObwcS7UWJlSGxgGH_g,4,
fz9ymU6xguSAdVjSdHBLDg,63,0.005378414688759517
fzHU7QRi9PX5UAtTM0jpfQ,6,0.03302373581011352
fzZxqe9XAtKrx10959x1Rg,16,-0.0011483253588516745
fzftd8EhMnYCXE7D76zCrA,18,0.0026039098820753856
g-1nawzL7_5Lvmi6NuAaFw,8,0.00014333492594362183
g-GrCwWLEsOW1HNzim-5dw,4,
g-cP3MZdhcLNCCmNEESpKg,14,0.0025763709974236286
g-cQ3TeR7lcY_TObcDkw6w,26,0.000980387612350566
g-mnsod42xN2y_LdYpoORw,23,-0.00023348694316436235
g-wFMsRD6VqXIOTuc1JPsA,16,0.0005630278385986864
g0ASaoYEbetUpnN72yzZbw,12,0.002031806000966481
g0P_dN-XGVsVlWAtNoTDbA,12,0.00037131131522376374
g0UI4VuBBTvNow0-HW58sA,58,-0.02652011887353177
g0UzHjer5gS0cCsNYAYO5A,17,0.001704545454545455
g0iCVzC9wUaELvX68ADrsg,18,8.043254837124093e-05
g1-d6abGlN4YRfSONkLtuw,10,0.0033123154282065615
g16aFG2n7xJtFzy1KpPjZA,41,0.0015806794330284273
g1JbKaoX67jz4S8npWQNHw,10,-0.0016276176653535147
g1JcUNqh_jCx_kXoHg583w,12,0.0011731027931322483
g2AC4fBpVJrqiEiZinzLaA,11,0.00024461269656377385
g2r9PgaijhtjyEAzd-vCOw,8,0.0008869537171423966
g2zwbLIqxtN9nGGuL43trg,110,-0.09288592778599056
g3VTofBULAB3bld7IzmJMg,14,0.0011764705882352944
g3YySsUwqe0Z-FfHAhkXng,8,-0.004545454545454544
g3xvwZPyW95KThnc7tN79w,23,-0.37464607464607463
g47SXcwz7Z0BqGpvzFMIeQ,13,-0.0018502193054059056
g482P5TcquJcLmruSl139w,17,0.0019361216834212736
g4aOMPa3a7wHUWXBoA5RTQ,12,0.004189560439560439
g4cJA7iabhQywVCDytdUJw,22,-0.009629062260641209
g6H0Hpe9B4xsr5w8QxTZ7w,9,-0.0029229082937522835
g6ZBpREJxXD122VMICjSoQ,13,-0.08356860530773574
g6vwuA7KlRwIolWgDiA7_g,6,-0.006177606177606178
g7CaY9XKhwcWV2K-zM47Lg,27,0.040266963292547274
g7gNnk1bzEMCyK8tWXplow,10,-0.02573529411764705
g7urRHqv0nAonHqfnoXvTA,14,-0.006456043956043956
g8PXwe9ftfM4_n7yWrMiaQ,18,0.00030596175478065236
g8U-njgd5kU_qaxbEqMYPA,8,-6.100126508929432e-19
g9doWs1fgSNHbQjbkrlTxA,22,-0.02065018315018315
gA6fsMPkVswDxuacdZBzUA,6,0.002902757619738752
gAYPTR2cdC4AqtutzR6KGQ,5,
gB9c_OMjvGrn36XjHArAUQ,82,-0.010530010530010531
gBSHDsZRoFBKDOz9qy9pJQ,36,-0.0003505965619624646
gBaiZpCFNEx0gIJQrHWT5w,7,-0.0030080213903743323
gCcJTKC40CL0XtYYGfcXDw,97,-0.0774164294531073
gD7_c7FrdR6xsy-H2-GnFQ,4,
gDJJDfhnUSUNkVFlpPx9dw,2,
gDQxNJCOsHbRTdSWu1w2mA,8,-0.022905982905982916
gDTEshDonGYQ6pWGNFUyKw,14,-2.3790493384824783e-18
gDg-stv1rn0I_AyELp2zNg,40,-0.002185271440715203
gEX_kEhYgvLKGJtlY45BmQ,165,0.0067788179050264396
gEmVqHPesM4z0dC3nOnkUw,10,0.000264026402640264
gEm_IbhZycJKlppK8s2Gcw,12,-0.0006291983878190774
gEnNOVdZmrM7rGLWodm16w,6,0.0010104116329130606
gFMwtO0TSHZbm44fai2DjA,6,-0.0009615384615384616
gFbp8YOYDSs6zwl01f72Fg,9,0.0002713236943851648
gG0Pp5P6BA7zk-vX3-CLCw,24,0.0016801388914816958
gG3Ic7jufSCwUNQQUlHlTA,18,0.0003799233182293481
gGC3SvEvxsRkRBIEU0Rfrw,20,-0.0033370411568409307
gGCDNqH-qfaQdIrQTfB5nQ,6,0.005749128919860628
gGXZqxBwGZZ9btJ8hXikBg,10,-0.003152246814218645
gGrL6O7HKyghr-gqKYePUQ,9,-0.00016671906408680814
gGyqnAlpFrka_qzpO7j4lQ,135,-0.004178857706757154
gHMN4jk8kjG50CH-IRY2Dw,19,0.0016096294655801857
gHNo1Vh-Ymwv4y_zBYcDNg,5,
gHuMBv4kPMZ_TP8FhN8ySw,66,0.0019265447035433012
gIdsoqeal31OEuBXhAaPPw,8,-0.14545454545454548
gIyxaT9tvxMUZDH9AlmIYw,71,0.0018959848321213424
gJ5Szgefk1fJ4WSfGre_ng,33,-0.00021602160216021627
gJLJgXz_1pjnDuHfuni1jA,11,-0.008787515006002401
gJpie45pHq5UFHH7CBSPqw,17,-0.001914191419141914
gKAKnXmvkj8ENFIFMhEGlg,8,-0.008510638297872342
gKHxy8chDJCZb-Y12h229w,36,0.0018560822387207311
gKRSLjhqulJtaAj9t4IJJA,46,-0.009546472564389698
gKS0fS91JQOOTICdc2ZvFw,100,0.007345235650777879
gKZuvwFRHcO2Y6XfyWO7lA,52,0.002834327834327834
gKmKv0mGYSBQ8yxKdAC6gA,25,-0.00034140616664888495
gKzFir7-U5_sgvCymGPGYw,72,0.0024499654934437547
gL1ilbKIQ9Bxtuw3n0xLgQ,13,-8.816787162757894e-05
gLCGnjz8KQrBjxAoMm3ICw,14,0.007432818753573472
gLFkBiQnPkMI-x_Q5BXWrg,5,
gLRjcn1IcPWaXtEeWbEinw,22,-0.003632188706815572
gLnf805Btf9vbiQ6_X1WAw,26,-0.003661327231121283
gLpp7kjR9Zg6ypG2lRjAYg,127,0.005479881991086561
gLy70C_C07OMDryHSdMJMg,50,-0.006998880179171332
gMF0RF2yGneeQez5IKOFIg,6,0.002973127501429388
gMMB9h6NErOo9MlDBRJkXw,80,-0.012776058892563748
gMxJOS-SBu7oOShfegBKIg,7,-0.03859649122807018
gN-w5zqrN0-CNPy0H7BWwQ,78,2.9292992697675672e-05
gNMAEldBHzkUSKNS9adw0g,6,0.0036108983477404536
gNyQxg1X4oGQupjn2VpsGQ,7,-0.0016922263352723416
gOS6rbrF6E42M4Iv0rEpZw,16,0.0019776191394945014
gO_W7JLMw2om3l1NUUlvjA,39,-0.05065751858204689
gOfCxAiQmQYywXYJ3KeP-w,34,0.00391181348161155
gOkC4Z_dNkXbqhpXypBlAA,6,0.0003417987643652215
gOnDl0sNbRLWqu4CwE8oTg,12,-6.589641084215613e-05
gOpRlosKLPBuVhYsTxgesg,63,-0.0017401465787702118
gOrJeoLDOiW7muWuoE-sMg,86,-0.04864219031611349
gOyOVDYXO8zkj-nCIwZd1w,15,0.0009061133556120836
gPcRKxd7PsGL6LoUDFbF2Q,16,-0.0004040101750710758
gPr1io7ks0Eo3FDsnDTYfg,17,-0.008442776735459664
gQCKrqkalAc--4cuW_C_Ow,149,0.007364724106618216
gQJ5-VVf2OObACgRrIUf6g,21,0.0029938482570061515
gQUMqcT1sV1KlYUMLP3iEQ,31,-0.006429077655158449
gQ_EpssUgUX_hCdF1hM6LA,26,0.003252007459581092
gR43LapI5-lx-i-w1uBoqA,4,
gRDObeUJCIPYPUXya51TEw,48,0.005083375270708111
gRSMrEF92ZsC2MBlUr3iOA,21,-0.0016129032258064512
gS2Ht0IxtI3_W48C8Cm3Dw,5,
gSFVZRVqJ2jatgEAmtQaxg,56,-0.001249000251991278
gSHfIvPeeHoTDs_ATF54Pw,9,-0.0008461131676361718
gSU9KcwFT7hrcu1t5F2VKg,13,0.006050420168067228
gSw5N8h5lpC4XGw_nthyrQ,36,0.0005833815595422544
gSzrkLa9p9ExkwxhE0ds1Q,75,0.0004558450498948771
gTui49AL7Of402vcwua13w,44,-0.0642857142857143
gU39t80dXx9LkIZHp6cyCQ,15,-0.23508483853311438
gVSqIz0HbzbNzo5q1qECGA,10,0.010516206482593037
gVWf1FBV59G8ltzQ0Nmchw,83,0.006306596629177274
gVh26yEPkXSoWbhs1p2kNA,11,-0.05572715572715572
gWJdBPzO0XqMzVDjnlF8TA,17,-0.0009022812393598907
gWV1k7XO9DSAodAlanESFA,40,-0.010798122065727698
gWik8tjd8Z5OGlMyZGrqEg,8,-0.5952380952380952
gXiWHYBuPLWWXZJPOP1uKw,40,-0.09714285714285713
gXwHMtF-PLNG_9n7t9IxBA,10,-0.004324956165984805
gXy0a9tOQYLGflwRtqmY5A,6,-0.10714285714285714
gY4kIh8f9uCk-XI0FPH1fg,75,0.011833202202989779
gYD5Hf8CeM7R_J8Ytw43nQ,25,-0.0027246162077622744
gYFkfO-215AAOcH2cE9jNg,17,-0.0043391336542021475
gYVKvm64vH75YQKQrdKnnw,8,-0.08333333333333334
gYYMQeg4X8FUcCxXI4c2Tw,161,0.010201960965873435
gY_2pwd9yKPcjpk0ls4swg,6,0.0007518796992481207
gYufeBwyhEHV7l2mkEaxtg,16,-0.06461538461538462
gZ-Fsyayz59rrc3x46hjFQ,15,-0.011130417264737734
gZkT5f8_7-J5dQQJQgnY5w,22,8.018432962362886e-05
g_6tzTTNk2qlGE6n_H6Q7A,20,-0.003914835164835165
g_qmBN6Ta_qQLLotb02EJQ,16,-0.001172405281994324
gaDtfs7fmBRraM8FyKNM4w,6,-0.0018121413470250675
gajhaXGudlDgCz_-ik1g_w,16,-0.0010554988083077972
garSfHRFg9fASfWcBnMMEQ,10,-0.0004892253931275479
gbcWVIt0cSJ2iDYXx9lEOQ,118,-0.0011687906496748027
gbrJZK8nhIzxSBlpbjvrPg,6,0.005355884425651867
gbw5wqRVjeyCEExrM0RPmA,53,0.0014129309628331157
gc0ILTYjBM-DdkeoXrDcPQ,5,
gc7TPAFaPdJD2Aa_yF10OA,61,-0.002596140215872503
gcTHLDX2jcc1LiXsqyaNtg,23,0.0004052843708016121
gcWi3-cpoF19TZeegfV1Pw,17,-0.0008118501637943313
gcjziNbsRYMfdcbOuCCufw,50,0.0375251509054326
gczLFZVmpfsBB3uUHEbWiA,53,-0.06806678250358843
gdH0yhCQaHjBQ6vd0rYiSA,5,
gdHu728ScSbbYZ6s88IaaQ,8,-0.028070175438596485
gdklkhsq4C7KANfnXaTlWg,40,-0.07938775510204084
gdo6ygbZlpZY1mj9P0sxLQ,91,0.001575301260861208
gdyMIBAitsQubj0OEJoiMg,132,0.007016676845898858
geEGL5YODdRIoIYfFcxVPA,106,0.012047282256010906
geFqswYwGZ_XmuSJy3DEvw,54,0.04503535758547788
geeWmd8T39C2_cbVjmsaCA,5,
gej4hNRxblKfQcibyt789A,11,0.06398348813209495
getM66efAV80330xLQ9pyg,10,-0.0009447992301635902
ggFfdS0hDwGfTSIrTYQ_5Q,75,0.010744295830055072
ggX5HgWTcHBkMU37EgJLig,41,0.0145979020979021
gh2Oc17i-FYsUYU1kcmP5w,5,
gh81r-SZodvcty5QDaLyhg,44,-0.009585037989479836
ghFNIv9_Bde6uquScRZD7g,92,-0.031611117518164
gh_ymgpoa_AlJA5fey5eRA,6,-0.01729323308270677
gi0dWVLEMdHum2FUFODnVg,40,0.0010421749738584874
gi0spJVFEYqfDWv0cI1KgQ,52,-0.0019264048062167373
gi1I8qH3aqbsGs2acQ_u_Q,11,-0.0023134759976865247
gi3skeX7tem47pqrWyam8g,6,-0.006754221388367729
giUvelDX9OPw7aiF7grvEA,178,0.011630863697578715
gihNKyt5d6lIZQem2r12Lw,49,0.000491718426501035
gj-mUpQbqBTmZEglSRlvZw,6,-0.0025929827404586347
gj0EbxvhqkgtOirPfVcfIw,16,-0.0015766860060781006
gjALduh0HJg-xMHMm0Uz0Q,81,0.0047983812689695055
gjFUrbSMo1rA1jgG5IhA2A,153,-0.002179206398868228
gjcAXxw5YuLo6Hs6mFwWVA,15,0.0015516515884704395
gk3oHOr96OuVIgc0c6APRw,7,-0.0016300496102055278
gkqfNyv3D84B0WR5GZOpZQ,33,0.0033740468317700247
gkrDiCU_sRZKwuBlhEzv6A,112,-0.0013426826684132466
gm4LM6PgfZILxnrVSDA_GQ,6,-0.013683634373289547
gmGp0R8_Hf_zJzS5VL6kyQ,8,7.64478421263167e-05
gmgU0o7DjmE81Hk0LJcueg,3,
gnE7VBl6EDTiy02a4WP4ng,6,-0.009738483422693948
gnpyyeWQ53WlDMJEq-YA_w,158,-0.013309515931522487
goyOq9YY_IeKINMppe9Pqw,13,-0.0025919573089384423
gpBBspj0xly8vEVz3sPvfg,65,-0.0010231602380238885
gpOUCroDdMBXM_Hav3FFXA,7,-0.0025284801333703795
gp_4Nl5ZhlsIobjIn1sF2Q,74,0.0010494752623688153
gpyLhszdiZ2_eIXeLIMU4w,46,0.017812160950988257
gq4zw-ru_rkZ2UBIanaZFQ,31,0.005136712749615974
gqwJxrdXimdw5LuXwEYjfQ,22,0.0010948905109489054
gr5EVvwHgss4__ZDoixUqQ,6,0.0010783224266370335
gr5eG2ciS_6M-brZVQ-KEA,52,-0.011225616488774381
grIIeZIaKNv9BIWRTD5abg,5,
grctd1K-eeYOKEkN-WW9pw,6,-0.0005842259006815966
grnU6NAQge0ISlDZTXOJBg,48,-0.002713805721437026
grrvhDzHz6qdMayLVgSkrQ,47,-0.033443901727783054
grwQ0HSdvZBSUPzHCijk6Q,30,0.015483310823847194
gsG7nNnePxIed34lU7tgLw,36,0.0007232552179731773
gsiurmoX2jYAFzw27NGddg,9,-0.0003652434347492602
gtfd4BcuXFIc_QLA98RyUA,33,-0.05523944997629207
gu2-TPPdyQyHl2CnPb7Xjg,39,0.001017843877921955
gu7iuTiVwyPAI_S2fwVi9Q,33,0.0004182642035552457
gu8twBwnB9CRU-hZQkkpgw,8,-0.3626373626373627
guAhfvFNyye0Ufurb593GQ,31,-0.004232723076192667
gujO7uy-VeqqEj9eNxSXIg,22,0.0018148820326678765
gukm3CH5Wm3iDyQfpuBiLg,6,-0.027941176470588237
gvD09Ev1aOmphtlq07zYEA,36,-0.07404479578392621
gvPQfpdVHiksyjid6aJ6xQ,28,-0.0022382238223822384
gvSl1B8macJk9y9Y0xN2Qg,12,0.004469630457338976
gwUJdtb5vdVEmpa75yPDsA,114,0.001896666483472865
gwXcHqr6OflQbW31hBc5ag,22,-0.006458036984352774
gwZwkJG6MxM-0vL1T7xf2g,5,
gwxNttwUgmOn3vsHYe0pDQ,98,-0.047632286164396236
gwxvgYo_ASTIpQCAx1hhMA,5,
gxAlC-zwohHnc-Qr2y2pjw,14,0.0012056996711728172
gxipZ2126wTI7uDNLttHSA,7,-0.07472527472527472
gy0NuW7nzIuZNq3lLLlgzA,62,-0.043498168498168496
gyGGkSFjTyuddS1TM1xqBQ,13,0.0018025431532749468
gyOiiM7g2ylYK_WT5vLFyw,10,0.00022962112514351318
gyRfeBAYTAx-Nh1xIoF50Q,12,-0.006121381771201821
gyqvFMq76IsqIZiDbwFKug,8,-0.0008326965653715787
gzDJSSkr3VD2ON7yWnCavA,10,-0.009489795918367348
gzFn31AFVSsEqU1_mGKppQ,17,-0.002774694783573807
gzJBT0Bc5Ffyj1o4cKb1aA,18,-0.0003092307884138207
gzJWNwa0dILVYIK7BUFwTg,42,0.0041318366372104145
gziMakTc9EnZszDdTn9f8Q,25,0.0034617632513599785
h-FHLH-8QY3Jk3FYCW8h8w,45,-0.05504306751875521
h-cUfr_s3U7XP2DpPkoJqg,69,0.02210580990848761
h-pOohSPK94U9GOykqmxtQ,20,0.004414261460101867
h-y5azB-VlQAT3m7Ff2g2Q,13,-0.0025202520252025195
h0Gy4HEgeZvN9kb3_rB5JA,32,-0.00379367467975063
h0JvRrc5E5WaX0i4y0TcWg,15,0.0123249299719888
h19gWCpOaU-oMwfybICyBw,29,-0.0002975747656598721
h1RQEy-kVBy2T9rMlp5VIw,19,-0.08649572649572651
h1VnQb1XWrIrFKs9xgbybA,59,0.0022949141867422422
h1lWjQMjLdAkC-BARvZAZg,4,
h22TVwTYENne7QPKz0lxHg,9,0.018016194331983808
h2Ap7CLb2cjM-cw-fEA5tg,12,-0.0012422360248447201
h2JR5PTgZh6ws04eoVfZlw,5,
h2JbIxG9gOpbejYF8aAxzg,13,0.0032729398012857984
h2MCJQVK7YF-G8kCCEDXhg,15,0.004510218463706835
h2MaP8_ZJ3HqsgSPLeQNaw,88,0.000553546513283408
h2Ncwq8AH_wtGsGmO0XwbQ,6,-0.014778325123152712
h2Xj9MEYcffZi8h8A-SRgg,34,-0.00244283760015634
h2kkHQGhtVuFvMBlMY8NLw,64,-0.0007369883237465889
h2t4Fx4v9r0AjTJ7P9Su2w,9,0.004444444444444444
h32M29lB6bQv7QwdWtVfEw,8,-0.016086956521739134
h3EdXoBK2JV2jzWIQCfWJA,8,-0.0012097622554176311
h3MjgXqPyAxZDXw8CceZHQ,15,0.0001761121482159841
h4HUfzy5_9geCSyo9sFeYQ,34,-0.0033871533871533866
h4QiXOV8Qo5Lz4DnpYtiGA,5,
h4aJWIS8drud_1iD8FDIJg,7,0.0016129032258064523
h4dbFTNOaK0IGdyOTXuu7w,11,-0.013347763347763346
h4h82zIPc-kG8fYgYjlidw,68,-0.0011944235807060288
h5-Ay4V4XbRu-MvWyYC5yQ,29,0.0007248605192637166
h58IC3UjznksvbKmN2pBuQ,16,-0.004636671548365573
h5Ir3MRD2p3LfYtMlsXQug,20,-0.000337798485730926
h5jnFlvF55kDWC_GGlKMAQ,70,-0.05265620455493873
h696v2N0hcOOdsg1ebt5Ig,35,0.008550040136651296
h6QmqhEBdTjIEAdQ6DEPPg,23,0.00451127819548872
h6XRiG4QOnuY6n3SRnou1w,6,0.0003053784784517311
h6jLBqYsg70klZfcXK4Pjg,11,0.0008342376559956593
h6qJEi7ZvVrUMtExPb4kfg,6,0.000546666599176963
h74dmOR1pj7HhykkFbOgDg,6,-0.0036497523956524535
h7PZ7FSA-9vrSv_xUXZZZA,5,
h7TO_IsmLCYmKKDVOOIeFw,164,0.025255923536734674
h7Tt0R2PmopRHJ6oZonuDg,15,-0.000999603982028978
h7n599RGtvFLmLycugT2MQ,132,0.03507259012167848
h7tUF0XhaQcZ4W1D07YBzQ,4,
h85b3MFPWyaopMBy8DpBpA,84,0.013441629693239825
h8GOCnAyDZosRfUmW8fe3Q,10,-0.0003076071241809957
h8wRltXO0JinD5BwEPtFrA,34,-0.008544157168010382
h9JsX6EAJ9TokfmoIbmWhQ,10,-0.04
h9c5p5JwhdbMFGTFDvozag,26,-0.005590390571881846
h9o2TCtyqPify_HgC9wH0g,60,-0.00031903580290677043
h9oGTdr9uhNWQvu0iS7oDA,8,-0.0008509270722630637
hA74tGz6pYD7IxOxL9NfzA,22,0.008235294117647061
hAcBP6zU9qAs6o3cbUW6MA,49,-0.14647983595352015
hAn4LQqalVYuPYuZJx5diA,12,-0.01757781003064022
hBBa1hGUJIU2ErNca7goVw,5,
hBTLjGexKiVl1sGqRjgkbg,29,-0.008921710919491167
hBoXl-5Evn7ScoY65u2TwQ,5,
hCMqbFJyLczPk_qU3Ym2Cw,18,-0.12478825522303783
hCSfQR7MHl6Yk6Sro6Zufw,21,-0.0017368649587494573
hDOx4ltBlXmGdR3b4RRGeQ,34,0.008793039614957424
hDWqLN7cqVoJmJXCQTU14g,9,0.0004469214995530782
hDpXh2boLl6JCP3pt-XupQ,5,
hE8DF4hPIF4T2NiQepj6ig,5,
hEfm3KoOos1I5QmfrvOcEw,6,-0.0028707411044798675
hF2a683wH9CXwrYZnLhSZA,11,-0.005679435868115111
hFK-VVVTo0ovUjAKTQsYoA,11,0.001883068387922757
hFOD9Zf6MFhm-0FT3jNY2g,4,
hFW2yaGTHtZc6bbyP0lZdQ,15,0.0028011204481792717
hFbDsESgeSV-lN18i7BQFQ,27,-0.2149193548387097
hG9v2-_ygQazAvthakGuIg,4,
hGRycT06CnsO1kcNwOc1wg,29,-0.14039589442815248
hGb-yA-llJ7hnw9NyzE52A,35,-0.32522522522522523
hGeI6ICLbNHLuXAgJxjlFg,27,-0.007569573283858999
hHs2Ytn2QSHnFscnALsLlQ,67,-0.05307686168090033
hIO2lzEoePI91xM8gx9TNA,5,
hJ7YF8ezCtOS48PXYYhAIw,23,-0.0031688735112116585
hJDMkcbGi--LaTQCzzD4lQ,8,-6.479948160414716e-05
hJnW5-ovJQkecq0EZhHaKw,6,-0.22857142857142856
hJofmH7_OYwwCGeFVPBSvw,25,-0.002073398299813394
hKAh9ngwQ4pLpn8KfP3G_g,52,-0.044418468731735786
hKHSNrjuPVo1medSBJ50PA,8,-0.004795918367346939
hKdo1RNp-fKiSVswcjQK2g,38,-0.0014402738881492216
hKfs-tsper4UuAOiG23z2A,13,-0.02844950213371266
hKvPFno02JUW-sGCkHSnMQ,15,-0.19195046439628483
hKzMD-okmcr6gfGG85SptA,60,0.0017956028291024734
hL2YVwnueRqV6SgM9vreeA,8,-0.0037632444282060646
hL76rhaLE86ZJvZBuMeb6Q,103,-0.017000465766185375
hLHHVXHXpFeNIN0kJc_9aw,23,0.0002224075618571034
hLkNIMWIy2_16u5PbO8moA,7,-0.0015278838808250586
hMMN-y22t0RQitwCQHFNkA,34,-0.0024314253241429227
hMOo98ZQhKM8XvxshvmtNA,23,-0.030296022201665124
hMcgO98QaOFmQVTfCUeGzw,21,0.013131274573424438
hN6huRd198jplKWFIPjJmQ,13,-0.002833426450634527
hNFExgg7b9dtylU5KnNU6A,28,-0.02676181980374666
hNWf3Uz8M17e2qB3eBV8jg,11,-0.0018337066069428886
hN_ThL45R2cctTFW1Ep3TA,3,
hNlvlGJsTXLJxeJ4RPsaeA,41,-0.05867913500876683
hO3VKtvRYQgepQqPX9s0xg,95,0.00977895173185004
hOSLBlM6nkbZ218jwp8AvA,9,-0.00044840655527678434
hOcIEm-TAig-_y3Roeu4DA,19,-0.0007691594847558154
hOd0z-9Yj0RWjWkk2Xd-2w,5,
hOupS2QRNIuMLfcpOqC0oA,70,-0.05288764990532296
hP6QTyULhqUwr7ScFaiMQQ,13,0.003305918400258023
hPHMUGxUSsMn7DisVIYRlA,5,
hPYVTbf3Gh4S5qpowJbyyA,14,0.0016200562969563193
hP_lCIvlKQvGzr1otFxMKw,43,-0.0020519276160503547
hPeUz0HqT82fOhJ0ayyQUQ,12,0.00048584026912200286
hPu9RUh8v3WCFhJQu52VzA,36,-0.010173503563244443
hPxN3gywmaHnn5nGvL9-Ww,7,1.8225559524677305e-05
hQ0LlCrkRdS12ZqhebKXzQ,13,0.00013328396890040705
hQUlXLweRubOU9hky5m9zg,9,-0.0007671573709309556
hQY2yKi9OUGLgVApsK4h1Q,67,0.003402385378086598
hQm7205omFcZQt7wu8vLQQ,36,0.003791447828145075
hRGO29QsdM9fksSuOMvS9A,17,-0.0033629519930889794
hRQC33JCm9CunG6fJaMXug,39,0.0020156481083917757
hRlly5EvaG487NoZ55-qmw,9,0.0009106688005770571
hSY4s78efO9won8WyLZWQQ,5,
hSbwd-VP4THYYvSKQQr6Ow,24,0.0038735983690112133
hSf_7XEagkJ3j5Q4mUupwg,5,
hSjvNCjp6_3xmnfNmiDAeQ,6,0.004933051444679352
hSoJPBJcPT8vGuEQRs4P4Q,5,
hSziErXSdjiWYEGDo4ywyA,5,
hT9weRMZuJjl6Ca1EskmNA,118,0.009550396708786364
hTUSv9wNM1XQXW2b3NEwFA,22,0.0026578073089701
hUX1yAimviBIhb21D_KtcQ,121,0.0038750895629328878
hUmHwBQtGg0iH-PZakQJDw,69,-0.19198524480214618
hV4nDgVdVvtQx-CMt0rbUg,24,0.0022848808945065634
hVMCo8daSsRGdWaLCym2Ag,27,-0.002326370048833424
hVRebPv7EKMUGVV2m5IKaQ,22,0.003228112110986126
hVkhd9wlT7ZWvGCYiMM0KQ,5,
hW7a-QqCII6Bo6hRl47Aow,10,-0.0030791670042946283
hWGMdTAvBJYQC8_scQv4Bg,5,
hWuLvI5QqPyQ1x9ww0HeRw,14,-0.01929824561403509
hXJRcg9lAOZTxUJnroo8CQ,5,
hXL6oSqDFIp8DWQzR35QKQ,5,
hX_8ZUmIqWFWzjdiPrf23w,154,0.003931400544026212
hXg5o5F2Q4YifUZY8eTDMQ,18,-0.01991465149359886
hXjBdS5JP4M3MQHokzjzkQ,5,
hYWwNKt65xf525Z1GaQsNg,67,-0.02809383648903923
hZJoD4qGn01l3ErVUIwyeQ,33,0.0022544283413848624
hZTaTVsigf9rngodD2VIjw,7,0.0059631838216230235
hZUAk5fthL27KwuKicliMQ,27,0.003916691054531267
hZrDUZmR-qh4ZLIvHee_LA,19,0.00121886729179296
hZvvMGGQ4PYmZ9lNBBKvtg,7,0.0023521505376344087
hZyq5_bP6AHCPxGWapXS_A,45,-0.13636363636363635
h_NMnqT_HGZbJr2d8nDJEw,26,-0.0008684324793747284
h_aOwHN2xP-0ahwqaUp_Cw,44,0.0013816721776098253
h_rcMQtglIiAs-Oc5d8Ozw,123,0.007079756127908425
haIljRs6pruzNI_4fZrjJw,17,-0.03804430863254392
haPSww7kZ6aGbm2PIkDVoA,9,-0.019157088122605363
haWjQEBveCilIvAyKblrXw,6,0.0024424663482414248
ha_85covbLE4Fb7mYQkLlQ,6,-0.0025510204081632655
hat1r86VEqsUR4kghisKpw,6,-2.3358363657167187e-19
hazgheutNivLCKWRGDzVWg,38,0.03225022283445426
hb4Viui0dPDUpFqN1PbRKA,104,0.0007602862254024983
hb5-Usnsu2AEkOUyqCitcA,24,0.040086339808818996
hbWjJ0Sutq-zKVUQo7-kdQ,29,0.00521293263067939
hbitfyd9tJU3jinKxIHoAg,50,0.003664149425800975
hc11CyeADoC4NhPzStObUQ,8,0.0015197568389057749
hc7I_QpCszT3mlIP9uW19w,57,-0.016822191441277248
hcEOG4KamPIS1RfAATYH9w,5,
hcL7e9njsG0AboZpEVF5ww,22,-0.0037548940987782446
hcP48OHgtr-YbdDiQ81qBg,22,-0.08225806451612902
hct3rFcG5YtBwAYpfHhlug,6,-0.0007177033492822966
hcxea89M_U__LADtu3C0kA,90,0.03447504069451981
hd9AZL7gAxeRWBjwvX7aGA,12,-0.018145161290322582
hdBlIBo_iZozNTfhoG6tqQ,53,0.0014955134596211352
hdEVAxDZD6VmjEhuEynO6Q,9,-0.0006861358809932535
hdEcq237Ei-hXoXtGU8Wfw,12,0.00022396416573348263
hdGSVYYrLFS4iNufBX3q6A,47,-0.0027836401036518575
hdcke4Vt0WZ42KbdBIVpgA,10,0.0005700871898054997
hdtnpHXn-iIFTzPLvoOK0Q,65,-0.12051439069197795
he6ypFmnUF95PlNUWT6i5g,5,
heOR5Zj2sUNgr0smAFXSeg,16,0.01625615763546798
heXHc548cQA4qzPeQDiD3Q,7,-0.019385026737967916
hex9car-68VjhaBCxWJWjg,6,-0.00013004370913557043
hgGyfl_x1zf6uBrDxyPUKQ,10,0.003551759916992578
hgkl73uxONcCu6wIZUuzgQ,12,0.005511328842620944
hgyKTNWEP8eeTdUm61bUrw,64,0.012471384152800084
hh6t95hiS-RqRt6bEz1SPw,58,0.002933533450343899
hhjIp2gGFR2XtoRsScEv3Q,6,0.002142857142857143
hhper8vIQRHpEZRufltj1Q,102,-0.004631940455000645
hiP3H0wW45I0jZI7KafzZg,34,-0.11993888464476699
hid9ixP7Rtoj2pR4EBrcGg,42,-0.002844950213371266
hj8qm-f2ifwkFEzQRmf-eg,13,-0.0053475935828877
hjbWZ7ITHL_1Xr7IAwyoxQ,17,-0.3569230769230769
hjkkvRz1pCMSsALv0yBKuw,12,-0.011697860962566843
hjt5VSc8V_GF00KtFdwh2g,18,-0.0009548503930526408
hkKWRyfYI4fDzaiIEkZIeQ,5,
hkirr3WzSTx2d9cdP_NKSQ,138,-0.0031015414206716045
hkj9_s_6-KVeZ8ddgylzgA,11,-0.00024737167594310474
hkk0wHfD55HIjN8qVSRSAw,10,-0.0029587482219061156
hlTEWtqfWw9r0_LltqWA4A,10,-0.0011251758087201128
hlVKbykRTIL6ruTcK8Vkfw,5,
hlelvgQWzowBck_AqkSpUg,3,
hljCyVrQuuYtMj2D1g5DDA,72,-0.0008848953283535219
hlqnFy34n8tnVNMq-pO34g,10,-0.006666083457265331
hmC9CBcTSLc3P1G3UFhqqw,6,-0.00045004500450045
hmossNjZQjYVPBEyas2W8A,24,-0.0015196932729173928
hnGqJ78Y4Ph9gyQmtqnhVg,47,0.002541843183554413
hnXA1m5_6ogFvuvPDEP0Aw,75,0.00021738997685651662
hnfk4OHq2k0nkHBoX79i9g,6,0.0006787609527335556
hoQhoinqBiNujYngk237EQ,19,-0.04859287054409006
hoYHhfn4w0mVjI60eHDHzA,39,-0.3183395004625347
hofPeOqyE9LRx0NzbvH0Qg,7,-0.0011007009263498996
hoyRkF8LNDylctjM8ZUKyA,13,-0.0009946434649280782
hp-UUz15tDMgIu_AgFeuBw,21,-0.04000000000000001
hp6iyOf4yHAELQ_sjCD5Ew,31,-0.1320382362010484
hpFdLZ0KE0ICdMeG4hLjDg,6,0.003403289846851957
hq0pGGIfaqBG36518UsWcw,65,0.004892205638474294
hqGYH5oZirUFeM3uzL4VuQ,12,-0.36363636363636365
hqXEIbAt-4bYKoDbXWFiBw,41,0.0018603018603018603
hr01OdcdIelVhl6QgqUfog,9,0.00017214008377484068
hr2NJBX08LesSv-f80tejw,20,0.0013844826884136568
hr5dfDGnO5GuIHKcLi4PPg,34,-0.013286713286713282
hr75pzFjl6twEgyBRBQwkw,7,-0.006664388243335611
hrJYdX8ArjX7CwekX66e9A,43,0.00311872036009967
hrroi6mOWjIZb0qaMMh0yg,9,0.16666666666666669
hrxuwAwj7TIgAgo6TkPEMQ,29,-0.01653708503023571
hs2ifqouFH_w-GJ39Oq_IA,14,-0.0013974390772089713
hsL36MhSYSph3huIA2RDNg,53,0.0008655464429781208
hsslqZAVtu093rkguSpltA,53,-0.1136164099289648
ht0SdhGP8qJrRX-yNJ3row,10,0.00020487672699515236
ht8lG0gs4-ddM7ap3wwIaA,6,0.0012658227848101264
htK289P8_5AhuTGM99tlUA,4,
htO_nlxkEsYHzDrtbiUxew,159,0.008051772780294605
htOy0gB1GpJVOHG0BBo-NQ,17,0.001986351255396825
htfwEs8RMX9S0xCDKK_UGg,34,0.012265801560107894
htkrEPPQg6iH2QoBDjrEJw,20,0.001035109041499952
hu5GnI4NNTszi2jzQy2Acg,7,-5.2578999947421066e-05
hu6WwDxwgsHwY24nQUY8rg,19,-5.993407252022757e-05
hu8L8Vswbg7HCbSJzf6pCQ,6,-0.0004167824395665465
huXr3ate-syDAbBe7E-avw,10,0.006851119894598154
hukc2ci6jkqzqADNqqq-eQ,13,0.0017122421702850119
hv9qzqMK9UojjMgc0W6nRg,6,-0.20606060606060608
hvDvdmecT-rI0k8XbiRvdg,5,
hvWdwNhbZgeL6UqEpqCKAw,16,-0.0023260124177555365
hvn3hDdV6wJxz4h2t1dh3g,25,-0.006430724239801856
hvr1FhvVqDKkDCoS0GKvyQ,79,-0.01679108132996336
hwXDlBJdtr1cFFM8sy5oPQ,8,-0.06785714285714287
hwm0SPrb1IACKU5oU3hy0A,11,0.0016578041914294655
hxEo_CKsmSMGXcHNLR9oow,14,-0.001976284584980233
hxGPQvQLwMQzOz72Cx8UGg,60,0.0001658150264923732
hxPnlWZmirx7neooZykmtg,24,-0.14671814671814673
hxc6TmLzsENk4xsjm497qg,48,-0.11206896551724141
hxh1ongobphqXq30V13ukg,86,-0.027170444044318703
hxmCQdfBiH4SQgNZE8Rxvg,11,-0.023589743589743594
hxz-ZUqfwcueJu3eIGcBMA,14,-0.03545245650508808
hxztzzzHpUviu0dwdHM19w,26,0.000769121207805156
hyFzDuyOWNG2rg5GYJ2wiQ,27,-0.18011204481792717
hyoISt9KEVt5BcTQXDg7DA,13,0.001618717326681928
hyrITbzxrU9WmVjstt9MwA,30,-0.07540322580645162
hywKw2XOooailmOLnvpP4A,4,
hzMUPss52CP-xg5BO6TIfw,16,0.003823953823953824
hzX8Zrsxge4PXXKs_XAeqA,9,-0.022580645161290318
hzXmSzmBqgvEkivy7-Mc2Q,11,-5.5653067340211394e-05
hz_jlKOsbQT3bsucp670qA,66,-0.0477922077922078
hzwlwu3TR_jfZSMRM0l_Gw,9,-0.0038617886178861785
i-FcfJpx8COXHJuj4PFb3Q,4,
i-Td9gDwz4xLLYv5soGp9g,16,-0.002178217821782178
i-clumHx1gMhf5B8MROyHA,34,-0.035774309723889564
i-eQ41eTQRKKZlUg23SUdQ,21,0.003715703148729371
i-qUPXA8sapTzCCF7YXpog,27,0.008507621410847219
i021iBZ1SatdR-NzBuR7Cw,11,8.78618811228751e-05
i0AOcJ0rhmo-r0TB5RwZSg,13,0.08504398826979472
i0b_xiKIbExKtF3vqo1Bzw,5,
i0rq2iOdn9IofYYxyq6rTA,24,0.004310000798148296
i0sRilI4UUGa7IS8DAbQqg,11,-0.0025957170668397143
i1JDddNy6B9FOERNlDdB_w,12,0.0010716223548562127
i1SP5YzRjIc8s1O1tQZ6fA,11,0.005214118227816858
i1VMkj7p-JzVcrUEYtnupQ,5,
i1pGM3unRHXWLr15yyeL9Q,7,-0.0018046398679188705
i221dg3tgAMZLG-zeS5k3g,16,-0.0020917284444307745
i2PC2TcmNGhzeb7---fPFw,16,0.002122854561878952
i2PYiMC6zATn-FEuKnZ74A,6,-0.00038117019249094713
i3mk-jyyDvdsWGn6AtdkgA,8,-0.021052631578947364
i3t7UUv542Y9Jp9FBTr_RQ,14,1.365579210422104e-05
i4iZdyneMKGEc729ogQhcw,8,-0.007936507936507936
i4lQ-RodAuQLYBiJtUdP8A,6,0.001543507621068879
i4tdAvYzezhRsH_WtVmDSg,128,0.00015819691071650805
i4ttU3qq_F30WCfzh3kjJw,68,0.003017260092161327
i4uxP1u2a-t82ELdNrVCKA,60,-0.011565133895230983
i4ym2Gg5-ozD52ZjgDQyNw,6,-0.0008798270948491867
i5DH8fyS7JTu61qrIgRRWA,16,-0.0011794783517905761
i5IHpRO3tKN5enBrtNxDWQ,5,
i5fUc_Xu_hlvCbuWjot_og,104,-0.002879976960184318
i5ou_YMyPOvthL-v5t3MyQ,12,0.0003785172030762483
i6DlLLxZ2iwQRxhUDx3TTg,143,0.0053768255717828615
i6GSXiOqxQ8in-DJqPqiVQ,8,0.0012056996711728176
i6I82bBMgxkV8RU5JDypTA,5,
i6MPwHhpfLWP7VAqz3osRg,15,0.008085664335664338
i6jA8vSHrP9LiUPHlqPVwA,146,0.003712899435199572
i6nsOTszsTWJw_vRrBkAJg,29,0.004162456618196195
i7H6gGM5jXMMrhr8VRZXDg,8,0.09523809523809523
i7_3lQzM5SP8Cc2YT-X3BA,160,0.006561540502634471
i89mbAOMy4HVJRllmIKyzQ,121,-0.00017999856001151902
i8HEz6GekMb7hRukPBC-nA,6,0.013076923076923078
i9B7FwKJoXYiBUSKRObgBA,26,-0.031660231660231665
i9QWaDBCX3DRISUt94GDQA,18,-0.14277859237536658
i9n3DzCkmWDfiJ7yzTxPJg,64,0.010030607492181782
iAE-6OdEuKcl5iviLvZ9wg,8,-0.0012116474496775451
iAYSuGMrd-w6k3wWTYtO0g,28,0.0015175701384181404
iAdQDTJmBJJ6RZ0h6AcxIQ,5,
iB3HjB9Bj80_WYO0SHsqtg,10,0.008060692271218587
iB3p_H5xAL1PkRKXnhIbMA,43,-0.006921160294072411
iB8TMAjQEUfldgolrRyKiQ,7,0.002138401183355843
iBBUqYyjJMYvYt_jgTSDeQ,22,-0.00890688259109312
iBHCv93BnYdSR1gnmUjhpg,8,-0.001999446307176474
iBKNmlTZ6LsLcYRnVr1uJQ,15,0.015306122448979593
iC31UEOQJ5sumFohxV9S-Q,24,0.0006318006318006313
iCRYX4-coR7GYFtyy8qAnA,10,-0.001364342386969481
iCVrRHR_Yxr6mHCpObnE1g,57,-0.03430482560917344
iCsQyLXRbbgZEoM5riyWQg,8,0.0004146612365790442
iDBNClapO1L5ybWbbrMQTQ,34,0.0023065390381732213
iDy3fhLV1VAkyY0FhJiWFg,6,-0.00048694974678613166
iE9w8w96epHq1nPO52AxGQ,90,0.021502406691391147
iEK8ExR1z2C2qaVKzl0nrw,12,0.0004196076668315125
iEOd2yZQERtdOOlQjuukPg,7,-0.002112845138055222
iEQwKldFFkrhUpikwF4VHw,6,0.0002628949997371048
iEaiQGM23OWKGCybkvd4Pg,26,0.0037764690014836125
iEmp8GQhS1ZDJmDqfHodJA,74,-0.013969764837625975
iErS6C2sUShAQs4F7qa-1A,6,-0.004703832752613239
iFS7pgju4t2zGovhzSxAMg,27,-0.0013965201465201465
iFUMRyVYJbHyrxuq8-3CKg,86,0.01577318693183461
iG6v04EILBo57nFkY_MKpw,9,0.0013098464317976514
iGBNtwOI_v23D61f2R7e-w,36,0.008259032537094951
iGSwgglc8r9MFcDHdaqMJw,9,-0.001656848306332842
iGwpAmEWTxattlhkuG6eDQ,66,0.0007435093641990194
iH9fT2RCB0u4cVl2HLDtqg,133,-0.05008476689627424
iHm1l7v1xaejlOgATGFymw,11,-0.18235294117647058
iI2ZEeSHaPOhXdCauhYNMg,14,0.0017520215633423184
iIE1QV6JPA1yJ_hM_G725Q,42,-0.061900452488687786
iInBHV5h8zQlnau2Fe5OmA,31,0.007359307359307359
iIpF-IdrX6y7gPI_WDVXQA,5,
iJAe4S1-gz1gRDcpl5dSvQ,10,-0.004414335664335665
iJOwwuhHP_0BCHmpmJ8l4Q,14,0.0008727388130752139
iJfAoWtETn-F8WjC4g_hgw,3,
iKt5u_Kes8STaPjJ4o_EbA,8,-0.000902906617192331
iKtbbhgloyUkVNlxh-qrdA,5,
iL580gyKqBf3TI_JcovM6A,6,-0.0001354279523293608
iLSA0YCeg50DD0kc7D6srg,40,-0.0010919644476691454
iLiL0EQIgcbX-DpV3gevvg,16,0.00044957964303376347
iMLRtlT5lO2Q2A7FiulZtw,4,
iMT8En2vAPbNhxE-GqB4nA,5,
iMw_LReFjEsvhFGrU1EKqQ,85,0.004637556031023217
iNXKjN_LHiozA8HX-UWHoQ,16,0.0034535923527597907
iOBs_J9oVIwVKsmfBHBs6w,20,-0.012226512226512228
iOKdzs-arrM9Jv4TKz5M1Q,60,-0.011546136730230987
iPSPcprSnkLOuL1Ns8UZZA,12,0.000611888111888112
iPr31XB3GJFEUHKCHLCDkw,23,-0.06358974358974359
iPyhEN7uBsRYQdDDs36f2w,13,0.025974025974025972
iQMGNjgTqZWhgDH_nGwKfQ,22,-0.003954480796586059
iQSM26cnidO9d4O3jyq6rQ,10,-0.006350267379679145
iRLFBbtyP8dpOKSFi6wXfg,4,
iRp8WsHdN1Acmp-P5Tx-mg,8,-0.1107142857142857
iRpXlcwdCRvT57a8OwBSVA,56,-0.0014144330759734687
iS6tecN4q88knAgPGLVHnA,5,
iSOwZtXQaUBf5tX-MTVT4w,40,-0.01911810052420598
iSSErxB_4XLkrKU0CotYMg,52,0.007382788024082601
iT7J1EMIY_by5_vH4XVA0w,52,-0.004374119378047109
iTG7S72m4PYnK5OL7CgSaQ,14,-0.0002706890436276067
iTM-1uw7pF-4sgAXk5HR6w,5,
iTjhwZjjlGjyPywY_rgCaA,50,-0.005539515495267707
iTn6lKqyEmKXyvRFQ32UfQ,9,0.003328188307929771
iTqSLah6DnnXGaYQWDl7cQ,5,
iTvq1gPf62A-z1Axu8elvw,14,0.00943396226415094
iUZEGx29miZObLd6_lt7Vg,169,0.060825113399092814
iUbEzrvaq74ET-SAEayRzw,6,-0.0007938275855085969
iUnM1rwJUWaDkRQvSdGxAw,23,-0.0010499932258501558
iVAw6Xl4051W1lUeLEUw3w,54,0.0027956989247311824
iVGmTp4mW_Ie60orCwO57A,34,0.000629744651483782
iVUn8TARiBRzrgvDXpqONw,28,-0.026707407276953966
iVZJ_O7oml63XcAucP_xSw,25,-0.007898351648351648
iVi5ESK5iCYF7GnQBOcQig,12,0.0003543586109142449
iWMf-pRqpp5-oxW5zvONwA,13,-0.00042269936636133814
iWV1MgLsI9ma5zrzNUy_NQ,69,-3.411085407376355e-05
iWqidwRfktczkueMv1LAdg,44,-0.0027223635471058136
iWy6Wft0MMO9Ud2wM93frg,170,-0.0010007202153064724
iX-B-N84nktxvhSwTYSfDw,16,-0.3220588235294118
iXA3giKTRv504KRH7appdQ,24,-0.00578821927136534
iXJNxreQ5ImDklYG3L-YvQ,10,-0.004411764705882353
iXZ9SUP8DOcbDILxbR1f7g,37,-0.0044015397929038245
iXyhJ8pywjdkNAFwAQYadA,23,-0.004024162586735233
iYcDcwUehtwBoIxOCfQZlA,3,
iZ9fg8Dm3SsHa5BqXktGtw,85,0.004401030485186775
iZGQdYIe6P39yvfMmmjdyQ,6,-0.0011363636363636357
iZJ-LlKeSRRu6HbY4LZ9ww,35,0.0009421999929555142
iZNR8-rqsBL2afDk4Zxe8A,129,0.0025257981213411924
iZwUgq2W1rHd97Y2fwBFdg,55,-0.0006929133858267718
i_5PaxI8DK9EErsHBdwP1A,13,-0.02123552123552123
i_FWONQD1ZBqrNE2b-M5Ug,129,0.01133976976334513
i_WhxBtlyL02ek-GHLfuzQ,24,-0.009917755200774071
i_cFU5_dQexbjJA9rmf_WA,8,-0.0012842698708111578
i_sAh-ylmOwCQmqRmXox8g,104,-0.009562435448522557
iaBU5h_j0TCrUFzTbjFIlw,79,-0.012063720421405983
iaW_PbJwEWq5lm06KFxa0g,33,0.0031379767969519252
iaZavx63kGEoiqAmMuOSew,7,0.0018650717087915622
ia_9O97e9qRJrFH_owYjPg,7,0.0007202881152460985
iabTLSZ0Jf3ZPlyFMAusMw,37,0.002329505700292216
iakga716_hy0m7svRNCLSw,9,0.005865102639296188
iayEnD10RANkRly9O_zrDw,4,
ib9i3cSQ-ZwWSI9dH9JeSA,17,0.005600268276324615
ibJ2fbXsuFLwNfLkeCPhrQ,11,-0.0022209234365867907
ibZDb2w7D116oa5HioNqWA,41,-0.007163302312337964
iblxd8ExRazILW8E0g5huw,14,-0.04838709677419355
ibtPoUXzMdWco4FDWDJWHA,17,0.0018348623853211015
icOMQGI2G2wTzYoMB6084A,41,0.0019154725194993655
icbe_DxKtXG2p3KlJsqYig,5,
icp_IKE9zIkAqAucyS1vTA,10,-0.7818181818181819
idH97uIodDocSlWM16Muug,15,-0.175
idZObzj0IXJ2TcZJeji1pQ,70,0.001271458538464831
ieNN_mN8qk7MhG4oV7kfUQ,26,-0.18349928876244662
ieedmDsMCAQa6iYdiDotzA,5,
iefY4RDGOZrATgYaXqbx8w,4,
iegiacdW0vbAuKjb7FYFfg,75,-0.006475080253744262
ifWCzW6H6t2xKQfpoleQgg,11,-0.00939127465209596
ifnnBBIeNFHEvhJuaKZiAA,17,0.000817730908440949
ifxZ_RT_TSZwdCzI2FS22w,7,0.0009979494190020506
ig3SPW9DM4CLlG5_1eeXSQ,23,0.003799185888738128
igR8KaTBF-Qfh0ilJE9eew,6,-0.01220865704772475
igokTeBzqlsltxz7lPzVqA,14,-0.001988283330374579
igxb-eOcw9GbfxZ1yqB2uA,5,
ih5UsOi5jHDINYkno0bl7g,14,-0.0009954751131221716
ihXHRu99MxQDiy_p1FKqhQ,14,-0.031198686371100154
ihu7p7Kbju98fG8jqwe_Dg,7,0.00017496282040066472
iiAcJGb2RJEAF1ssvbMh7g,5,
iiHWdMjPZhQPTC86p86X9Q,24,-0.10318914956011731
iiWY9t0FIGh6VMkenmsvfQ,5,
iiXZBcgyd0cfvZLoeYmpVA,37,-0.00025095852213314745
iiZHyvPUN4rPpVA70Mt8hg,5,
iii_Pgd7_-bASlcyV3FQHA,31,-0.09344567239304082
iiwbC-2gHnTd_SlJ8HlPog,26,0.004635993011065814
ij4m-6fYAq16IlmHEQFAIw,4,
ijIeHwnXzYW0DWAO3KLDFw,21,-0.0024390243902439033
ijMJrlo8D_L4nD9uLtu_EQ,13,0.0012096774193548388
ijZP_SZg8DJKYwAMjz-xSg,28,0.0011046095056126105
ij_dE1TNqe_BHrzEGAWU4w,30,0.0021237945128629826
ijnCPsMfWWcxGlzwOzUxIg,50,-0.025399129172714082
ikCYoiprokM8d7zrp1OJPw,9,0.04743083003952568
iksVwRfpWymIUUFqw0tXpw,37,-2.0338056680161944
il5H-xceqRVR3EvaC-u00Q,8,0.0021121351766513054
ilms3tyoWYHDPo00lmrMOw,16,0.03870967741935484
im5KFKRQB36c2Z--LKCdTQ,14,-0.020053475935828874
im_zPCUFisTElWND32Ka8A,11,0.007352941176470588
imd0v6mixJCBnqGr6RV3hQ,16,-0.0015975209040151742
inG2oIDylX1kLsLLujXncg,49,0.006510435946353826
io4YNLvABJrFraEwtQBWqA,127,0.05403204522969795
iodTT7_XrGM0RBBWDPh0WQ,14,-0.0033542976939203353
ipEZD75r51w-ZAcb4YxiBg,9,-0.01686217008797654
ipRXCy-0ChYK_569rPqzJQ,17,-0.6553846153846153
ipaHtb0jzsnzuxkjQxvxgQ,37,0.002118202652962011
iqN5CY_BpZ5pQFBnISYy-Q,15,-0.0015697889670492414
ir02bUQMq7FH10Va1lm7dg,13,-0.0011581158115811585
irFttJiDNjW-QKbmxNDjUQ,39,-0.0028452463566967373
irH-OtXTEkR6Ovjs0YD8DA,7,-0.00135685210312076
irXywqvfXj9maLLOBQMYvg,132,-0.01625161955091256
irolxiYw4pOCM9gGDOhnsw,33,0.0029707452911516444
irwBGAGqMPam4YLbn04TYQ,23,-0.0003344481605351172
isYxsQR2GpzXX7nviDvelg,7,-0.06993006993006992
isd_RyJ3mnOmRNb6u7vzkw,7,-0.024420024420024423
ist795rpy3gzWVbfrvU-Yg,17,0.00046958855098389973
istq5KVETngo8mWIKPJwEw,5,
it4IpWSqoSiOXqb2ImwAvw,8,0.00041382667964946453
it7HuDS-E7hNPR8AFALIrQ,5,
itv5mVA2lkp_ivhSdmKGgw,138,0.013432990760925984
itwiCpfGR5xlUpawXrt4tA,26,-0.0007876910150711547
iuKzxuAgf2ttgOyxyLHEMQ,53,-0.0016144766364257143
iuRf6DVjkS3UkPwHjEb6Wg,39,-0.018876207199297626
iujthokh-GWKGbRuAvaAQA,7,-0.0035714285714285713
iuoh6R7yIvKxffYsb5fH_A,5,
iv2-IAR_ej7MnN2DZyU33Q,33,-0.011431603318541384
ivs4cAT5oQJp14KHxQ4xEA,19,-0.0016696895337672036
ivscxN13LC9eJgkob-cwGQ,4,
iwgD5oRuzluhE6BeGrmx8w,9,-0.00263157894736842
ixK2BuHlGEXQdkK8NmALPw,21,0.0026719549107608806
iy5qn9Yw0vepq9lxM03pGQ,4,
iyHwf4fGGQwoKo1pHfrp5g,9,-0.0004614106862714938
iyKFhga8A_KoHomOdaQC_w,34,-0.04646405610753944
iyZGLIhZffqIycfvBwTyCA,15,0.0107095046854083
iydOdxf9QnI6tIvyWXxPqQ,9,-0.25874125874125875
iyiCWgWozxXklLG056v_Gg,44,-0.04634473507712944
j-Akv5AL-z1vuM04oJRc8Q,74,0.0065156898839847585
j-WKXu1uJbB2AvY09we9ZA,83,-0.0004897633759503404
j-qtdD55OLfSqfsWuQTDJg,163,0.07388287584307335
j0D6RaGSZMjfiOfux8aKng,10,0.0016711833785004516
j0iQjaETQwWDvRcDznlXNg,10,0.0022878972335334375
j0nfkOogyh43lFcuUMlVsQ,24,0.00618909392494298
j0xNFjuw9cCuFStDXu-jvA,10,0.0026533382697766254
j19dK4wX22MnVkqmxa-lWA,21,-0.27272727272727276
j19wR1dEKorx141AtNeQlg,5,
j1TPHqEtXGSqVuVNNX8g3Q,16,-0.0008030231459612661
j1WFr8rSrekUgTNy4NudxA,74,0.003952993447458321
j1ksm0IwqRlDeUj7hkPZYA,22,-0.00019197600299962513
j2-5NpfNw6gNyMg8iWh1hg,14,0.003078676059732889
j2-xpIyDjmtEA4QFQYN16w,13,-0.0012442325774638643
j2AhQF5-dYGyJFbQd5t4aA,44,0.002836380684481951
j2KaVn7nl36MqqXwvVGOGA,4,
j2hzwWttoIQe-g__kTH2AQ,21,-0.020084566596194505
j2ix9c4vxxoRgS_U6IBLvQ,9,-0.003940886699507389
j2m_DDgHRAjB0Vx3j8wepw,32,-0.14764107308048102
j3K9cWralvrxqOZrufcbdQ,14,-0.011632270168855536
j3SP6m3S1tVqoV6FqEUrhQ,7,0.005915241876671258
j3cVDMMXhFScnHH04WeUTQ,14,0.0006069879487601003
j3yCJo6tcggWs_Z1-cZ1AQ,13,9.831029185867883e-05
j485zQQvqv2tTIqvRTPwMg,9,-0.018105065666041278
j4DHb4tmK3QlK0gqpdnMeA,32,-0.12084942084942084
j52SvHWTd6h-6vywAQInBQ,11,-0.006338535414165666
j58chGXdwNBjXYGCOHpxag,34,-0.06116983791402396
j5IsoB-xT1Kqp8yQjQnaXA,77,-0.0009298892144295916
j5fufHJJWqD3jtSHIh0VlQ,11,-0.15384615384615388
j5fzB-R9kbynYUEFiw8Bkg,51,-0.00036251920122887856
j64EU44IBM7PzswAz6fPoQ,31,0.0023895830380105706
j6Jgqto7KvHjmeJiLo5fSg,15,0.001956636700158646
j6usntbtSzFyuwx4n2mn1g,136,0.0020175792350886623
j7dMQazjHXoBTsbpw5B28Q,34,-0.017299824663939218
j7z0VfA0BjEG6dIVNprH9Q,19,-0.3383458646616541
j8INHuYFI3f0FZ_qiRAZ8A,15,0.005608974358974359
j8NpaEvv4AaweMybeADmGQ,6,0.00017091582395670137
j8jO9qn_KB_Lt9zcZWIheQ,17,-0.03603994789405124
j95Z749kLfchv_UTpxVpag,39,-0.0011971181302991697
j99PtxlKTW_u5alE4jiqHQ,166,0.023088251954231337
j9Ea81ctJGCVdU-qM1OuSQ,25,0.0005626774562536784
j9jMPQwSsjubivM_DSIr1Q,7,0.00013881845137837467
j9tIldJfidEFNEMQM9vANg,21,-0.11294261294261292
jA4vqznzM5diOCY6upZUng,31,-0.010794655414908582
jA6v77xlx34i-j_RiiS6VA,6,0.010084033613445379
jAKvrLDkkKai0shp-IY0pg,2,
jAPXUVeCS_LKFS57FtO-5A,10,-0.018315018315018316
jAcusnUVb_HvuDTqPdH3LQ,9,-0.0002374793993774034
jApER49B6B645lCQCsorFA,13,-0.009407665505226483
jB6YIqT9zUspGJZ7H4IRLg,11,-0.0010918253079507281
jBpFv9rp7T5I7h4Nt3kTuA,16,-0.00032156408772268316
jBwfTPuxHgyAhsfTUONXdA,54,0.0007474993449748028
jCJnPdOPoor62kKZPxqrIg,9,0.0005894651988815274
jCKjT0w6BnPxNSZO9Q2uuw,91,0.003453149001536098
jCxnMudvJWgc72tSHJx-_A,6,-0.02118226600985221
jDGxzwlkyH3I7_LghcxLAA,11,0.0016885553470919322
jDSWTtmsrq5_0z_ZK4Au3Q,6,-0.003720319509793193
jDds2solrdvoyK7sB97Eog,16,0.004502814258911821
jDpTvYGJWqjIHw5OQKBINw,5,
jEKE_T_iTSCTehiB5K1CvQ,26,-0.03165266106442577
jEWs4_HRIZS9YnfqR41G5w,43,0.0005433484595175546
jEasa4Sbzy4NdLyzPPgQyg,80,-0.1349420427207115
jEiywYWwHnHnF4sm3BYKJw,12,-0.0005711022272986863
jF5XeCVL6MrA2IcLIHy1JQ,18,0.0009902333152468801
jFAj4ZTHKukcEnFZXz2DiA,8,-0.05391304347826087
jFm2I2vALvWz07_AWKQLlA,29,-0.12035647279549717
jFmS7S0kU5ZQHSm4jqymQw,16,-0.018226600985221664
jFmgi73Pdb6R1jSVus1q0Q,9,-0.0015734265734265738
jFrnbbc8s6wgBQUgpZJ8fA,5,
jFyvKHmFDCmkV6fg-vCg2Q,17,-0.048005148005148005
jGIRx6Ium6U69owDUB4phQ,31,-0.05904848327715842
jGJc5eCBF_tQWiYInBelCg,14,-0.0150197628458498
jGQnyhGmA6F-uL7TZR4S6A,11,-0.0010570824524312897
jGot3Ktq9kA7GDH7WwRq_Q,62,-0.0008958566629339303
jHABRqH3hcPKvaOMt75Rfg,26,-0.0010526315789473682
jHVotJhyPKOLuO7MVnmbtQ,147,-0.018131108872702608
jHZS9GIhW7s9r4w5w-0A0Q,75,-0.011580196123246376
jHeT7dodT4fN1SD3QEFoAA,73,0.013887561713648675
jHk1OJi16n3BlO3LxkH8cw,90,-0.019836924868957485
jHzcO9EKlsxjiVHxb4b53A,17,-0.04679802955665025
jI0Ihnm76Z4n1GySOUjXxA,8,0.0008585310627859808
jIQSl2OCPYChWvy9IpgBwg,12,-0.012121212121212121
jIaycjmFK6ZecPx-tMR43A,106,-0.0005303550258938044
jIzN5atQRz9OIeYO-Lx4mw,26,-0.10574912891986063
jK14ZI9sfjOsWcPrCOQBcQ,65,0.0009419313254424
jL4fYp0j8Jn31BiYptb10g,19,-0.11389961389961391
jLDwSeoQ_kDQwhnUJQO2yw,46,-0.05152204836415362
jL_NufxqXi-BpW5uXKsPwQ,8,0.0016403885969103363
jM-oH5U5zcnfpmcbsgMVHQ,106,0.004605080403716164
jM3C2n2JyDKDK4dp5R-6Vw,9,0.006059860346365623
jM6Ri5mLLPopwK5e8XY_lA,38,-0.004613551242764723
jM9eNs-zXQ9iPpKskv2kgA,31,-0.08406567992599447
jMYwBxdECwJWB-5-yvHyyQ,21,-0.034357021311076895
jMdbO3UmGJDbvW-HH8Ggug,3,
jMqEQYBIztLtcvnTujfHUA,14,0.11428571428571425
jNu8FaY0cFB7t07HR06g1Q,12,-0.009768009768009766
jNxvJeAUzzpC7zW3UN78HA,42,-0.06600790513833991
jOaJ4PFGhGiM8fhuYcYFRg,90,0.029961908216941766
jOgXXZdODiH-drcJYZkDnA,62,-0.01520258767449779
jOhRFAJYBHU3chGwg1e4_A,11,0.008662978812232543
jOqQVll3LHy-J_s9CGeBpw,9,0.0012750949538795442
jPG_BuIKf0KBCFY6u00h-A,33,-0.020131530873218857
jPbv87mQlX4jZTHogK7_Xg,51,-0.048968799576943424
jQDXPPEfRlGiiH7kmRfM0w,5,
jQLoPMoIck8H1FWHqHgcOg,26,0.0016977024730778767
jQdPQ4WdwCumO0qgst6JKg,57,-0.02615453397853987
jQnhYqA4jykPPdkyOFM4Lg,56,0.0026860799854929013
jS3affmkXWrBnidXA-DIfQ,61,-0.3466346153846154
jSJz9deiv12E6RBztzUfag,11,-0.009768009768009768
jSMqQraH0LOipwu8Z3Srqg,10,0.017741935483870968
jSVsnc4xGx2Zg0WLmGZOhw,6,-0.002844950213371266
jSs2iTKe3Mb-esVU3FmsDA,18,-0.0008778145173988349
jT3-YA4x2uhkZwChbWdFpA,9,0.00021552146397852618
jTI5Xjk27An8ceJ6VwpXiQ,129,0.012151365107944822
jTbOziVO4fGAPCUII5OgYg,24,0.0007539668045895447
jTeQqqBmFjEKIP2Arm5UvA,64,0.0014560647139872883
jULIPydhMj18KOI5OHTwfA,81,-0.17184417110952524
jUOhse36Yw56KXxGmva2Ug,83,-0.03170366084578162
jUaI9jFz1g0N4x8zt3Vx8A,12,-0.001619644723092999
jUnLjPEuLON6fpPvpuEAjA,4,
jVU7HIS6NJKBFmAvTIu35A,24,-0.005413687436159346
jW3DYkTscWLXCNbwSjRVtg,22,-0.0020505809979494195
jX8i0O2x-koganf8WwHXdA,38,-0.03653846153846154
jXBEBuOia2FpEcH_YbAX6Q,6,0.0026595744680851063
jXlSAclDY65C7RagshC0-A,17,-0.1197110423116615
jXtaxB2b64nA4uy13i024A,147,-0.002275790405053652
jXz_OjHLtICgZAM9WrWtGQ,22,-0.0028733338654321973
jYFMSF-AyKrvLPWMW6l5JQ,57,-0.016484065659477954
jYi4Gy91Mmhq7WzGcb3zLQ,17,0.0008191888465090552
jZ7YdEW_VbWk2CbiG4Fsjw,121,0.009246575342465757
jZGqAdBlDnrP-J7--vdPxA,110,0.003168147130439514
jZIR4QJOswbgwYKRcJRTsQ,33,0.0005707629586488067
jZKoHLLeax-1KRWoUlnttg,46,0.003775241439859526
jZNH8L77UKb68bTniUoo_g,5,
jZNURvrGXciY9aBpl6Z-CQ,36,0.005054925871893665
jZS1SgxHnw9NxRNVRNgqwg,11,0.004369747899159664
jZYkQS6S2jqiak-R5_x0qg,26,-0.00048640358908624793
jZm8spW0NitIZkUaN1Q3Hg,5,
jZq8xsKyCrRRzJenCKKn-Q,17,-0.01374118285404232
jZxs7PDhUbhg4LWSFM4Z_A,69,-0.0008957825026141513
j_bRSKJ41GD2nP8O-9I7gA,9,-0.0001351171163162806
j_dA2oE0St07hd7bqLKgBg,38,0.0013353358999416286
j_ptLwL_NYicKAXtI0S-3g,11,0.00045560803396784495
j_zbUBaNqsWLMoNNCEqMRA,7,0.0010073260073260074
ja6B6Da089mMFJVc6_3_aA,13,0.0008760910578451863
ja9fRwOsHhDS4iQByF53uQ,5,
jagBU79ciQVpvPMtQ-r52w,6,0.004347826086956523
jbIHN6TuseNIqhzzv67aLw,8,-0.00014413067848182356
jbu26DjWdZhivWCEs5jvwg,6,-0.0005441217220444869
jc6PRKXaOwQeKtQGXoG76Q,33,-0.23995771670190272
jcJAFarKwZCrDMomXdcz-Q,14,-0.004511278195488725
jcQVQKQNLDx3LJ84lk8S5Q,8,-0.0002293822682172199
jcXkAf-4BSsDNVhTHn-fmg,7,0.0014732046497104934
jchdx5ivrDRQlIIAXwrOkA,13,-0.015495603175958335
jckVvp0zctH3eqOgq7TZAg,22,-0.031034762174864273
jcmJVfvefkVnx6h_idOazA,30,0.00041275352876503406
jdMKSgqSelFKfrFoa6KXgg,10,-1.4809329877823129e-05
jdS7c64M1h17_I_8Hnq5fA,14,0.00029946789667627163
jdaKKqnbO5_eaucmUc0lHQ,27,-0.03860342555994731
jdx80PbfbXMkUZvhJmdFbQ,6,0.003664552501761804
jdzJrYiK58yCmspyf5czBA,86,-0.014669292971179764
jeJbUi0s_NpObUfKOQZWqw,69,-0.0068950029942111924
jeYFaeEOxvbWKDTZMhKIFw,5,
jedx8vDpVvutiw44B1KLpw,6,-0.004757347915242652
jf-jOKJ0rzFERNOfqS74Fw,8,-0.00035486901158542956
jfjpExDsvog4CYFsBMmwdw,5,
jg02zYvPsUGyHQBlKQJjZQ,23,-0.007223264540337711
jgHrwlWf6IzmtHcsuQOq9w,20,-0.2267206477732794
jgRdqUmTAouFctEs7VVehA,11,-0.000583373845405931
jgi-7LWLzcGkPvqFryqI6A,5,
jh-Sg2S4wlelkifvhjwSlg,35,0.00037803780378037826
jh2GuTfXy0hm3cDaQCXV6g,25,-0.004274206805852374
jhSCxk_tOPrD5xRdK4kglQ,10,0.0010384215991692627
jhkEcEtWalfkRN7UmoKv5Q,6,0.0003386636441846811
jiNS6ykXcU63wNgcMHzlmA,15,0.001766547406082288
jigDkvD3IrEl37ID-o14tA,9,-0.00328633630520423
jijBFe_4hV4PTGuzgz4ZKQ,6,0.06363636363636363
jj9-k3CsTJz0a3_pP4RkJw,12,-0.08153846153846155
jjC5v7FU-WNKuiqGIustRQ,12,0.002101967799642218
jjFUWQdn6HANmgVy3Qy0RA,26,0.001782363977485929
jjbv4zbAoXoLQ80EdYmc1A,5,
jk-Id_QpkvkrplueKgP5Cg,28,-0.020054300876218685
jk3Uoq5yOqU9AdiFsjkXdw,32,0.0030181086519114695
jkGQQ4_LgJx3hwPtCFkzbQ,145,-0.04037512778345705
jkUjZI9RjmoIuMPpwpdSRw,100,0.010931490317875745
jlOPXMrsxv9gq0y3BqZgmQ,49,-0.02934981684981685
jlfCyRKvRtcRTV9wzSU_eQ,40,0.0010003485535029623
jm28n2u54q46QpeXSyoymA,5,
jmTbULiPTcqJHxctb4wscA,15,0.0016877637130801688
jmVr98niBB7IPnQGp5UDCQ,17,0.01903928219717693
jmgEQ7co9p5aV7l1EPbvBQ,8,-0.0005628517823639769
jmogHrd-bZTZIadqWW7vRg,7,-0.0057787174066243835
jnA8xrLUi93ClDd-anHaDw,8,0.0013145082765335932
jnIbjpGeAcdHxZlzbvSoGA,6,0.0008293224731580894
jndqIGsMQnDB0dMHTZ3GNA,18,-0.02651821862348177
joZiynWmh9cenAL7ErPdJg,51,-0.0021862021635618827
johAHZaOAL3SgeX7_2br_A,16,0.011224489795918368
jolbq-Xux8Tdh_dxmD7M6w,4,
jpTfC8jSqB5i5leE_1SMMA,5,
jpiu8uKDtcAzW4z9vAeeoQ,6,-0.004625346901017576
jpqSJnoaIOggsFHV8bOXyw,4,
jqFQK9ERUEfsW8Y10XuIpA,2,
jqJ697AWs-UgUN1MDOM2sA,77,0.001570116235470566
jqW8kqQCR_NUY1DTtg30vA,33,0.0054907343857240895
js1qPAGsX9q1Sc9x4vncEQ,5,
jsEo_iMOgULB7w8zGfRJeA,4,
jsGqQytwijhwPzqbO60oAQ,7,0.0016110970631795685
jsL0EmA3k75npcRvleq2VA,14,-0.048418972332015815
jsTHopAoQFncD0pGoJQFrw,7,0.0004749725977347461
jsUzVBGEIoer6l_fxbad2A,23,-0.01641025641025641
jsZU7VLbyn50MabU86zI1w,11,-0.33684210526315794
jt1TfLJQN20aoVskD_8DuQ,108,0.008703675993815153
jtdnrAuOOdS-QJ16k1itHQ,21,-0.006333654098504068
juBH0j95bJVWs642WFCe-A,15,-0.0009464219990535783
jvCNijeK9ZOf2Vb6pGNySg,38,-0.06838905775075989
jvPFC9WqnuC39MJTDMprVA,5,
jvQLCjrq4nUAslDg3CWOhQ,19,-0.011627906976744184
jvdIWqRw2h0EtYZz6NEp9A,34,0.003498605181634635
jvkIfHrR-B7ItVJq7-v4LQ,46,-0.0009024671650519192
jvsj7fBR3AU1DvQeC0NJ-A,13,-0.02200772200772201
jvym_oYfZ38G4llygsUBhQ,9,0.0005702146690518782
jxAJrIQ2JjjTs8ZzEytP-w,36,-0.009815523842673165
jxEMFqwDJXjCxmcm5t5jVQ,71,-0.26374916163648565
jxHXkkt2xiD2-d9sHFCEkQ,21,-0.0021319504465571884
jyBbsc6LrIwdJYD9jFuiaw,28,-0.028330249768732652
jySVipAqMqczPzOPLMnJpw,155,0.01844149380543558
jygrkzqAdyQKSJkE9XNGlQ,6,0.0006087066034171528
jyiCIbGkuhxawoEBvZxUfA,88,0.005934705123439245
jz5IzOqaAOXx44eBv_eOwQ,9,0.002164876322179693
jz_2B9gw8Ho18ZJmi-iyRw,48,-0.00215283045947553
jzd6tUCIYEitbQqASionpA,25,-0.020498098763566775
jziliEq8Zum-EynD5v-Hvg,58,-0.1416467590380634
jztTAvxtscotr6UvBqNQkg,20,-0.004788889775720328
k-NmsEI3L9rq7TiLBhgXHg,6,0.0007558790593505038
k-dKkUpSvVYhzR93C7JmMA,10,-0.0008598995940768099
k0CC6Ri9toGlBuBNeFBDhg,10,-0.008791208791208793
k1FcU1bwdXXcMohtrAUD5Q,68,0.0025234242358808906
k1shNGktYpVZD8zYWsm6Rg,6,9.546572812879985e-20
k2LRL37Ubi9DcHbhsIeUbA,10,0.00035821130530625103
k2YJkdLg25xlYjshpeEtkQ,114,0.0029558091893473817
k2orlWRsgy0s30pIUBfUbQ,14,0.0002597402597402598
k2w1Zf6F6bRQoOzXAi3Atw,9,0.033314511575381144
k3DmkNWPy8af6J538zwYJw,7,0.0014365049981488339
k3SZAPbt-Kt8lbibHK5pOQ,6,-0.00027535609610394445
k3uioll2as8C6W-0EWpurA,50,-0.03372207824262618
k3v_QN-1I86Mq-lH8het_A,11,1.2368583797155088e-05
k4WBufHPsiz4HgmT_gwK3g,34,0.0012598148365170515
k4_m-ss0f01TTX41WStUqg,19,-0.024356869184455388
k4bOJroWX3NZ0PJHPTgU4A,9,-0.0013870608484357599
k5fEjllBWcdKLrzpx8DBsw,14,0.0006028454304316373
k5o5J1WTVV-LtPM2m7IEUw,10,-0.0015219435393934095
k647hNu0xbCXcVxPQvqbwQ,28,-0.013122171945701365
k6BLeAGKHZqzp2qhmVjlQg,5,
k6WAVICs1yY07JPXLYCj_w,29,-0.04006638217164533
k6xc8FiZp2hppWcQJzNVpQ,117,0.005467569633303116
k7odrCRmLQeoWQev1_MveQ,7,0.0005282112845138053
k8SvXoV6TFMTfrRsvzJ6uA,7,-0.004369274136715996
k8VM6pZwoMSY6cwYd-B1SA,89,0.002025209477774228
k8pY5zMMdflYze96KFdmyw,13,-0.006696304529035843
k8vpeE0cDGBD9L7LGZqyDg,5,
k99d0o0T_qS8-oidI72nfA,18,-0.0022395326192794548
k9QaQYOU-egM3UpS8daiYA,22,0.004944245739532926
k9k8KR-HWclyvAWMR71_ZQ,57,3.570663429265149e-05
kAjFp54s3uUFyiTvD9hBlw,8,0.002095939345337902
kAmXP3e66dxu21-5_9sBsw,71,0.01174901467128235
kAniT1U1a6V7JlXZsNsScA,6,-0.0003288271830471317
kB5uFZ9X0HEku96FRt493A,5,
kBL0Z76KLUxBjvZS2djZzw,26,-0.13770053475935828
kBy0ecvnHpFYYicw5Kms7A,6,-0.009130434782608698
kBy6spzfroIe5Ph6lO6b7w,7,-0.002171081198436821
kC2jUMTWt0v_cSWKa63QQA,51,0.0034296913277805
kC6C9mqUq_hMUYZZ-5kKWA,39,0.0012244563179602541
kCK5pdQCh56eCnWpLcNt9g,7,0.0038084434000486165
kCdrrezhCn-JzW91XXO3TQ,27,0.0005224952522341012
kDo0jibjns5PCPNWm-DaPA,9,-0.01938502673796791
kDyTz0tiW9P1pPYVrCXk3g,7,0.0033242935876126325
kDzp5FXnuG3Pwk6orhfl8A,27,-0.27406417112299464
kEeM1rPVm2npocfdyT_0ZA,7,-0.0018501387604070302
kEh4Wk13q12PEbjiYF9CBQ,10,0.006706753006475484
kG7VAFl67L0syjVhjYj5ZA,6,0.05944055944055944
kGa4HXpd8LOOdZuU7H5NGQ,10,-0.03956043956043956
kGjpBqAqG4mIuFSgU2KKEA,15,-0.09340659340659345
kH2bJtlej-8oDv8KjsEzCg,56,0.010984955005624296
kHLDlg26A1dvaO8pBVaNYA,4,
kHW2Q_38rgHWVHgt1W8I_w,6,-0.0008749145591250853
kI_8RT6-IoVxD-EgXmyFvg,53,0.002429583005507474
kInq08hlieI89SCzXI69xA,8,0.0025141671322531723
kJQJ3eV46tJR8sS_KdDKBw,27,-0.009260337798485733
kJbPlVPlX41tek7HXJGehQ,12,0.0003952569169960472
kJg3OA_-aXgLnIxizh76Hg,10,-0.004784798534798535
kJvVunz1OUHcx-wJAepHTw,6,0.04912280701754386
kK1re49IK3jmCYTL6B6_lw,124,0.020863007959782177
kK6rYQcyxW_FnuVh8oTT0g,27,0.004420007473442587
kKYHro0hTs6wSAZmUmzjPw,30,-0.0020202020202020198
kKzKpNLm74kGC9UP4lVRdg,13,-0.012681436210847974
kL98j83h3QFUoSBBevCHOw,71,-0.03349200504944245
kLQRUgXEkbus1xqsR7QgRg,27,-0.08831168831168831
kLS3Sth5HvO0IjrXCCvXxA,29,-0.018302623888769264
kLSEk3qXY1KdtFjxHJ9pww,19,0.0024428376001563406
kLX06Frn3dbA0Z8xkjKeOg,8,0.005204081632653061
kLq_rhEQhIkzKU0n6E9V6A,38,0.012491715857774765
kM0CewxK3Ize1SF92bfJYQ,73,-0.007466179079461477
kMSSjOWLFqnvjMrjxUpH0g,16,0.0025755879059350508
kMVP0ufvJ9ahtApq-NdPQQ,8,0.0003978739249752603
kMfWeZIv6g5J1VoBZ_ip4g,59,-0.0011552800120170968
kMfhJIGdpU4rZeogFKdr1w,47,0.00011972007270273501
kNLqsPGiLozSEaXDUApcwg,11,-0.000768136557610242
kNyBq-P2264BP2Hw0E0_7w,11,-0.004535925290642271
kO4Tet9qGAzCfOkZ3m6BVA,5,
kO9X6EQklZBeshBQsVayuw,16,-0.0005121451565700904
kOHcpCZQd4uNp6G2uE8o2A,39,0.0002856556896753777
kOVYDwD9LbgBKwBkztDcag,11,-0.00028188865398167767
kOmhn5Eo6AWzMVL6ALRq2Q,22,-0.13553113553113552
kPIApumYYUFVSLS38-ajSQ,10,0.00045322265159105003
kPXsRJKRRE5wmMBMBqkFbQ,8,0.00031434549146113963
kPaixPxjX2qC0Z7ASbirPA,13,-0.008195159138555364
kPl_YGxEiYLQZmYI8i1Ksw,8,-0.005689900426742532
kPnpaRR4Eed4xBRoYqr-cg,18,0.0034981434434238814
kPuwg0Lx1RVa9TClDl5Ocw,57,0.0009235248185244808
kQ5jvz_iyX2wRKQkFcH1Og,5,
kQCJRWvfpiW1p_4hgwD8Uw,36,0.0035082741097109543
kQsIMjPfcleugX1rESDdOQ,6,0.016923076923076923
kR4tXc1fLeR2QNu8cMZrEg,11,0.004324324324324324
kRFfNAhxP1FuNRALuBbFyg,6,-0.002932551319648094
kRbktRECOpjfVpfzINJcNw,17,-0.0012311901504787957
kRvKV1EmsJ4XH8cvxGlPww,13,0.0022529140954060138
kS-YHWG_AtqS9LFAMhBVgg,25,0.016959605303731112
kSEEqMG_inCYG4GpAppi8g,8,-0.0008229529046496837
kSWXxtZzpZLrBeyv-1BUuA,30,-0.001004280351583959
kSglWloGVOI5evbnx8ub5w,25,0.0007645129326545254
kSns65NAHr7zqVkf6kMSBg,7,-0.0010646070347562883
kT8IlV47kz1rz2lTuNyO1w,67,-0.01506108848574602
kTLHh3e_59XZduNwydxuAw,62,0.0014716494281778222
kTYSCRwCH8Cbq-GAI-04EQ,37,-0.014504932407745702
kUZUmdBTtQ6284Qlzc_NyA,16,-0.01454981992797119
kUupARORPvA2tgRERyR74Q,9,0.0003334381281736165
kV09n7x7koVyHvd4kPZIMg,10,0.0010079611849523355
kV2BRRbo1OBrkoFMmU6r0g,7,-0.16433566433566435
kVTHnhgYUw-Pmr7wgDB4_g,154,-0.05873942175004572
kVsZvPb43ZOuAEA1YyTX-g,27,-0.0006151574803149604
kXmscD-bp90t4QAh0H7Dig,26,-0.06543255131964809
kXrecq_uPeXK9RdoNgiBFA,17,0.0025035561877667137
kXzYfIPhf5G19hm0hwM8Qw,68,-0.030181768855127508
kYdYcTZMW2_GIuUug0Npjw,26,0.00047862558883542724
kZ1q0K13tFYG_ZJrVvsJHA,146,0.03291912891750938
k_43W3zbbEuvYuLZviSJKA,28,-0.07738432866056237
k_CZOE7EDy3aE-LqzB3CXg,3,
k_Enu6jNP358eIbqtqyGIg,7,0.004511278195488722
k_P5YTnlxWq1qUT3QDF_KA,34,-0.0012200707128070779
k_eKYlkhI11VGzb5RxHmOA,19,0.0010570824524312895
k_mIcCFvXWuN8I4ofCta3g,5,
k_xNR7103Sr652Uk2Sm7aw,6,-0.005033373454426088
kaTTFu29eFdLiie5-44yPA,5,
kaUqJ4AgfXxdwjF8rSQZqQ,16,-0.2376623376623377
kaoDMrIYG6iDU8AhT-G-0g,12,-0.004884004884004884
kb-U-rFwFhxPtIND8bFGJg,8,0.0011641699248780915
kb74oa8TzMFnzk3r9uV5tQ,8,-0.010989010989010986
kbEVlzQLcYS3JSQPG9QMOQ,158,0.016734055577847053
kbXGifEQA_2Cqzg8-31MJg,5,
kbXpjBSweedxQ1WrlJ5i7Q,79,-0.1920886075949367
kc6GEK0fCptiqKy0l4l7kw,13,-0.0015037593984962403
kcSS8bKAokzVOuAQwwSNjw,62,-0.002749234749090461
kcU75m4dj2F5RrwbM_94Cg,15,0.0007224228952486798
kdOoAdjtatHb6dg2RqNdkg,6,-0.0018721198156682031
kdY9pcvJ-GAMfuZPeSsImA,17,0.002273425499231951
ke26rxD9VzDgcpDUa6t9Yg,8,-0.0025157232704402514
keX192_3bHKBGneV4GPZPg,12,-0.0025727872615930922
kegzuRTWVcIAfsmGmkfHeA,60,-0.015580671202860108
keugb9sh5gfaInxNHRncXQ,5,
kfGz2E7Y5FLXJyiKbQYfZg,42,-0.0006924098150521882
kfL65eEws-GCTqq6WFI9nw,32,-0.009300552696779112
kfRNvp6426TSfKG1FSGR1g,11,0.004617604617604617
kfXNLyYtJF-34umaqxu7HQ,8,0.0008767352050934142
kfcz8iJOkltAvkp6TqNMcA,50,-0.001798929302472052
kfe_xEH4ppG8AeAPdqqCaA,17,-0.023001200480192076
kfpwO_cdVQdTh2_oMDZ51Q,111,-0.04193161445099379
kgJ0N-a7ITVWQlEq9dSq7Q,6,-3.685684800235887e-05
kgLF1Ly0c8fX8qpZ8H6Zog,6,0.02727272727272727
kgMEBZG6rjkGeFzPaIM4MQ,43,0.004672592055142391
kgkgKLxZOGwtTSzyo8wRSQ,14,0.014112903225806451
khH0QtNyUjcExh9i2CwGfg,84,-0.08793879387938792
khMfXypvr9iALwJD7zzFGA,39,0.00220443700788859
khn9lsIDvoULtuGP0zYaHw,108,0.0007228697930785202
kiA1mrC2ZVoRmpsWgAT7ow,75,-0.06559296960304323
kiQkU7CyIFqdPmSrm4ypLg,13,0.014648142555119297
kiUoNdAS6DOUu0Fjqlla-A,15,0.0010206354670824816
kigoIuH-YgvMGvGuqLpbWw,8,-0.026272577996715927
kimOwpoIWzJJx7NHTAj74Q,43,-3.740695021135024e-05
kiuMZLlXjcV33oLMD1c4_A,31,-0.0008092433574607738
kj267FdmsOtnKxweQA1vhw,25,0.042112299465240643
kj3Lyh9KooU8GcRBbMDQWQ,109,-0.01411404987138213
kjI7T7cHuf2pbeH-LEAnZQ,3,
kjKImJ8dLwN4jDi5PQP46g,57,-0.0005456315733662381
kjiwBhSST6fS80P2zaMt9g,6,-0.06071428571428572
kjqhiQqdUuiC19ubuw3Qxg,24,0.0012876792508047996
kkSYxSQD3xKKKSafETpMRw,26,0.00016400253657256563
kkcQYuF3w5iHnHMf0EnRhQ,142,0.012173533982790644
kkjEXWlkHKcNJizf1Dy_PA,8,-0.00044628910608292066
klGvxx2XmKkd-9mdRZoGVA,39,-0.0051102219424837775
klNW30cZ_idEMGWgT9pLvA,23,-0.004675628287551139
klkMDRLSe0cLkqKEBsujtw,11,-0.027472527472527476
klqieyIaqskyKk3EtvinUw,8,-0.01169786096256684
kmAk-B3e0YJ8LGEgV4Q3bA,4,
kmKHBCTec-e6H4aK7fD8Ag,83,-0.003844342651654609
kmjXUagfPL_QoRMEv6k8EQ,22,0.0012740707568293776
kn0-Tc4JFnpnlCyqG-3X9A,93,0.0035130450242232985
kn6zHpma8I_xBGTZpNe41A,27,-0.0012642697108716525
knMaadLnS34vPDNkNlRLrA,23,-0.0011018926626912115
knp4GbMlIQZAppyEVnUkQg,91,-0.0029239265379511093
ko4GlJ-DPYKbGs4N2YkX4g,48,0.0016563670559972187
kpUPczrNdk19IqCwOua2YQ,10,-0.0012063720421405996
kpW1VNKkomWJvlAkpoTvgg,38,-0.006470139217040457
kpZqQ7jjV-ETz4wY0MpJ7A,39,3.0370366620942517e-05
kpduERk9Zy40rE3zg935bw,4,
kpiw396QpPI0GIgZlWSDHg,18,-6.281664367941642e-05
kq5Ghhh14r-eCxlVmlyd8w,56,0.0008764705437895257
kqAUCdq3iYqMMhfnscZt-g,22,0.0012511729746637471
kqBLD5rueekc26t2HLI4AQ,48,0.01046426682117037
kqIENT-CoSkcDGtrZk35Rw,6,-0.30952380952380953
kqZNMEhQEsq5aR0SARDF9Q,7,-0.010419812745394141
kqbZ8euPJFYrIbeMJXPkzg,9,-0.08214285714285716
kquD6fV5OclW6Szn24Y-Gg,10,-0.0007377135991293519
kqztYYLbRz_PkS8SMrkLyw,6,0.0005157055789967184
kr6FpW5rMNp_OX8Ha4j0Fw,19,-0.015415019762845846
krC4geEoBG3Y1SOK8i_nug,21,0.0014501850061499988
krCemrpZvEOrFDhTnROuXg,53,-0.007087115782767956
krCwF4raTYvBcCEwcbA88Q,98,-0.002877075087559439
krTHKI0YOpASr4gz2CVWFw,44,0.0008332204308359306
krWsMdrE_uglWwOF5BcJcQ,44,-0.07262864823348696
krni7-dr1D7u-grtaEfOSw,11,-0.0033613445378151263
krsZ0fowPeQyIT7cPKdP0Q,9,-0.007632488479262672
krvkW_BDCdhDi1II9KZcMw,14,-0.030812324929971983
ksNOQbbUkbCUuQWmEopJqQ,23,-0.009685836551508193
ksSxGHhWozfLMz0temWOig,21,-0.00017686024824747567
ktA9X95tS1atNQNs-p-vZQ,24,-0.0012460512460512458
ktM6aYuzqWd-kA8SIWswiQ,158,0.022921766785930994
ktMvtPI3TBkTOpSf1sTXWw,64,-0.10310995927434286
ktVyJYDAgSxrcuQuSlvIEg,17,-0.0023931623931623927
kuFNrXtzdEf4R7oJel0WuQ,7,8.748141020033255e-05
kuLBEoUmfIWZxDC6oWd-Kw,5,
kuUgMFCIQAGFZX4rk4jj0Q,17,-0.08620689655172413
kufU0ChkDC9hZABZoUebIQ,29,0.002283664113442866
kufdqqeufwSP6rgeIKLKAg,13,0.001468800384027383
kuof8pQvg5dSGXzBdlsIPA,4,
kv0orF3aeISZfxgRCKc0Uw,19,-5.844535359439069e-05
kvRiDr9No5t9rPKf6t72Hw,19,0.005616561656165617
kvRjzneD1FWh4Szb-trL4A,32,0.003192454199165609
kvS8SpAgEUWCnmOBt4g2cg,5,
kvad5dDPLZ-wuKJmMIs0Ag,7,-0.6428571428571429
kvoNwEVdAzPse9ujGKeYNw,7,-0.0011106997408367276
kvzzU6ouwmDEUBs87VAELg,5,
kw-MfMhHNzEw3RhTNz-wNw,65,0.00852213314743813
kw0KN4KjzPcDuZPyVbq0TQ,11,0.0007373271889400927
kwH2kRE5va6UneBsjPt34g,8,-0.02807017543859649
kx0WMGsOTQTaiokGO6zJKg,5,
kxKai8GE5oDMPevV7oxvbA,164,0.016343637133124873
kxX2SOes4o-D3ZQBkiMRfA,86,-0.0034349506225847997
kxcbIgOEbPjHj8_wHFzqbw,8,0.004687018193031144
kxkYTD1bslb5PsRwJknZPQ,5,
kyKpF_EmiTCL661oGcqL-g,6,0.0007916268497209516
kypOp0miYsMvXhuSFXs8dQ,38,0.0003418316479134029
kz8OeP88ZYjDBWb0LePJ3A,38,-0.0047584490980717405
kzHH50fET6e5nVqk8IIl5Q,26,-0.08326745718050067
kzy0Kf7z1ucbL2sVbfAFsg,57,-0.053937473756537006
l-bq-D1Nye5PLvh4md8SWg,70,-0.029192546583850936
l-t8gnBTRy2Bmq62C-CDgA,5,
l-wmZp5VZ9FCNjyitKHlHw,17,-0.0004757274810750746
l02jjfbmaLhHKCX39FOrBg,12,0.0008695400692161606
l0EaGQCdik3sXG1mX0D6aQ,53,0.02056135534443521
l13B2broZhTkhKZRRS87OA,25,-0.02063725747936274
l1XqPExWf2QXNIt8-BQetQ,7,-0.00042993941762751596
l2AIWFZ3ILuS4ovhdp_eeA,62,-0.008732385956532123
l2CsQQin7niiCq9AAcuYAg,28,-2.997197620225102e-05
l2H2TDEpnAGSi9SG6evqww,12,-0.019480519480519477
l2OaoGE9USD7oNZbI28u3Q,14,-0.09521690767519465
l2TdZEPHrboWrMUnoFB1RQ,20,-0.30615384615384617
l2jU6XzbNbv_k1S7-IsQQA,8,-0.0013670539986329463
l2pI-rFzP987wR9FNm_d2w,13,0.0004214516390478683
l2sJHXO_qYogFPmQf8da0Q,6,0.001298701298701298
l3gM4Wa-iC9TQBweishC3g,5,
l3mYwV8ORx0WEypNL8DNRw,39,-0.029954751131221716
l4-OFqq_9kRhZNbd3ttM5w,5,
l4AjbrjS91Z70AYQbABxvA,59,-0.03383975264343246
l4MAy7LGeyVWm_GeFSx3cw,23,0.0018683112642844185
l4YoHcvnsK7ICDrTqL7EEg,24,-0.3995550611790879
l4cjS8wCQxqfsujYVW6xCw,11,-0.028188286808976462
l4lBlwQSWYt0z19MnukCHA,5,
l5HRfT1HH1gYAKZpgBhLtA,11,-0.0026222537207654132
l5Ie83k7G00K0EOv-qLc8A,8,0.0005704614315181831
l5JQB7tXczIpsYmbSLi5_w,10,0.00036194646767058415
l5nQUiJmfzg-SGR0YrXtdA,66,-0.0013244256915142991
l6ZsTnh1ZRqagQh5WQGfkg,16,-0.006382189239332099
l6gKBfHU0YB4p2-XWNTglA,19,-0.003968816442239546
l70mhw7g5p-tBNitFtr5mA,6,0.00023490816305866632
l7G__JgJviXZ6DEOk2C1EA,28,-0.015685766139486648
l7IPMoYTa4YbUgrGyP6hKA,11,-0.0009705673479049945
l7e7-RIhNx-kiZ9hQo6iLg,62,0.0003927016269067402
l8VedGQFMLtTz2zRmpTlxA,142,0.013101964947086873
l8fHlUNQLiB3ETvvvXbSVg,8,-8.1289798130334e-05
l8gAoQqqVfphPe9jmIJZ3g,32,-0.8554621848739496
l8hunlyP2nL1XxNpEu-zLQ,20,-0.0008624156575360823
l8x1yD2pGwFgBZUfugWing,8,0.00010819827333588798
l95E5e2n3wlOpMk4rWUB5w,9,0.0006034723761965816
l9U0fpXrdJ2WDgKI4MGuOw,61,-0.008885941644562335
l9vXb16zmmFBDtozL6B6Vw,11,-0.00286192038073188
lAGS4ujbBQiSX_WL1GPkIg,62,0.0021878032066824397
lAnCT6ipJzKxFyR3fC7g4A,28,-0.0020487986589681497
lAni_2IBdJOUMGXYXSmU2g,64,0.005731140440943117
lAs8Of4nxvJ30uCz_hPtVw,43,-0.01656196459166191
lBHZc-fGzL8fRWREy7VlZA,15,0.0009421999929555142
lCUX6CoPdxN2gtRBeJ9R0A,6,-0.0004768816089570807
lCc7zQvPAslp0kUHdmILHw,10,0.000556171337500246
lCetcbxQr52TTGmGmXzQcw,71,0.0030525353421635235
lDJsJI1Ixe3tjPxoHC_Lvw,12,0.0007738839947891813
lDM7JvIddDDMs637Cwkq7g,22,-0.006144393241167434
lDP3TVmXpAk2JU_W0siPuw,15,-0.0073030569079735016
lDhBIE5Uzb0jZwkEjGvsfg,110,-0.011200881101498571
lDiBEdaF6XIeYp3RTGNv0A,6,-0.008427193906490563
lDu-FMWCRVaDa9830-aVbg,21,0.00031803180318031786
lDxngLEPjT-h556ezsRgtw,5,
lEC_8UDzg206jEawykDguw,8,-0.006854838709677414
lEDZ1B1kss1xCTpMyHU1Rg,25,0.00010844926441175171
lEIf_o32rRWcpAeV6pshmA,14,-0.09075807913017217
lENcS1lVrbkCFnXet1LzOg,13,0.0005325134635479463
lFTfSKKwouxn05_F4PGGsg,9,-0.0005489628425896846
lFYqN66bnwx8MiaIAtesoA,63,-0.05752190847127555
lFs4LIQn_kbsLozQzk-4Qg,106,-0.003964543743549268
lFwTLxdyjuMTIrkpSt2Byw,20,9.768081075647583e-20
lGw75AaWNUayMJxXD5ahpg,5,
lGwmPQcKEGPIEWKGSoM1kw,10,-0.16911764705882354
lHK9hMs-GzSHuuN9uyZQKA,97,-0.0034816814177808467
lHN1ljK30dCRgV6de1fFPw,21,-0.005463286713286714
lHu1ObJBD8IWLJGUpk87QQ,74,-0.0028423189713512294
lIOEBs50Uk45ehz7zrtYmQ,29,-0.10268800966475385
lIgEQlXldrdW5uw_ceVsOg,73,-0.020875005144668064
lInYEIj1qrXJ8jS70FoSwg,8,0.0018357410806927924
lIvFAGQA5iO9pR10mShG5Q,6,0.008003624282694048
lJIufAdm9zLz5ZSVhbDNHg,5,
lKU_kljhbEQKIPaM1Zbqiw,101,-0.03967384973791497
lKYlLJOPpwwH2Na1Sge3dQ,21,-0.0041325662426059465
lKlRRS26_eTA_eCjrWBT4w,20,-0.0008938429991061572
lLFv8caNBqZ_UmtvVGMBrQ,4,
lLMiIXwWBz0pJMM2_4v_5A,8,-0.012998712998712999
lMMK2vSieQb_FtqqZ_VGlQ,6,-0.0009145731515619197
lMRBJZ5dt0c51GizF5EHig,10,0.0053221288515406156
lMo-DYKFYipOhTwYYQ4fXw,13,-0.00014417785604226284
lNxwIwzCFd3BsxrEqafLwA,6,0.001394395078605605
lOdf3USy1JvVP-1mWjhDSQ,32,-0.0445993031358885
lPOS2nfG4TuOFQmBEOiNwQ,14,-0.6615067079463364
lPhKez2cp4T5h_fTWiTJZQ,6,-0.21428571428571422
lQTdARrqdKMAcDp1PWpQ9A,109,0.003513613868245021
lQqHGyMrCfnPJATp7wUrZQ,16,0.0011866221253434115
lQwSrnzTxhssWHRGyq5rvQ,82,-0.018273421165327357
lRbHFOIFuusN2WOR_ypQ_A,165,0.00560630756984193
lRrpp0s9X7i7zfrFk5YW0A,10,0.010565206118745141
lRznUOtLYY2GP_dvc7kmYQ,57,-0.07323357636370577
lS42krxXMm-HIk7dntRsKQ,145,0.0034774967045383223
lSQ3qWegSK2GyGx5sOKTtw,5,
lSR0JkU7iCnR7sP-8Gjkqw,6,0.14285714285714285
lSZEa0IsVPWCT6Ym9NF6jw,88,9.600426685630426e-05
lSq24-u8U2jGgojxb2l2JQ,6,0.001036691904484566
lT-RDsvFR21X1_5UhFp5Dg,7,-0.0019305019305019305
lThz-RFgLk4gZz2kheXQqg,9,-0.5490196078431371
lTk4efVzepR0PIPayrHojA,55,-0.0028029143655599166
lU83FgsPHd3XL6J3cPKN9w,15,0.001717032967032967
lU8TnePBqMrWxo9BKAThGA,4,
lUHztzYjhD743ZuOQvgyMg,34,-0.03294615718627877
lUg3B3KycJSwWJqZsQ_ZBA,6,0.00013413816230717655
lUp0H2CfzxqWgho8SgdeOw,27,-0.0068545352348833456
lV0MV_rFDpRKX6KFmP4AJw,27,-0.0027909497358081566
lV4adcsE17B2F035wNS12g,6,0.003556187766714082
lV6P5CCe8NmTtrE1ix5Geg,4,
lV7zv7jsrLAZ6IslbzQiuA,19,-0.0002003721196507799
lV9H0KkYHI1bghGioXcLYA,7,0.002597402597402598
lVp0Dc_nIPbI28mdoHxtyw,6,0.0011764705882352947
lWedWkinrM5j13pyimbpbA,100,-0.06916459458687017
lWy-v9Vk5XE0djJ9fc8-ww,33,0.00346581660336408
lX-H5mJYzs9i8UsPghlvCQ,38,0.001474820093118306
lXVJLzBNEd5qWuoX1d1okQ,115,0.0022187419915145655
lXkjfmdIKGB-WwEuuEEAmw,12,-0.13932806324110672
lY2I5hH8tqFATpqzmxAruA,11,-0.0017498291182501712
lYMJ_lraMXqKPJycdD3_7Q,18,-0.01557285873192436
lYh0h3Oti06b0LV-dGaFJA,6,-0.0004193360512521839
lYjXUWtW7Bv7R_7lmRLp_A,27,0.016923076923076923
lYloPAiaWJwWgno4SdxD0Q,99,0.003722234725853085
lYltjcc0ZQzTP74iW5T09w,14,-0.00025970653161927026
lZX5_8qspEXtMJGFQ0-Mow,149,0.018442031259807926
lZqQ9ghU8Mi-YC_FXDvgXw,13,0.001104642014162077
l_7TW_Ix58-QvhQgpJi_Xw,110,0.01907624047155331
l_FzESKdJPs41Ll5y35xUg,4,
l_u2KGYWvx2LBcRV1G-wyA,17,0.00579495410956085
laXWQMgAW2kUfAH7Y-xH8w,92,0.0012422878492196299
lakMZT5PYQltSOjGXWnJ0g,82,-0.053211855610656195
lbjJ2ACmmYvhCXcWav-E0Q,9,-0.021367521367521368
lblNWQhLiwQXplmAtR0Jcg,21,-0.005105311355311355
lbxpiyxwEKG2h-rQ0tKZKA,12,0.0011028313072985454
lc5XG2lUy9Me5Z3qc1hr1g,36,0.004381298992161253
lccVg98PECC-2mKivDgaVg,34,-0.007291788002329645
ld1b8y_PHH6Mn_e7T0u04g,29,-0.11795918367346943
ldPcDAa_u66jQINDlutTsQ,19,0.0008878890138732658
ldTsXru9q1V-aC6iM7BH-w,5,
ldr7iDtxFXX-q7tJuXqlGQ,119,-0.03671025496812898
le0jxDSzFaDKS58n12yOIA,6,0.00122531632508287
leOU-r3LeS6gLCFwjnImBg,16,-0.02834008097165992
leS4Eu2704iYEF_QvJhYzg,10,-0.018725460585925707
levWd9FBoz8XNPC4NMfpyQ,5,
lewqGloU_GAxjmyw8yZkTA,9,0.0006117394288442599
lfAY9wQ7e6QSpFVumpKZyA,89,0.004894022137133054
lfIQztu4b_W4b7uCMzmyLA,49,-0.0567379827729925
lfsVFWNsb_fbeYQenBf-4Q,7,0.009716599190283401
lgC1gyLBWD6yEU64ozwZJA,35,0.0036439271305900374
lgSO-bzx0USaPe34zdLyCw,58,0.0022463404107796042
lh3ApskP-4XVdsQ-82792g,115,-0.003534088352208805
lh3QYUmMsx1gSnH2dYwJSg,2,
lh3zX7KElyS3Gc5Iqn7Cnw,7,0.0003539531629419268
lhGBI6YnRnPuuGNfWCMwRA,62,0.0047787749960636105
lhekbck6Zrpc_786yjQ0VA,6,-0.0175438596491228
lhsWv1fxNytmAyuSBh93pg,13,0.0009097276796391841
li4Yw2cG968EiymHMCdoXg,23,-0.0038839141223432944
liBiXtYbNpcDR-pMPoHAIg,5,
liGDprT3LE4g1QC6_aOgDQ,18,-0.0016951469583048513
liPt8EZuHzf31IBLpZnhMA,5,
linRzPvXlfNwBqBIHYNYcg,10,0.002890695573622403
liy3id4Wj1AaIduwETiVSQ,12,0.0008670791151106111
ljRFZy8ZeRnNkTMm3Ssjqw,11,0.013563049853372434
ljrllgLLEYRZ_4aGkwzlWw,6,0.02813765182186235
lkDLa223pl6MnXHNK3ms0A,3,
lkO8fY3ZosD1Jqy9K-cHxg,8,0.0071645679548415124
lkPAmyZDva5Bt4EaqzjS8g,14,0.0020111963508189926
lkQP24RF-W7Hvb2WOPJWAw,91,0.00014351205899940358
lkeilNhrF0zqee8dZSBamA,10,-0.04150197628458498
ll8teHr3gxgNtbOnWbTTYA,31,-0.0386734693877551
llS_DkUsyWPzOhOt2yyxmw,47,-0.10627880184331795
llZMN2GpQKtz31-0xaA2Tg,20,-0.0016797312430011204
lls1UnqkM_qEqPNS-geZVw,21,0.004968715495031285
lmRr6WjnhfItBZWZEdAfsQ,22,0.0002303210947026147
lmn-S6L0JAi5bEput83j6w,19,-0.04856013551665727
lmpjnr3sCLD84lfThoiQ3w,11,-1.3636363636363638
ln57otfbTmN8FsLlR4x57Q,9,-0.006875477463712755
lnT7jlgdGpn-vppgToIDCg,36,0.0029730480689080293
lne4yuLraZx-W_0f_CvTsg,22,0.0035269993164730004
lnf71zQdNfpc0B8YKYtUaQ,7,0.0022362088115512775
lnkcKF38mERHKhQ_9Aiwiw,7,-0.01
loH8elZE_ixjTvVug01SMw,10,0.00028929097412160753
loHwOSvO_CFTgmUvzwodeA,26,-0.0059070548712206045
loKMBVzemBJN0RMGwW8K8w,14,-0.06775832862789384
lpDOqBhkJlxACzKQGAj_uA,139,-0.002381616788632935
lpYt3GU2VCWNGVPDAcavlg,7,-0.005749128919860629
lq3igA-wjYGgDfpx0AG2Sg,8,-0.001795833665895123
lqBurWf5LxIhUQ0HtXTu_A,12,0.00043910906990889765
lqXcdf0Ndh8W7LihWPSYuA,5,
lra3ButUZm7ZymM1YSnkWA,8,0.002749266862170088
lsDw9DHpC2XADe5rvxrRQQ,5,
lsM6KeDyLJqi5X1_sx2Biw,8,0.0009054325955734404
lsVa7gKoEfcQyXP1poAXrA,18,-0.007296500967387044
ls_MR74go344ZOa2lYz5bQ,8,-0.00040241448692152944
lsgUussl7kP3Ml9hzelHPw,25,0.000384560603902578
ltDKILnZ0VAq0FLa0fp3_g,4,
ltGeqzKTXRzSoVfWaso6Hg,5,
ltMvCPw-XJexlU4M0yu9Sw,6,0.0004801920768307321
ltaDKBb6_PMAOAXthRFKLA,11,-0.14335664335664342
luNHLUH6ybQS19VO0s0ZYA,9,0.0003061224489795919
luRbd__Ov-m8oegvZIMw1Q,5,
luv3Y2AjoOhxYRY_u5tRJA,158,0.003206194003627157
luzi9ygrx1X5aAvVg3mR6w,41,-0.009066171923314778
lv4LvYepg4aVjLcrUrLdOw,8,-4.197976575290724e-05
lvy7KZ_2FpxLgvsqlADqew,25,-0.07419786096256685
lwN9FutfBq81GnGWhj5Mng,53,0.0014011409025790622
lwVVKe4W5_NZp98WdnVIpw,7,0.003144654088050314
lwWBgCvUoKug4Ruja42V3g,5,
lxIJfx79uxpR27Mly3lZ0Q,6,-0.0017979284737150681
lxbY-WSj7V4Nj1w8AuNXUA,4,
lxfqShdgMdZgJEniJEbloQ,17,-0.009391274652095962
lxiciI5LMj1Kj4aTSxubKA,14,-0.0017347899549857466
lxxeRC2IMMSD5tFWYBymtg,17,0.00158484446410143
lz14YVILCrnI1ij6FJ3ItQ,24,-0.001282801677885084
lz2eGtkTzr4hY_9GpgOanA,13,-8.349859096127679e-05
lzC5GKuP0haiIz7gOtvDFQ,89,-0.01322273425499232
m-5N-fwCIGK5NWMclTqOUw,37,0.009815765629719109
m-EmxI6FmscRNfyA85layA,25,-0.008784562211981567
m-MJtaqlgoYt1GDa4a_geg,5,
m-mAb_m76Esgu3rlSkGMuQ,36,-0.07894736842105264
m0IftALyhD48DUgfRsngUg,31,0.03186996387885524
m0wQ5oMPjpEFKAnQepJPOA,92,0.00547260947356208
m0yKzuRvpWUWCD2Mcu29LA,5,
m0za_1Ocf0Q0rxlBYVDq7g,8,0.0034412955465587046
m18Iy9ZOZWXA6qvYs65M6A,17,-0.0902979373567609
m1DE-V1QWEkQ_vtwB51rzQ,65,-0.0008977668050723823
m1fxjwh0aMbeL_A7XiOcAg,17,0.0015813365763515312
m1ohyfs8gcS9X-ZQ3Coj2Q,28,-0.011170212765957447
m1t0eWIEaXL_O0jztX43gw,9,-0.00448626764416238
m2Gcv_wlAUbHZaqVqMMBCQ,20,0.0006101401354117456
m2OOqq_MGLtCyO3Im-ilZA,19,-0.003362045012503473
m2QC6syUBosOCBNTwpci7A,20,-0.07135217723453016
m2VQOl_sBHg2wJHdG99uQQ,20,-0.09944382647385983
m2dSfWtjHiJzcQRN43rfgA,11,-0.00270781849729218
m32_s1_YwjrYVcYH4pC-eQ,15,0.000780333028079091
m3KWIfQQFGcWdX1fyy51Bw,20,-0.002964634776122258
m3yoaIO2ulbRs4kUX6GS9w,12,-0.0196078431372549
m408YCnvuIywzZkJX3K9KQ,25,0.003025612158739094
m44H1_CBLtR2FZDApiCmuQ,7,0.00030564045568213366
m44uqdqZyz7AQJhcCu7DUg,11,-0.00052578999947421
m4lkv5ksqtdXvlIVIftH_A,14,-0.15
m51s9JNDyR_VnYy7EWxgcA,32,-0.0034654377880184322
m5ne44a3Vu7-zILKGxc4SQ,66,-0.0029775794799036712
m64OHmyD7OqAyQmoJETkfQ,24,-0.002363080344731721
m6RGfATGF1aL_g7oYJ-mbg,56,-0.05812661977045537
m6kuLG__NpbZpbeKNV6-lg,22,-0.00020652328728101418
m700WzvnKWSNp_HU_XhRPA,13,-0.0012162876784769965
m79Xp_Z5tvKgtSWvKXK9_A,39,-0.012441314553990609
m7ASFgmWejezvZmPmj6_yg,34,0.0011608259921837717
m7DA8pzug_TcB3EBs1w_vg,28,-0.006162587412587414
m7Eh9Ja-COnx0SpWLOEheg,6,0.0017782717421505972
m7cMep_jmu5iifo0CjfOew,7,-0.00018409425625920476
m7iy7hWsbeg4HAgylREpxQ,6,0.00328263486158223
m7x7VT2EhSoH4H0teslWFw,11,-0.0016396249839462304
m82r1MXvzm7dI0DF0kWURA,38,-0.00039682539682539623
m8ISlBOrLx8by-3iYrc3XA,21,0.0015970081679990574
m8JFE5rxJdKyJ30GdqqQMA,39,-0.0012909420676410972
m8O_40RlYTs1rk_AOnLjFA,73,-0.02225990233315247
m9F7AAjiBWgLngPGSbDzew,8,0.00043411151842562225
m9IGBxZVQXLaRm9qbImzbw,7,-0.0010052447552447556
mA614PXNipOcwcSVEgDyBQ,23,-0.0017985783121034302
mAEA3VaTrvs64VLP2p_SsQ,18,0.001705124640904458
mBcvp7NarEQEviJyRiX23Q,56,0.0030256121587390944
mBgaPljP3OYkl_vGKTyFNw,113,-0.03724961628251926
mBgfK8HLthPOMPkEbYLW-A,66,-0.009346831646044246
mCTnBx-XlwW955MwZJCogQ,9,-0.00018511662347278754
mCo2uVTTGYrEhRrkQW-CMw,109,0.019948947765849174
mDX0I8AQfro5st8IVufp-g,25,0.0015582655826558258
mDYwdadADWY4Ln5SZF10cg,12,-0.07692307692307693
mDd3GFkYQKXhTlpm7SHtCQ,36,-0.029275653923541253
mDgePM_zCK1dyTmozZM56w,5,
mDplRQe0GajH76EzHJhucQ,13,0.0012831607531855213
mEMcdzVzuSX34TXRKG83iA,18,0.0015345115834726533
mEP3rHiYbMVDUxOLZLp1IA,10,0.005471058102637051
mEXMu50bsQsMQcwmKXafqg,15,-0.0011834630759520303
mFE9V6LPpsDRUQLEBsBRRA,19,-0.00019489051553780374
mFOCLmmLVeVB07v8g0B98Q,6,0.0012847318437161498
mFOoIm1CKpQGEVCB4nQGjQ,11,-0.0003315290502330269
mFsmzyiRoLS7i4zsqFduxA,4,
mFtAM2b3eUIT1v9I0OonMQ,8,-0.0011117591310053215
mGHUAU3p8r5jUTv22eng6Q,40,0.00013517665130568393
mG_hTZjbjdal1tN3Jz5l5A,31,-0.0019136837500911275
mGhwxHsvPiFa4nJ7zh7pYg,5,
mGiqxAK_jZKV0sfPcXB7Zw,7,-0.0010576414595452153
mGpX6RCSA-7_EkE2zxl-KQ,4,
mHSeE65p4ruSdy0Suf0oCA,96,-0.022315190631445866
mHY_tUZBy_0dMEcCrYNgGQ,11,-0.14642857142857144
mI6IKRJ-Q0EsexiCF-C_Eg,15,-0.269567597153804
mJBYeLEvrIkSYP37tLvmMA,12,0.0010026737967914418
mJ_itjZYQ_OA71q2NaWE4Q,32,0.0012084689504044343
mJqwqXTua2ow3zHEyMm7Bw,10,-0.0012517780938833573
mJyNbjEdlv_KHBbpim0gQg,19,0.006292966684294025
mK5gu18whrKEG8aojSzpbA,91,-0.04112235334621198
mKADf8AICtHs3bnBZbdxMQ,18,0.000162005629695632
mKJZREPhvsVgHebHK8dFew,20,-0.0022736921552903434
mKTQek1QqB7xQcPBMzfG6g,5,
mL5NrbO6lxHUeBrWtou5VQ,5,
mLDJH5ic5_digOyWxBA71Q,12,0.001838610827374872
mLDc_u44EiqJCSR3L4nQZw,15,-0.03670242800677583
mLJJa9r2h1yoh1dWUqekKQ,6,-0.0005154639175257732
mLdqrqgEXuUrCdgHLr30QQ,39,-0.19461147086031455
mLf2ly4K1d27Gd81UHtBbg,36,-0.018701007838745804
mMhommZcOLN0iEMk2lGd-A,12,0.0020734746956615974
mN-mO00W2PWWten7udWvEw,14,0.004088993079818768
mN4U5SHPYTpJZ5VJtV2qpg,10,-0.0033056779880736337
mN6eQvxxECXSQsv_SVwfRg,25,0.0019029820753958685
mNNBDRkF0c2oGdeKVpv8rA,33,0.001742160278745644
mNWHsi3VipOX9voWrSC5ew,4,
mNXfzN6L3GPJdUJXbSsmfw,123,0.005481882061173877
mNjxBK9j2hNAdkEV8b61jQ,33,-0.007473123891034338
mNu6xYO2bn-rvacN12h9WA,31,0.0026198710070784153
mO_QmDdeC3mXzd1EVvL-JQ,6,0.0004740834386852088
mP4shXobEX2_cW6dRF6hUA,4,
mP9FfEht-U6G_Ka4fyEVSA,15,-0.0018901530296972122
mPSH8DwGh3tkmyTtvHOmwQ,4,
mPofJfeG_2GtKdHONWzKag,9,0.0005185377236193937
mQ6GtJxjHZndqKSRieiBLg,8,0.001742160278745644
mQL9OWg0gVwVEWBIkRLa5Q,18,-0.0013643423869694811
mQMbauPrkRVUTdNu3M3WTg,60,-0.0014145317494394347
mQO7LKZ1LHq0LLBO_Kg_rw,44,0.004053199849660026
mQ_4jXYsgT2lXkMsUhtxRA,4,
mQc4BBUzR9xyLbUTLoABSA,50,-0.1352425482174167
mQtH3YlGXdmxvsZ9y77YAA,45,0.0027403993855606773
mR-zdKpv2UVr94lRglEu2w,6,0.0009325358543957811
mRAEDyKqT5pXYLYJDoh6Rg,56,-0.0003948753948753955
mRdcJuevKVLcy2bIYWjO2Q,18,0.00276721824686941
mRevP16vD827o4NC9amnMg,5,
mRsn9zdXBzosvyDUnQZBcQ,37,0.003445469343461747
mRtGKvoxQLSh-tf2qBBoLg,20,-0.0358511220580186
mS3JySSrjHSzuELzryaeLQ,15,-0.00012469449847872695
mSKpcQhMKADa7frwdBNcgA,5,
mSYJrkfeS5Ifa05t0f1nqQ,8,0.0001975124112528693
mSiI5tOHNQLF62mJAe4CWg,6,-0.03007518796992481
mSyqu7A0TrGMeUzOqwT7uQ,10,0.000508888114325549
mTIlFDcqPH-xdk-AaXcZLA,20,-0.0021114267367573275
mTQaqMlwbYivhRdSZqKAWA,5,
mT_ryHA6pbnSZ1uDGMewEw,21,0.002154186064862306
mU8d9qbaUqJ-XTd5Ood6Kw,4,
mUIBtlWNPD7sz3rGGWQ1RA,87,-0.020692919775488573
mUWEmh14ZgOoSXp24Twntg,6,-0.001444119615371069
mUdjeVjdsiOQMBK41x0Bow,92,-0.04174994740164105
mUhiQEWtLepWRSIGXK1sHw,9,-0.004995374653098981
mUrTR_JyWnQBCdpluZai8g,35,-0.00156480117820324
mUrjFNvYpR1dXXn9Q-qSEQ,9,-0.00846774193548387
mVEqN8IPU-vCeKTXC5lsSQ,9,0.0024489795918367354
mVEu88jgK1Y6A5fmJbydkw,9,0.03246753246753247
mVV95BIwhFOa7TNH9pVMGA,111,-0.02678498848394526
mVxWWmXD_kAH3yHHoM-zBg,20,0.001166576234400435
mWUiqvz5aLi6dlP7bdkrKA,8,-0.25874125874125875
mWs28Coh4CRcxorUezApQA,6,-0.003896103896103896
mX0rpBrntRi5FX4gZ7tKuw,13,-0.005291153415453527
mXCc-htrMH55gdaWF7wH2A,90,0.004265972972807934
mXNKjKkq7Zk6-39_t4c5OA,10,0.007112375533428165
mXQ5qcjeVZKBbyWrdQ2Z0A,57,-0.00829757636317326
mXcjGClCK67VVCSx0hrtMw,39,0.0037972515946744297
mXolKQ_KssnFVuDi9oEryg,5,
mXs8s6TRlzm0yADf9s8Gyg,14,-0.0029927187461434037
mY-f_wX09rcopQczhHkGyw,9,-0.0008319252943983694
mZe1FiIV33qU9_Xgm34w1w,36,-0.003159640394518635
m_5jK3w7t4CS2ReIZI_grQ,108,0.00547988199108656
m_MhARWbbYZIPHfOMnnZ6A,41,0.005815882230976571
m_P0oMu3PVz5pGBKjYGl_A,130,0.0021492319834861304
m_WFKz_yIdEm7L4AXeJ6pA,9,-0.0009227614490772381
m_hMeLTodOd07zWtfD-IPg,60,0.000721762134805613
m_yauJ9qDf35tRxKB_L8OA,28,0.005825268251630549
ma22PNe1QrOW5Xey7W2VNg,11,-0.0008547233326320222
ma_wImjFvkKpUPrfChZkLA,8,-0.020448179271708684
manAb6QMB4aonhf4UJsMzQ,18,0.0015854374633000592
mbO9fm8a1Y8FCLUyPHJ98A,8,-0.0019909502262443445
mbWj0U7dIaX103cSQC4WiQ,17,0.0005703755703755703
mbYy1yP9e8BLh-blFviOSQ,16,-0.009572524662038728
mbglgx3nbRRPKxh0SxDjNQ,72,-0.0297752808988764
mborC9AxIPJc8itibk62CQ,4,
mbxBhg3Y-vkI-aQ3nhsxlA,6,0.0013227106339782826
mcA7_ZHBxL30OLKjlmNmng,8,0.00014144961467173943
mcC5K0YNP2npx5HSyDgofg,17,0.002030126792616407
mcJjFdv_Umt3tp72S3tFvg,16,0.004884004884004885
mcaCxMzXxF8hGer4aYIkbQ,18,0.00101010101010101
mciSzNKFRZ3HGgeSDuwUcw,42,-0.0444343891402715
mcwEsGHIzaDmPrUtOCUFuQ,6,-0.00034378801502089206
mcyhSRV0kcO57QP7al2HGA,67,-0.07468215994531784
mdD_JS-xG5EX_QxVGD1dYw,47,-0.002208491130157467
mdSwEJaS_142TPGc66Al_g,8,0.001544831979614588
mdiPHpJ9q6YcVjyIycvNaw,7,0.00018078069447599086
mdxTBY30zvwlDa3r5hgffA,18,0.0028165007112375537
meuJEg0lu0pSnSSPp9v4mw,21,-0.00015867139154810385
meyNI73KmiWd09ctARiVcw,5,
mf0OyZ6DX2iKUFIV9TqFRQ,157,0.010989418713317397
mfBbcBaOo7KZsJ5JZBSeZg,12,-1.2937062937062938
mfMb53r8mEtLtoqSOkDxXg,7,0.0015063588097295963
mfZQIrlZ8Jw3kufwuOVWvA,9,-0.02512315270935961
mffOdYhUmMsFAyXCzVZv3A,10,0.002253089066087437
mfpdT5xClMi3tJWh5fdRKg,12,0.000282726981756108
mfyPIFFxymN4mT_m4Hillw,13,0.00042078687144961075
mgA9sBSkcoAOAEmyTbLVbA,6,-0.0028188865398167725
mgJvxgVQHISCAhp1fQ8VsA,33,0.001719571920914203
mgdXl0-Gl6rbcW5M0sqRpA,7,-0.0038619275461380725
mglB7j8w91-7JmcbgmKlCQ,13,-0.0032412284255732924
mgyfnz2juUJN4Pj42HLMiQ,35,-0.03535998600297437
mhCDgYUsi9hYXaaK5FwItg,40,0.0009228635442227681
mhWSIj4lISuz1U9oY4LQAA,22,-0.013713080168776372
mh_WoveKnqCzIETmZIn7Sg,9,-0.00373265585303889
mhhCYSagskopFJNHlV5a9A,27,0.004062349863876581
mhm7pNRVZhSr3RBo9Y2NSQ,26,-0.2318548387096774
miM0Bycd3kE4QNoZ5DwXyQ,58,-0.008313728490458977
mj29-9AHH3OfaGWLPM2Jnw,8,-0.5757575757575758
mjUKXi9JbALe-y2yCu92oA,32,-0.0018549441250028341
mjnoRuP0GtQ640dxbtES1A,33,0.004862144783866898
mjofAD-BQzhBaNcp1RO-Xg,5,
mjqFs-VDCulkZLvPTW6Ddg,28,0.0016654495226702708
mk8tU_q7O771XHv79n-d7Q,11,-0.0032408607726212083
mkMFBgmA2oECdpxwXi9ZwA,7,0.0017375538263957092
mkMW_zDdyXdHe_OSiwutwg,7,-0.00025260290822826526
mkVVsdk89hlrMk_R0pA3Gw,24,0.002202858138724294
mkeS_tVSmb4OKpQQ-O5Thw,91,-0.018905941867444053
mlS4Q5pZXcY7NgdvfdBuBA,17,-0.03676470588235294
mlb7G66nkwYddPBfldUtIQ,11,-0.0124294398610508
mlgewa5y_a_AxVTamXGemA,87,0.0017606702689575613
mlrYh-m3Zlqp9CTeSvdOsQ,72,-0.018683750728013974
mlrzM-jUkKot28XJhScuuA,58,-0.4019809898797255
mlyTBHNwuDrb7FRGSw3o9g,8,0.001945462730722233
mmBwAe9q062vKWanRfoagQ,86,0.006089093701996925
mmYktTUV_ujnw2kOdBGZZg,10,0.0007698768197088468
mmlZz6ypFdgHROjt2AnSsw,8,-0.03214285714285714
mnE8PSW_Rv8-sBGxZu1ZXg,4,
moCsUKON8hda7f8rnRXHLA,6,-0.0015345268542199485
moVjKVRgVdMrGilqkDYwYg,7,-0.004651162790697674
mohbgbizdjgDiXerm6CdTA,35,0.0007954412281729756
momyNsSDMDk6fR8W-JgqFw,24,0.008224611209685834
mpTD6bUFaGVpSEvkV3oeOw,3,
mpVZG520RL-K1YeQi55ZPg,38,-0.00013800241504226314
mprtNLSD_AQ7pTb1vzbSdw,26,-0.03177998472116119
mpwqMltxw7_pJjJELDLoeA,30,0.00131852879944483
mqGtDoC2zgjcRZJ79iiBJA,9,-0.006470206512196053
mqJ5wiIbrOfEpbahzTIl5w,76,-0.0036256618316898373
mrF5yU8TBZDAeSyUq-6LSg,9,0.0014224751066856333
mrMNJ_g5qF2PRT7NP-ZLjA,15,-0.0021739130434782618
mrMci-ZxJDxKHUQEiFNP8w,13,-0.014949706235196413
mrTvfpe18Y2fw-gI9phJXw,12,0.003656722946373896
msQY4av6Jqr0u0oodARXyQ,15,0.005059854374922869
msQaMUQ6l2I6E_BzjGXeEw,21,-0.0046664188406114054
msWWdElOb9eWFgKZw5tIcg,6,0.00021026592455163884
mtOEg0i0YPjQrEE3WWir4Q,12,-0.0005974395448079653
mtcgWB-WYipeGkJtaplEjg,61,-0.010319767441860465
mtvT7uRey3F395STFRM1Tg,115,-0.0807894618531673
muCelHtTlX5PrJd8JKkf_w,127,0.005705113381306708
muD2Qwi8m7Q0-HsQf6B-ug,61,0.004021863823469869
muE9hi63ObMhwQIpq6Ln7w,33,-0.00040108601752437425
muL0Op-fX17L39-i9L5Gsw,4,
muR20QPDTkisDHvcIP1gBA,5,
muu6xdNuHlNA9iShXFvjcA,99,0.004323980947656673
mv9uuDPJDaxl0zJ5cEhpXA,43,-0.046602479313420916
mvL5FhxCmZ1Im8lFgMu4fQ,17,-0.035573122529644265
mvtSgYoGhAG9HTz-PF8fzQ,20,0.0002114164904862577
mw_nXxIFtt0Dp98lJGij4w,8,-0.03676470588235293
mws4S_qc35EvkAb7N9zNgA,5,
mx31XU-QJIxObRGH_qvy3w,18,-0.029644268774703553
mx5y-OB9CHv80wcJ8SieEg,5,
myQJP8ZziqXDgQBpfqoTvQ,24,-0.0011513904843320068
mzFIAmpX1Ef83Djqs19vZQ,21,-0.02199279711884754
mzJ7BxxhLtm-TD1vyne1yg,23,-0.20388809862494073
mzTTdvQGkUHZ8ii7OnZC5w,149,-0.007727604761463829
mzTkvRgoKkXxb3HBFQNSMQ,7,0.008297771455666193
mzqjat86BihtW8larACfNA,24,0.00025476179771913277
mzsSZP8CLJKrxV9a-e-FMg,5,
n-3UXXULc4wqTtyWmW_FNw,4,
n-Ff-FPW-9lQfBRTPxNeCA,34,-0.05915761387459502
n-MbvJ3gc68KakCKm2Ci4Q,7,-0.02429643527204503
n-WO5netYEXLiC6bBJrF4A,6,0.024242424242424242
n-iPn34tLaqnq-dI8m8Bkw,77,-0.03578334304018636
n09hgXTl3gsDo1lLDvHZGQ,11,0.0003009559176094917
n0GmfsLp0Ea10X1bbH6Bqw,7,-0.00032878513891172116
n0gsj17k8G_5U2L9hAwozw,10,0.023715415019762844
n1gQguBwqKGBHjCojEDAog,16,0.0010115541968259679
n1izPdCPvwO5HCjwNywMLA,14,0.0004722362843693568
n1tmHcjBnv64qEO3REm-XA,21,-0.02126415783704786
n2976VTltvlSwENZxYJoNQ,14,0.0010124423257746385
n2fM9wcP6f4_-0zKUlwkPg,40,0.003232062055591467
n30JyruJKfbIeSReuYQloQ,18,-0.005175348995573714
n38QafGVzbdjavNHtCcpqA,59,0.003933435458757605
n39G9yntG2OZFQOZfq6s-A,26,-2.2342374547566973e-05
n3AfTDppXYAd4lQtnEJtoQ,7,0.00282258064516129
n3aePf41-l4j7RlnvFoklA,23,-0.04677871148459383
n3dudhBqW4HvsXmVzID_5w,17,-0.0022202220222022214
n3sRn8jx0zT5ew4tjjrRBw,62,-0.0015127222028581385
n3vzlnrl48_bZQBOMczPoQ,2,
n4GKqYV2_cr89WK565DB3w,11,0.0010775001995370738
n4MzcqzgzsK6ley5CGUKSA,5,
n4Ns3xLRhpkRwglwiQGKVA,75,0.004915363274496401
n4alafw1npRmVXzfBLUGPQ,78,0.002533625273694089
n57B4y1clYVK5O_DH9W-tg,74,-0.006094839087769174
n5Fdf9RzooS7obq0NecOWw,79,0.0017433815730073141
n5J69MCeyGvofp3S4Vq_tw,15,-0.005184331797235025
n5TNfoXg1i8wX5R3iY4WUA,27,-0.3369458128078818
n6FxuhBjD0c0VkpGhIDGeQ,50,-0.06922515172118557
n6GeIePXC0G3eS8UPGvloQ,50,-0.017970401691331926
n6dw_zxL_4cVO6EP_m0joQ,6,-0.001039656663783352
n7cTO0zm-Stm6p82NVM9Cw,10,-0.28571428571428575
n7oAS0xmwPLjfw7lHdcAxg,32,0.007905138339920948
n874MqUWsFiJ7NGxorBTUg,3,
n8KfQqY4U2j8iZ4cjq8dPQ,16,-0.0026224854991978284
n8ecak12IF_jhnPNs37AZA,13,0.0009468949735658488
n8frxLrBPbBYRI7XqDQ5Qg,39,0.007089684509039345
n8n0gbaaYMS267aLcc4ysQ,14,0.0026705597493234578
n97hN9132VDm9lb77-Vihg,6,0.0004096525574704431
n9YO7U3bbudSwIpkCtQZiA,14,-0.4285714285714285
n9laTguU-iYpQZhgCmra8g,17,-0.00020505249343832018
nA4by92WDrSbxooQOe5rMQ,21,-0.0006422413467423252
nA6zjguOkl4bYNv3deSbUA,2,
nAFLBslPK9GxNqzvHhiEwQ,9,-0.002951039570757881
nAgklYYG1ePyjXqe18QNRQ,29,-0.025281581719471678
nB9dev-4Wzxo4NHJkQQmUQ,10,-0.33333333333333337
nBqvryCdn9N_vU4rdCbnHw,9,-0.03173913043478261
nBr6NgqcZz1GhtAngU0RSQ,8,-0.19047619047619047
nBtIu2PasIHzlZMD_v2nfg,11,-0.03409090909090909
nCQnjq8uoY7YWGMwOxP2wA,16,0.0006100894360499445
nCtaC-sdPHl7BAWGvhfVLQ,10,-0.004383401519579193
nDGVLplJiAlmXWUSMUCNUw,10,-0.0017415964120031447
nDWDC9JyQSMGnyrMxeGmwQ,52,0.008869537171423962
nDXR7nnWXDlkTvlx3Qbqgw,35,-0.002544895966144915
nDcfa6VBcn1ilHud4hYKFA,12,-0.0014711439151573165
nDdIb6y5Vc5_aNG-Rd0JMQ,14,0.01754385964912281
nDxRBNjEywNUd6iGRcmkzg,11,0.004378661732963306
nETjr7I6hMWDmNQbzeamRg,12,0.0012954422137818773
nEVEFZP9gdoNbucjv41EbQ,5,
nEhYqDvaRleiKf533ZsdWg,18,0.0009499451954694924
nF5QByCz21MY0KLtSoB5KA,134,0.018567445497289014
nF9pEi7NxvMWXZYTHOhdew,12,-0.09999999999999999
nFFCuRvcmvStV4Mwl6gFBg,70,-0.017426912709931578
nFKATkd_j1iwFK9r6s0duQ,57,0.0042085296819892705
nFiobSfZqWmoA8LyuVK3vw,30,0.002570650323459312
nFkhD1OzSJJoc5z3LCtGGw,6,-0.002174908424908425
nFw2YbqSluNq9omto-ToUg,22,-0.05391120507399578
nGL6KIyPvsSYHZm5y31eXw,9,-0.0006941907197661669
nGlzOiDnj9V31sYwrVCT9w,12,0.00016699718192255487
nGqJwKUT9DuklBXQE044Eg,10,2.42963786984387e-19
nGwaubljBpHFASIiMQ_8-w,5,
nHsVsOms41FRXcFQM9mGXw,20,-0.014929214929214929
nIAbuktMEzVjT4P9pG89rQ,185,0.03468250342622202
nIQmsGI522L55aJa4vckXw,9,0.0001580849141824751
nIlmZLuMs0JuBRvAHSIf8Q,127,0.01333385637853625
nImrfb4ncIH2cG23Lm2YMQ,10,-0.004077318030806403
nJ6tSofMRm32nCAH9S09eQ,11,0.0011287591711682664
nJcxdXI5MZ8dFc7_iBASxA,12,-0.0001460819008176934
nJxCI5M1-stOtXyFrYhuxw,5,
nKK8tgjteduOIxALbfJNgg,73,0.006912832929782081
nKYpVtHmwzPBmVAlz73qoQ,19,-0.10175438596491228
nKdvOAenRN4WllzGJ3hd4g,49,-0.024528103475471904
nLFS95TBQv4hEXNt9mLwqA,6,-0.0006094702297233944
nLMWAEwS6M-Ah2TUlpd6sA,29,-0.010554988083077971
nLW8d1ixMZDLxQ_wTu221Q,14,-0.009990377044877964
nLrvjEZkNY_bTTvD4b-6sg,4,
nLwR3xBsliqeuy7uyYOkkA,7,0.013478260869565217
nMDteyIwo3zLbqm45xBwFw,22,-0.741926655719759
nMh_xEJ0B7XFO6I0MX_CRA,13,-0.011101207357588523
nNm7pyCAqwpAxu2_EAYPEw,47,-0.03435314685314686
nOEuF2LUxnHSqjLLbg8VKQ,6,0.0030075187969924814
nOK1L6CVDO7ztUVxueadaQ,5,
nOVUeN4lQAnrwskMMJ4nEw,6,-0.17142857142857143
nOZOlidRcVHYn3bDcsXD_Q,20,-0.1196078431372549
nP4LqTcK1USiw5WnbOjW7A,22,-0.06769230769230769
nPpJwvDGemSA5-pg_rLugA,7,0.00024001536098310276
nPwqq8lMqYb506GuBgM9DA,6,-0.0016692168590902768
nQJZEuHWI4qCFCMVh721Lw,16,-0.0003543586109142453
nQTJn9kdpU9Mns-b_qduVw,106,-0.015710690268676483
nQdZcs55Z_dBncSjZ421cw,41,-0.005601306003990568
nQhf28ZTygKYE3xXMXdBqA,16,0.0003849898384893591
nR3VW9i2K8033QY0ZMTisw,119,0.02137976739410458
nRUkftRs2wHBLe90trrZYw,7,0.0011311464501962882
nSSoWHnmdkTRj8MA3Gj4AA,21,-0.1887955182072829
nSwgcBHY6wVSE55KAlYuzg,10,-0.006587615283267458
nSwrxurgcVEz5IsAV9DPLw,27,-0.001221513913806927
nTPMxgaKjxVuI5c-S2lGiQ,41,-0.0006663025835198117
nTTHx6yjubwMsClRSPimuA,2,
nUEqRhVHjdRJexlaB0msmg,5,
nUFA34NsBSBm1LZZIsZlsw,8,0.002400960384153662
nUWed8AXq019fq2PLz4vmw,6,0.008861726508785332
nUWkp_Z58CLcyFVxJOIL5w,4,
nUpoI2WXmhGcFr59nCbKkA,29,0.011611917494270433
nW5pVwaq1caliZ5Co1jQmQ,13,0.0009995284276136385
nWazfpVUNF5lnm0yVI84Pg,17,0.00016325464459463854
nWpIXaVS8VuAsHZYID4Lww,44,-0.048905334566759176
nWroKLF18LUHALR6dFlvZQ,4,
nXqsCCHeGJINfP2aTOvAKg,5,
nYLUaaw-cYUrqxmID0QzsQ,5,
nYdQzTgdAyCfWeRIJaI7dw,35,-0.009084185478165797
nYeTVhBwwF5aCGYo9-aLGw,118,0.019711267405108358
nZTS28H71sFDU5dSRMnrLQ,6,0.00023288309268747095
nZmoai2EQw4RgI4w4bbzDg,43,-0.00014128818682898386
nZrWwvW6OAFJZx7-4amDug,7,-0.003425559947299077
n_EpP8nXoE36_D1720GXtA,84,-0.0006574794866400187
n_RGE_Wn5L7phnlkQ919kQ,43,-0.035800677310111245
n_xMTs22D45IK8g366L8Kg,6,0.00459568880621512
na5B8puc0hx8xxmuC3cH1A,13,0.005722326454033771
na6kPgbJ8c73JELysDrtuw,65,0.050029314051201874
naln1yB9kdFEeZKbHz0qgQ,10,-0.021439426834563614
nampgzRa90YQd9P2pdi6Qw,6,-0.0064350064350064354
nbOceaVJAFoyyaF-N3wTpw,11,0.0006329113924050631
nbxFr2d30dYRWXy1rc0agg,42,-0.048920003415008934
ncESfuN4AYX9C1T6ZtkErQ,35,0.007085625448457308
nchhaG1Ev-4Ctu3MYIOdpA,15,0.0006085686465433298
ncxNTG_MMPzO1M7RWG5CZA,14,0.0012056908608632747
ndVqbK8tlQSZM63rajPkBQ,14,-0.0031255955784257683
ne4NHcrVU8ZakOOg-lnB7Q,33,0.0007806672965044008
neOgjzBJYrRBO_WnQkMLRg,31,9.134932863746424e-05
neYzNhQd5lqq02cx3QZsyA,9,-0.00044481512371420624
neuKYeWkI4nqrNwn77259A,9,-0.0007112375533428171
nf1yYpBiim85cMnDI3uZyA,10,-0.009931245225362872
nfs-_MV9_9sM8uhFEppjfg,8,-0.000916135435355193
ngg445E-3otfqSqznafmxQ,23,-0.31167964404894327
ngvE1G9IckUO-ljZBFo23w,92,-0.020539730134932533
nh381E6YztF3b8_fkdVMtQ,11,-0.005076917204260031
nih5mVWTsFbkHIb9KVNGiA,17,0.0017831029765554979
nk2a2nI1jfln9zLpxEvTnw,56,-0.06757799162862455
nk67HeBSnvys7foxtiANng,47,-0.0032347990742688827
nk7fI9Vj7L-kKdXOB7cKIw,9,0.001421593642924838
nk9CYmNy0mxuu3dosjyV3Q,35,0.005868544600938967
nkPcTOCW1xRzyRgrKEWNTQ,46,0.0020852638869531632
nkkvK6eJEEfkjz5iY5R8Sw,45,-0.012544708605091527
nkoAfHmdc-YeqX_iUcby6w,16,0.001400445329895699
nlJJznD8hiNWylGgcQksxA,11,-0.0026931254429482638
nl_La1sCrZG0xq0HNt4WsQ,37,-0.01328533933258343
nlbyk0ueeAvh60cc5Rq7YA,12,-0.0019163763066202084
nmCUtvQX64b_fdVeb6vCSg,6,-0.07142857142857141
nmG12AwIEpIzx1Rd-5Nf8Q,20,-0.0005717552887364249
nmT6X4V47hERBPqQU-n1Zg,7,-0.0010245026893195592
nmbrMcMOZd-DQ-cM-x00tA,20,-0.0005853702131462533
nmeGoVi_U-bbnojJsi52Aw,15,-0.12205882352941176
nmwdt0-CLNptMrZqcVuDKw,8,-0.00025405511041625935
nnWPSAuwbfnKRVVJmd6www,17,-0.0665024630541872
nnj7qBkatEsflXfnPzsBZw,7,0.00016283108988276177
nnj8APV33vrflphc6f50nA,57,-0.025127681307456587
noBinj5ChHbPCHfqTcUO6g,67,-0.05590391665058846
noKhuuPxi9CXb8ZsRA2U5g,5,
noNGTd_YmY4HlUIKt6DGsg,8,0.004434389140271493
noys-g78gVcXDCWv7EaBTw,6,0.07272727272727272
np5ELvlW5Q2kN7yBx9FC6Q,10,-0.0014705882352941176
npDpDAJ2-tjAabqN4p3c5Q,23,-0.0001387925052047187
npeS6PPvWIQYGjydHLfliw,15,-0.0007969995311767465
npw3D_brtWFXlMASPBEzHQ,7,-0.00047415836889521176
nqGjZMGQ7ypfxn2KmyBW0g,94,0.0033799251595861765
nqMGXZ3haILky26NDAJVSA,10,-0.16363636363636364
nqkMURJeB7RBi2serBYFNg,6,0.009599096555618294
nqz4dhxnIUaM-6mILN1eww,5,
nrJE1NcVX04JsGmKrfErzQ,18,0.0006077231129673441
nrVsBtcTsTvSWXi893aePQ,16,-0.009781285420427355
nrbFVhFcoe49a6jL4LPJWg,4,
nruMoZnp3NfbDdBgbtS3LQ,11,-0.0002136447799458766
nsH0hQ7xB5LS2_Ba3mqHTQ,87,-0.05137004883342376
nsUP-dBD5ZEGyPQefIDbJA,30,-0.005080032555615843
nsZMsV91PfYQ8w2lbktpjA,12,0.004723501050271547
nsxFXNzF-XdAylNM7MAv_w,6,0.0004598426616775242
nszscbhz1Ftq-zlH5km0Aw,10,0.0014705882352941176
nt-XKjNGHE4d1lQTfud90Q,5,
nt1jLHRIeV5HqB5PfFWbKA,17,-0.00029942111916960514
nt1nLTY-gdiDTZ2LfQVhYA,5,
ntiIq1FNqduOyyowMFGh5A,165,0.05204047361703946
ntjq50D4FoVLjIm9fqT4Vw,9,-0.004884004884004886
ntlMq-CeKNlg04Vt_fLp0A,8,-0.00923344947735192
ntm_Asl46JhoX2n2w698JQ,72,-0.0011002591189954159
nv6dIrBrVuJPi5dliXDw_A,7,-0.0010265401849270932
nvDX1n7k9HsLuefqdHCTow,4,
nvDowNzcqPpNkmt1Bc7xiA,16,0.011258479295332594
nviXE0Js3ekn0RdM0O5rlA,6,-0.003386550556361878
nwYEN669Fk9bH9qceFvnjQ,3,
nwb6p59YvyZi0j4k0rUVlQ,17,0.00935441370223979
nwk7HiUk0IIYftBDF5yv7w,38,-0.0026466319474088614
nwpt_kMoqaQXHgRH67UWyg,4,
nwq5cM5tYtQ7AnCnjVUhmg,25,-0.04686411149825783
nx8a-0rWqmkQDtYtXK0nhg,10,-0.0007004476031024701
nxLjhcf-1GMXWpZWZEVnCw,6,-0.0015384615384615382
nxV0qNngBHkOBm3rer9E-w,10,-0.0032412284255732894
nxjY1CEz6S6iogenYhlj5w,19,0.03418367346938776
nxuvcr3611_uvr57ucI5hg,10,-0.0008380557107510576
ny1yTbD10uB5QLeb5Y_xmg,11,0.002628316389784279
nyJfmrWl7OaM-UGeX0_41A,10,0.0005700871898054999
nybzQB_nqeq0bFgqZvlVnQ,9,-0.0007256894049346884
nz5RN5C4ezvsKDyVu2pSLA,4,
nzGPYlzhmvCxTfPKKRQurg,6,-0.005781683626271969
nzMsAREnsFlsCHsBUwL2SQ,106,0.006136852746543953
nzZrLZyU9w_4MGBNi7dRiA,7,-0.006896551724137928
nzaLOwdtzx8shZUrqrz9dw,5,
nzx9pK_WQvHOnJyynrR92A,13,-0.002971468862531792
nzyWbORYOI8NYA7cLKeENA,13,-0.001397185380176167
o-q9Uy3VUV_mrOBhIC48tg,7,-0.008823529411764706
o0PKw37TadgqG41jFCJRxg,4,
o0xKesgHna2vdjT_HuIUVQ,6,0.05714285714285714
o1xMeeymj2rr23wWnrH8XA,32,0.0009740259740259729
o1yg25_uuQ9lCSEUsIIeBg,3,
o2NjTbShIkaBabMRpFF8UA,15,-0.0008091099790230748
o2Tz5gv31GUf3ThTePrcyg,16,0.005675606148305359
o2oD8bGW3oMaaTeSOqi-Kg,35,0.0017866514002194544
o2wOHahV_ZSWi7X-aA5VOw,8,0.0014430014430014423
o3EJlCFeZ4Jneis7dUScSA,14,0.0019727108334703265
o3RzkJ6yRhE6_YN5786feA,9,-0.000279089738085015
o3scBr-ylC8grqS8jTT14Q,9,0.002753496503496504
o41hRljSdnfBrx98Qvt73g,5,
o45O8DI0MJXYsHnoIkP0jg,41,-0.07589098532494759
o46yygtcv5vOQShnEnfNpQ,5,
o4_cgIKWgvJ09TZeSzARmg,19,0.0011753023274794934
o4gT7fMheja86ur9PVb2Iw,27,-0.12393822393822394
o5qASktfJmfQ1v6IgLN24Q,15,-0.018878299120234605
o6-sdAt6oTC3A52azk6FBQ,26,4.508261388995312e-05
o6Om36i4Hq7hMAW5dnJquA,6,-0.018181818181818184
o6QW19rG1Xsy_ySsxqkpxg,27,0.0009444578410095653
o6jgjerPGnQQUUJZtqPwWQ,16,0.0061346420569721545
o6jpcwA4mjUXZrVdLmOVvA,12,0.0007053429730206312
o6tzQpQ0fdchmDMbtupiNg,10,-0.0006431281754453661
o73v2OJWDVYjCGRU4UhUAA,8,-0.07878787878787881
o7I6moiU7ldJfhScIq0Ihg,4,
o7YE1WaFeQg_piECb9cgjQ,106,0.012537133906767878
o7_9bx3j9aJpSiEJFP_trw,8,0.0005817028027498679
o7mN59QlAoL6dJctc014MQ,7,-0.00041025178639857537
o7maiIUu3OmqMvmUB8YW-Q,11,0.03162055335968379
o7pgTVJqX2PYWbotk1uMug,6,0.0007722007722007724
o8k9ub9eaG8mxImsovmTBQ,24,-0.0017367469327961911
o996tDYd0KRgeuY9mDeAGg,112,0.008362043593428091
o9Gru-QFoxGK26FSWRCLXA,67,0.006806842480399145
o9a4dXSNgvbsbaIHNvP6qw,23,0.0047584758475847574
oA1D5XHC8q-lEfa00dEu5w,6,0.0027469316189362948
oAoIENzMORlZcKrzlq_QQg,12,-0.0014409486268648713
oB1Xm33l31m0Bkst0ZP6fQ,5,
oB2B1KlyhlY5LTy18jRqzw,5,
oBXdVA8_gHq2ML2dkv6nhg,8,-0.09790209790209789
oBhJuukGRqPVvYBfTkhuZA,126,-0.009909406191206581
oBpjZ_1m_Z8ELdq_1btj8Q,4,
oCSSgAt1J7ydbVQaIC_Rbg,5,
oCWx92FxeWJc5_tkQYGJTw,9,-0.005264871906209292
oCoiJ-GBriiupCgpgWfVhQ,75,0.004906530036935296
oD3mqAFsT04wPeKvOU7JaA,15,-0.28771929824561404
oDKGXVSQfegQt1QU9KLiJA,37,0.006990911396065728
oDUOu3W3pO2PG4QzzlxUfg,44,0.0008448770002388347
oDl1Zh9L7rM3o5RNur0kZA,17,0.0022409847707725084
oDlF5bfcQrYkjK4D4_Nw9A,130,0.006228587302077224
oDoXbLcvnu7qRqwmgI0_sA,9,-0.000956475956475957
oFMpfE5J6f0ATRmsVXrFSg,6,-0.0011940946591402519
oFu61fiwKh6W_zgGjATfyw,25,0.0006343673753921225
oFv9-wwifD3u8FFx6fPRYA,36,-0.021008403361344543
oGAykAoB59YqGSbCpLmcwg,15,-0.0023315503830404205
oGHVDeC24uk0nfdiE7VL0w,79,-0.0019776104077072047
oGMwCmV1EQZgCdylAbK9ow,107,-0.03402612674796126
oGQ4T5ks2N7NwD-jKAzKQw,5,
oGl-gsxNk0z15ucwlB3RcA,7,-0.0009228213725429883
oH6iX_75CnCg1Bh7TeAsTQ,21,0.002619692863595302
oHOb3HK-caYzXq3JOA9NKQ,58,0.0027106536394462086
oHR6VtJaFg2rBSFvoEWqrg,41,-0.07179320962644842
oHR9GShr6jVS-j7fF30BOA,7,-0.0012422360248447205
oH_eFvX6h1Z_Iu7nGkig0A,9,-0.03776737967914438
oHbSVpEWCgRdmVZVdEmcRw,20,-0.000732334525939177
oHiaVt8SG3EgVyyJlzhlwg,95,-0.00010319928420125292
oHjm7L7sLlkmYIG3urmgvg,6,0.00474158368895211
oHxmQ83FfYbxA_AA72aYgg,23,0.02142353770260747
oIr50siZDtDYCE_p5K8nYA,24,-0.5416055718475073
oJxsRgj8Un9VAPXpaDuufA,85,-0.05937849944008958
oK4108Qg_mAccEbRb41o1Q,46,-0.029904306220095697
oK6i-pSjM4mRwdrcVA4OsQ,19,-0.01944049312470365
oKfdaneqJK_7yD2Rgt199Q,13,0.00047800214613208467
oLG2xLxPUDLUMGuDRfkuuQ,5,
oLSD2gqZ6_LANC85f1C3Bg,16,-0.003691285490171952
oLi0Av7zJycNUVfXTRe8NQ,19,0.0033534348890603707
oLuOJ-3q8zJ-mhrwcR28eg,24,-0.00845713550710657
oLvV8WLyIKaO9HFMf_cYfg,68,-0.002404020000249379
oNGQMJmwwPWD1ELyAV9Rjg,16,-0.26666666666666666
oNOeJyXy35y2Rmu8F8pW0w,5,
oNixSz4j87_41czlQtcjLQ,33,-0.00246222474907612
oOHklSxf0hvMx_IhZTDlZA,7,0.002702702702702702
oOO2VUntBvLTBDY5zOK8QQ,8,-0.0004326937423532568
oOh-6phzxwq-nJAMT23urA,7,0.002858776443682104
oQ1RYrpB4Vf821L-LXg-eQ,85,-0.0016001708601329086
oRLG5fJrGJzzj4AO4yjqMg,37,0.003402114317607275
oRZzZbLbe5XkjMJ1KU4MvQ,17,0.00032230521738638726
oRkGzZhU9HI9c5ltCscyBQ,10,-0.005659971084930328
oRtkYR-JpnhZTigQOgw-XA,10,-0.012223071046600456
oSdgCWWlUI3pv1DjAADmXA,6,-0.01303475935828877
oTHZ62gNeAmdci7QOii_pA,6,0.007018716577540106
oTTx4ObLjOWVCtGXU_8AUw,13,-0.14835164835164832
oT_lhJd7LJpTrt8vAnN5fg,22,-0.113847837985769
oU-vzdE38Nk6gAr4yDy6ew,16,-0.43137254901960786
oU7Z8kUNvOFeMyOd-7olgA,11,-0.003072546230440968
oUcqQ_WgA2kZtHfa1Vu2Ug,9,-0.0005970473295701259
oUtWwORqz6XAhDpAxE1IiQ,18,0.002380952380952381
oVwEPg-BADIFl2SlGma6jg,41,-0.1262187088274045
oWC9N_oufwSJT0cr7ppyBQ,5,
oWZklx8pWXVx8Fcp67th4w,8,-0.04968944099378883
oXjSx3T9NeWRKMDBFt1ZZQ,54,-0.0024659772205354266
oXr3EhnQCqA8SNWIZ3H4Fg,61,-0.0129032258064516
oXw9R3-fdgAzv0K6d35lkA,23,-0.17230769230769227
oY2Yk2nuVm4PaE-eWTTGUg,5,
oYvjtszgXo5x45d6fa6y2g,29,-0.03403289846851957
oZ6TD3rkhTjzBKrN3FnLhw,84,0.0020810694441596805
oZ8ET_Z6UQi7qrW4OTOPtg,20,0.000840314359010428
oZ9DSo4FCPcxE0bjgPRk5A,65,-0.025970439722280664
oZQi9ydIzDd-ly8eootTFA,37,0.013257243195785778
oZXf53yjY7i-1tUHxSLayg,19,-0.3285470085470086
oZxSL3PFX15Lzr8cjszmgQ,20,-0.009159261790840739
oZzN706lKoL4faaTK739xA,34,-0.05877551020408162
o_6YLXkEWeLZputXJ--QYA,25,-0.12230769230769231
o_N7HiU3f6cVvrJAFrE43A,81,0.04236040943636603
o_Qn1BN-0BQjSo7PNPDCKw,3,
o_YAVGXNvuhO_1xmyxLmaQ,5,
o_cLJE95qEWK2kO_cBFcLQ,23,0.0014203424603487723
oa5h-kz5oFYHBKpasKYXQw,44,4.9112573574413185e-05
oaL4PHfTpe71IDvGw4AhcA,34,4.175925410379583e-05
oaieYe0A68uNiN_HTpwWJg,11,0.001817034217623319
obIvMFT-JNT54N7lcrtjDg,11,0.0008199884236928423
obUkySQ_XH8eqvypSLDt3Q,36,-0.0015377320146321637
obeaMfZrrJbe6pO5L0v91w,37,-0.0006957692739310963
oc7_PjsH22_Rm5Jh635AFQ,8,0.0006008514924006592
ocLAsvE07AJcbTbi2BxiPQ,28,-0.0004985669930738
ocp2codqc5_UaQ-ff-w9eA,7,0.00015336354130359006
ocrm9vLhGCn4Z8hgadyWHQ,7,0.016685205784204668
odCUjUDOQt0yzoz5VYJkwA,67,0.005254378648874061
odEaURWaQp2Uh0ifndZWng,17,0.0005939602118219549
od_hjW02Xy-TAhtUdupBsA,11,-0.07647058823529412
odfbp-DCgy6wN1USHGDO5g,4,
oe8gfIXFgwbzij35f-QfsQ,17,0.012448979591836735
oeUfuhyvVFNqosFrJZZzIQ,21,0.00046296296296296276
oeoprMH0TwckGNCW_L-f_w,10,-0.03065134099616858
oep1GPIUZQMoEJBEoYnXTg,5,
oeyfCPVjK9dv8pgLMQIRZQ,5,
of-GVqY0G_UDHXT9Xg_ADQ,93,-0.12231804482110359
ofjC1sFI2_r-pAvejek0JA,27,0.0007427047931559827
ogSkCWmS_gRz35qq4ypiMQ,5,
ogq6E47BXKzdQMHqtwq3tQ,6,-0.0005917315379760146
oh2wCX3pzTTEYaynLgmMQw,9,0.0024470266575529727
ohQQaiHge3vZWO_l5OlEnw,11,0.0006093470483005366
ohWH383r60AREWh-aphpSw,108,-0.03297103965553163
ohbpgQ7ri32vgd0NChswmQ,14,-0.05383759733036708
oi1vkc7_4jU_9fOrJPgcXQ,8,0.002426739926739927
oi5pA2QbC7An6uLuLMuVMw,6,-0.0011098779134295228
oi9pCS83sO9wu9knPiu94Q,16,-0.0011299892671270326
oiiRk6q1FvcyWIejCWQhPA,39,-0.020348072979651927
oikYO1xHeFwbLKi4EiRZag,15,-5.926185494759193e-05
oiu5rHUNk2C0e0nkRzAwcw,11,0.00012898066579819685
oiwRXkajqqT4Yq5SpEsy3w,36,0.008110220832519052
oj2U74gBq_x98N1TpVNqOA,8,0.0002930145335208627
ojOQ0TTxPhiEVISLbNGXGA,6,0.001109877913429523
ojiqsGdPa4jCTBQ7Ir7Bjg,7,-0.00040189989039093936
okGGEcid1LskY9MkHR5PGw,5,
okKdZGWVz8ew2gpZVrJbiA,9,-0.0011055344546934346
okRo0xYqltRX-xxHX0khmw,16,0.00046624836022822464
okaj4Y8JyhfF_n5Y-P12lQ,27,0.000952445219939653
okt7nWlgNNwqBzzWOKNEgA,25,-0.0034460684946121855
ol5npt2HXo9r3yKa3wBlYQ,84,-0.02384020618556702
ol6Z_mQyAEKI3bW4Cd01sA,4,
ol8pa4uP3mu97ii5gvw9qg,25,-0.0007644529383659816
olL97c3cnkBB_pp1ndpFEA,5,
olp3UKVlryO9x1e-egn8aA,9,0.02
olqTsVDufyeaqXx585Uv2Q,14,0.0008668841324455968
om76TgZAFXQOHTIwlp9e5w,5,
on812LIboUL1mgOoCN9Ceg,7,0.2857142857142857
onAxL1mLxQb4TzZrJ2rYMg,7,0.0048145311303206045
onufA0MixmTq5_VR_Zrx8Q,32,-0.05121457489878543
oo5KH1rtkJZJmHifE0oe4w,9,0.006903622693096376
opjF_JN6Kpr5zWxBhkGC7w,28,-0.012515423937951704
opn3DFIIedruuLGkaEMlAw,7,0.0023857693629041493
oq8DOqkwLhVCziSjJTFSxg,13,4.947433518862072e-05
oqQNpDW3yy_LoHj0zNqCUw,31,-0.0006456404032342984
oqVIt-3KN84rkeC2Z-woeg,67,0.0005549804462847943
oqYUDzhTzsw9N_Z8f0Q9IA,34,-0.00251632425545469
oq_5iHOmMuJliQ2cEh2c7A,9,0.0010129268763264519
oqbhVgliVJH-iRa3AnD-3A,129,-0.025974025974025965
oqkbdfrXNcFNJBTSFu8RjQ,5,
oqoQ9fD90ORIUGBWqSHngA,22,-0.0594785059901339
oqy15jhe1lOXttEvd4Srog,83,-0.064974762960517
or1JuxvK2kcrKvM2djYUEQ,66,-0.058304733019395004
or4yTLBsR0iXUUrDIl6oEg,42,-0.29534883720930233
orAQLRRZUb95YVuGPEzYiw,17,-0.00025250532628422624
or_HF43bWzG91XgpurhYpg,36,0.00047094113235845477
or_WcjWELDsssk2JruvJcg,108,-0.0027489113883471797
os6YnpbiaQQ7XfXw_cDGGQ,5,
osAciuw9I_hvll-vT7uXPA,28,0.001714391622648503
osqUOYJ1GR833udf6XCSHA,34,0.021059691482226705
otNLgiQCkEzyA9ThokH_7g,22,0.0024992189940643565
otm8R7rkCtCNM0g0TC55-Q,4,
ou5-TD8QcHhxTCQLLp_MZw,30,-0.0025794233845952926
ovWd_lbvnK1dQSkSkQRfpg,73,-0.0006141316310807835
ovui6FywmF-MCY8QnwoBLw,44,-0.0033316428330809923
owEU7dr6476LFPxuTgSRiA,13,-0.0008330248056275465
owQgiBoTu821TG8d-w5shg,24,-0.0005894654829516332
owa7WsRu__bm-UYK6KRVkg,10,0.01217391304347826
owjryf1VM333UrGOnHzqDQ,8,-0.028797289666854888
ownBP9VYlgCDMBnXLXkVog,6,-0.0016066212268743914
owwOC1bVQt1XAMdiM1TOzw,28,0.0047846889952153126
ox3tHL6pYBqCFbVuFjYoLA,14,-0.003155901535872081
oxhsxEcRQqRSxs6Arg222A,12,-0.0186411149825784
oxo-zgeEHH_kzDSEbZe4xw,6,-0.01537433155080214
oxyJmKcG-GykkaQAKIkhdA,34,0.0005687362055381346
oy-n3wkXeK6NPPKf3uRDTQ,15,-0.005167799686240731
oyA87-Q_vqnmxVOn_auJQQ,116,-0.007021378868339132
oyn3kA6HCreBhJm1EDhrCQ,5,
oynwmvwg1CUYCk0-VpZlAg,33,0.004828973843058349
ozOneB4jXOD6hv5WBGj4KQ,124,0.04449961231346838
oziGQYLaEWOpNmPKrZP86g,161,0.00830583684150643
p-EnMBzaHNg30EBJRtxMAA,5,
p-MSh95si_sDdih94gyKuw,27,-0.15595105672969967
p-XV3iBrPTeYsTkYOuJILA,7,-0.003111226341716361
p-_uJ4UmcAeEVs_ndGXvDA,16,-0.00026524928331684016
p-i059P8Uyh52mWumZ3TUA,6,0.0006019036954087349
p0Udyj3qsXNzCU99yW6IfA,10,-0.0009303040787298657
p1257iwsyKj00D_145O03w,68,-0.04560004572865757
p1PQZFieSwQVd3PPtuaL8A,44,0.01396413110698825
p1Y8bMd0ixx1dzj9oTjEOw,20,-0.13401709401709405
p1Y_oc_E32JfTN-ukqOU0Q,28,-0.024424663482414243
p1iL6s5ebw_9LpkqpmhVEA,14,-0.22430830039525693
p2LfPp--eXZQzKtMdDL2aA,15,0.09999999999999999
p2SakAsYqdAvLqPpAhkekw,10,-0.0022664835164835167
p32eg0OGN731AMsi3QzBMw,59,-0.0005437434646218194
p3oNTgsyNjceG3xOA_QXNQ,27,-0.013568521031207597
p4_cwv_NAFduuDz5RcTLeg,19,0.001498123844904512
p4cIEx3GrI4R1OYbMjiGBg,14,0.0007717538105344393
p4hIzUXyP0ENRIEKcihhDA,27,-0.007032887766832719
p5o0ZaobvVtlk-eJVKWIoQ,39,0.0017437645721898945
p5pQ5PKXiEc4yLxsL4TsFA,31,0.000865318535397008
p6BHu9wwWTWpVgGcnZOQqA,27,-0.0002824681796178708
p6EOQtluRCBWCRns40kdow,26,-0.003509599509410821
p6H295aQCbDJ80GcpqFvwA,144,0.011722540660136893
p6eqb3CSMuMPmkkVlLDhpw,10,0.0019138755980861245
p6hPjTEtsFU7kaiUIJm2tQ,19,-0.0019454229980545765
p6j9l74eiA7coA_5cWMVdw,19,-0.00014614541468761428
p6ks6QvrcKDs0uzDmD7sWA,6,0.0012757891667274186
p6n22yw61I_8qOMb81Myig,16,0.0012512169750904176
p8FRvYD-vYAKzAiZgbJdbg,53,0.00014237099798597121
p8JGaGU0bKzngOKGjnaH3g,66,-0.00839291794347974
p8a7isCgWuxwGGIsbmQSRg,5,
p9Dd6AjOawHGGzcUntYr-A,107,0.002303148413205338
p9GWVLG-BBwnJHnYaHquwA,8,0.006530612244897959
p9LOhswQql09-yPtF4jsZQ,8,0.0012638133255244053
p9bz6eZT4y7He03nfLlQxQ,10,0.023247863247863244
p9z15n352EvWo_PLjRKsUw,4,
pA4zx5tE-lKSRKAQ_6BJRA,25,0.0008948464151356876
pAPDZLeZrgbgXdGPL7txUg,59,-0.034414696111002535
pAVplVUnmW9vMUJbiDVyjw,8,5.1252263641644496e-05
pBJ9hVagqI4dwj6wPKTePA,4,
pBguunWb0Mu6hDxgZ6j1AQ,3,
pBhSdTZcYx29M0ulJhUNig,10,0.0073359073359073376
pBikZbHYBCDN-ikjc9n90g,13,0.0015850093339438557
pC7MuCpWGTZjlrc7HvdF_A,16,0.0031683168316831685
pCDx24yFgVZ3EwOwDMedHg,86,0.006457834358121986
pCZDimMP8kdkc6TnVPzoYg,19,0.005184500597344636
pCdeDqx0bSP5yqdA7C4Caw,8,-0.05614035087719298
pCjWFP6aC0hE9QugVCTpiw,45,-0.009575923392612857
pCmaISSyKum22MOtPOxL-w,62,-0.006013410626986882
pD5iEviqhZ9ZnsBi26lb7Q,45,-0.00964902164302464
pDOzKiTh3_2vwFiasBcEaQ,6,-0.0007335137444808431
pDUcsN79bDwhOMBaD_tm-g,96,0.0011306995862295007
pDplkJbShOXPhAChKVRMzQ,25,0.003061224489795918
pDqI2SmxP2IukZ-vhnmgtQ,8,0.0013505691684352688
pDurCski6kcl8mcXmpcKKw,19,-0.012807881773399012
pE-vlytThqVmk7y7OeoD3Q,6,0.001488720082452189
pE8tkSTXw7_RIiQMkutPCg,29,-0.0017122421702850125
pEFR13HPhaS_My5WEUfMhA,6,0.00032540275258721864
pEa6tpYyl2NDOPfY1OfFyQ,11,-0.06422924901185771
pEupd58_0a8oCP9xwQMVfg,12,9.888626130264553e-19
pF5W8eHkP6bvQjCgoj2MCA,26,0.002091183239931399
pFBTtrFfJbJY1YTJu1hxAw,30,0.002446708903149967
pFILrIntfcOc6ekPd6m6lQ,54,0.004469630457338971
pFMGXlE1NwEXYPBgw3kRnA,12,0.0015666497567962754
pFR6-Py-CyIDiXyJer2aqQ,15,0.012173913043478264
pGfx4lp39-1dJXmSY6XU0w,25,0.0049094097019286975
pHBwvBG3iZdOfpLNZTkVWQ,66,0.0008451516008002622
pHck07yAj5jG0fv0AkRWyg,11,0.0004823747680890539
pHi42MMWAsqL2mRrfFPp2w,17,0.0311157928855036
pHvMKIwWD4d8Nz6OPzMvzA,24,-0.08702791461412149
pIInvqxgFYFptmbz7kcaeA,6,0.06666666666666667
pIRZugEcfOAGbH4N-uQ-3Q,7,-0.0006717309469603049
pJl-G1h3SBDS1it4sTpS_Q,7,-0.017241379310344824
pJrwr8WXv6HRbAhYazA9HA,27,0.0006922413442068282
pJv3Ei2o4DLM4EgPbAGk5Q,15,-0.003452797202797202
pKccrz26dHNUcR5ShhoKJw,14,-0.00019449847179772158
pKg4NleedNE_SxkfN_NlTQ,13,-0.19607843137254904
pKpu9LDo8jndikkkAHoAsw,18,0.0032729398012857976
pKs2J9bigGVN1qxnOrDK8A,59,0.004008341581727103
pKzB6k2-SnHp6ZfNK6vB4w,10,0.0012666029595535227
pL1C3UIhlqVZXFpA8J8Q7w,20,-0.00039757518501023446
pL3JLFeUBSM42QRGSpjSyA,14,-0.07252747252747253
pLdndiCKtUT6RkbJYoWT9Q,29,0.0036216729068260876
pM1M2A14mNXz48KCcQtz2w,19,0.00023032109470261475
pN9VuJ3zu8TflAbqrjj5eQ,8,0.018011257035647283
pNOgbiOm3wOhqw9zNFCuDw,7,0.006239364719228588
pNf55jk_wLt8KO6yuz70MA,35,-0.0025764270360640077
pNrAkT-LWNCKlaZ0EviyZw,24,0.0021135886321998307
pO8UfZRu1KfucoZgQyQIyQ,16,-0.005145025403562931
pOKlPUu1ecsedBwKqNfWUg,5,
pOQCsXpS6B9RJyE9efj2RQ,22,-0.01902918884050959
pORvWLJb_ioqIrNo-yacfw,40,-0.03812170047235342
pP4q0Mym-qt20nRqTKbzhQ,99,0.0036156138895198186
pP9hjbseO3mCi--J59PExw,5,
pPSyVQy_DtiWk9_K1y797g,6,0.0007454863133372159
pP_jeWrWq-lvMitmkM2Gkw,86,-0.09593733043950081
pQ-oo8Bai2VuTqxy0bhLgQ,35,-0.07754613807245385
pQNkUQwI_YXmoukFlu3YoQ,69,0.0021619579362747166
pQUrSvni9ReYTfDZtg2BRw,31,-0.019566367001586458
pQcFNupqOWegs3Fqf93z8Q,5,
pQqP5iQgJYUn4Xz0KPve5w,6,0.0007708868671435518
pROY2CTrxxfvWUICGYDoOA,7,-0.004387755102040816
pRYs_U3tiTisUazOzDgLaA,45,0.004368361117852409
pRk4_ElCW8pZU58WIZ8jMg,71,0.010323143469884773
pS2qdeEPrKHWzDHu1tNdEQ,21,0.017241379310344827
pSZzbCrkMwBdriYCdXLd4w,30,-0.011278195488721802
pSquMmdxtM5FFQYeNlcGAA,42,0.011051212938005393
pTy5tFm9y8uzMjXhjWweFA,51,0.0019116124791271564
pUAxkZyr5WcMYVcD7s_OvA,35,0.0015587955270969067
pUBzBLKRI1IeDQJDufAa4Q,9,0.0006240399385560677
pUGkaV3_aLBoFDL1AeuXDw,5,
pUIcxWcdfKMqXoJA0zuwcw,90,0.0028152881601157466
pUXIs65_VPHhu2eeBh3ZBw,14,0.0016777086429705015
pUnkSd1p_FCle6ZUNlhHXg,6,-0.0010533992383113208
pVHbXwsqLxNzAx9rdwy2EA,115,0.01706814604096963
pW5DXTpKnw3y0fopipbJVg,130,-0.011798647362027643
pWYk93WSXc5ffnyNWb-WfQ,6,-0.0020604395604395605
pWd5RRSIxllxLFnegmh1MQ,6,-0.09090909090909091
pWs4GHia64vlaqZADDUXOA,70,-0.021032295691477732
pWy12daEVhWnYBoQUblV2Q,13,-0.004232054267490128
pWzrmh1oiU9ngWXGHKnnwQ,136,0.01112710855152064
pX79hg6t0WsaCzU2npdK5w,8,-1.4666666666666666
pX8P31z1ixaMp3iViINrjA,51,-0.012719869023130855
pXEzNp9xiyK62UuIxy-oIw,84,-0.0068500990534888844
pXMxvdHKzCuSQhZu0MEOHg,9,0.007142857142857143
pXQzeEk90WRdHSMoIVZ9HA,10,-0.08893280632411067
pXRrRf8fDv6yU3xp1E25hA,78,-0.264330606102758
pXb7pDVPayyElIqVlh1FOg,3,
pYUA24xFCoBwk-XSJO77LA,22,-0.009974424552429667
pYs54pWZ_ajw_c92ptzB3Q,4,
pYyShHmDznH4b67OTuMmWA,21,0.012374405076679005
pZGUnFYoXr2ccOxWr-F9Cw,14,-0.009706083390293914
pZYR3SwZBJwMZFkkntHAhQ,10,-0.000790785115335263
pZ_2n0m9EYHcebIkay0baw,7,0.0013149589732800336
p_Y1CgtbpLEKIXrzWZjMsg,8,-0.006324110671936758
p_g_AjXjRGXN_IyGAzuIMg,21,-0.10481663929939791
p_jAxXl-PBzfOjuMmig55g,25,-0.06387798248263363
paNYNJ-VFDgwLY201IrXCQ,30,-0.31153846153846154
paO0ETshl56TNSaEyzm9Cw,15,-0.1343715239154616
paT-z8ro0gfrBEmsiTtW7g,5,
pajaST0lkqKzdzx7AsAy0g,11,-0.000984751275700516
paoYG3VEjW5OwVXVbQobJw,9,0.0008330248056275453
papbVEKch3cma_aN1KuopA,8,0.2619047619047619
paxJoGgP8Pw79ODjPC1nUg,12,-0.0001341434545884952
pbGPP7lGMhpIpzpoCp9mow,5,
pbHUglsehzeP4hPZX3IoaA,7,-0.0003269591301087364
pccqRcJGvCf4Ux1jHNIssg,11,0.000371030744019706
pcy24IuPvHpj3bHvP6EitA,6,0.02857142857142857
pd5KaIXNt1Eoy1dahUaG_w,17,-0.0012929528246942348
pdXEjhNzy5YERGk_wBA9Lw,11,-0.02075098814229249
pe01uqQsa6raj-4HWRjgGg,5,
pe2V5uLuw_-itHRY4hZ_gg,6,-0.00036656891495601173
pe7T3vCOU3d5rSIJV2ijwg,5,
peeXG1Ra-DClPQv14jvKvg,124,0.0010495562883303432
peg-QfuNihvtk4P1jpuMCQ,31,-0.00016125131016689535
pf8qxSWPpdfanQEoEqenZQ,52,0.003195208316574013
pfDMVE6dvvI8t_UYg0ZVeg,11,0.0028915069673013626
pfNn4gfZXeH9pKuFjDvQ4w,26,0.0005628084674480731
pfvrsJHVBIAjACZJ85_6JQ,30,-0.005514858239453232
pg6RCapqdBVRGMg2kjoIxQ,34,-0.01413384630960818
pgCwVL3uVQqWv5fsWk3w3g,14,-0.0009827071324397527
pgri9CUZXGy9hi6UMMQR6A,40,-0.1816671700392631
phAQorb2ixobqKKZC5Qmgw,9,-0.2622549019607843
phQZ65kaARzcL1fAquR8LQ,28,-0.1032258064516129
phQcwI2JJ3BjzFEWGUAaOQ,6,-0.0017345050878815919
phmaKIR5wp8YBz8VhnKw1A,40,0.001288527028724415
phsLOuBeiYI43hglvWK96Q,89,-0.05589209513294141
piLUryfru20TQEafOj4QRA,8,-0.002597402597402597
piSFtzkXxkpU1q9a66ot2w,17,-0.005510088323474594
piTT5OuV6ePIc_awSG0caQ,24,-0.03781291172595521
piUZEndStsWNnRUwOPk8jA,63,-5.1500223914016775e-05
picPFi6JAQ6VDQUCOqftmQ,5,
piovihTkVbW_puHqHnr-Tw,6,-4.5167118337850224e-05
pj8OvpfQP9SA9zlIJT7ITA,22,0.0016894729964343715
pj8Y-5vfbRitnnm2xJFH9w,130,0.00024283549187103804
pjv_YuCBjeo6-p9GI56qGw,20,-0.0013858267716535433
pl5Aa-czd1t0eQBCCFUfTw,9,-0.05614035087719297
pl6w93RCu8Fgb2o8Vr9sRg,8,-0.0018501387604070308
plA_FPraevpXY2Dpb4f-cg,10,0.0018690768690768687
plZhoa-_fMtBdo_Hdkx8Zw,3,
pm1bStJuol5XmxE_atZhCQ,111,-0.06128756587380714
pmIVrqAy4gxBUqomsCL6Ig,13,-0.00055817947617003
pmXIwjsdAMjeW0xyPMRe1Q,96,0.011469674874762938
pmalaicQwRnji1zGlt0whQ,28,0.0004291796374290423
pmnaMretlgmAA96i8Z7NFw,67,-0.004719805572188368
pn9hOl3QxvBCQWt0Sh1rrQ,7,-0.01596638655462185
pnDQc8_jio712w3x1gPkEg,14,-0.004384362440628424
pnDavnO86ecVdnecksUW9w,34,-0.047089179164650864
pnKLDu8o3zG-Y8SUQXJhtQ,14,-0.0029815229563269876
pnWpIvIsNnp6S2BW0pyreg,47,-0.0010477984706333523
pnZBmmQzR7bBwjhALksMjg,12,0.0016038492381716118
pngaPfFQsSWzfNKj9rAcwQ,6,-0.0018634635239606154
pnvgzxwsuYSx0PbgfF_qxQ,9,-0.00048353255558061505
poa82qNZZZlBMr9dSuMn2w,8,-0.0008457309806635143
pog-n68Vw_8tvHPHB51rZQ,41,-0.1843354918285538
pojLkG9I0ZJaNncNKqIEow,11,-0.08241758241758243
poviu-6n3iaRE4gdQz6OYw,151,0.007850996794674653
pp04uE8hzooaK-GEiZeR_Q,11,0.000437413428592258
pp5kzAaBLkr3n_iwHVNSmw,21,0.002799415774099319
ppAG_3wy1mVtRVGOvLBOig,7,-0.0033602150537634413
ppEDJRsyGcFqBw10STGDqw,87,0.005977216460933848
ppFCk9aQkM338Rgwpl2F5A,45,0.0004856155960931442
ppG9KpLkqhFouIvUYK2y5g,10,-0.002128841169937061
ppgoocYga1HPYL6lsIZvnw,61,0.0017223910840932111
pq-vWtG-d6bvzCnE-dKShQ,71,-0.0274519488002634
pq8x9lii-ZV1U4RJVG29Lg,62,-0.03853456669912367
pqN11loWgNHqSWxESd4Uwg,57,-0.004566163814923561
pqXCiGCnd36fKKsnypZn1w,7,-0.03296703296703297
pqph_vOjnhlThCuiyAaTkQ,14,-0.0014778325123152706
pr4NB_zaJxaOAto7HYh6Ag,6,0.14285714285714285
prUde8GQ1RFv4ShtiewzfQ,12,-0.0013959822948586998
prWF6l3ukkw0zLl3tl-V-g,11,0.006244218316373728
prg-VuBmLu82ixjahIhQzg,17,0.00016771019677996418
pry8OZlv4CFcz0qs2zdajQ,5,
ps0bd_rZ-IVBoV_ayQizCw,23,-0.0006672226855713093
psOSFpEcM2CLPq-smcFR3A,31,-0.01280249068352281
pt57u94p1YsiSJhGafkcmg,33,-0.00042997542997543013
ptO7ZNMB4w_G4DQgi-lLtA,8,0.011425330200145854
ptXuSpg-ScJpAyE2QoLU4Q,60,0.0017653532907770185
puByuNNYLkiEC9YjmQQAyQ,13,0.0033315705975674246
pu_KrMPGn8cJQQMQLwa95A,44,-0.00043088360929389346
pum7TsURcc2NKcYKpId9gA,43,0.004840515840046238
puv6W7v6hEZMwD6JChw8FQ,11,0.0001850102346087231
pvDeQWBMRharchOi7wi7XA,7,0.031862745098039214
pvIYKxKojjAoTH3yCethdQ,11,-0.01191151446398185
pwGKTqotn78MxL45naeS7Q,8,8.138903960933261e-05
pwIgwyZEBGcJr8k__nxabw,8,-0.00202020202020202
pwbx5FtKFTcZQuLNbHRh8g,3,
pwzx0x3qLmAXljUjJnqw7w,39,-0.002711930543361623
pxBNs2YkBIdMo9w8UVBrYw,9,-0.002815934065934066
pxZAz8pv18wK_t-m8WpN0g,53,-0.1265189672783629
pxdliCtWkCuXW9uHYk8Y9w,61,0.0005994582576358791
pxmBh8YZ6HLGQfNHvJoHzA,75,-0.06386019044246892
pxqbzJhk7ZLGYe580JDeQQ,11,0.0008403361344537815
py25llU7OUPZXPqRMw3Gtg,8,0.00012722019764273287
py3ob6RtkLi_Y8Q027Ltsg,24,0.0016385185751901516
py4dtQNWhB2bfWc8nbKf7Q,9,-0.0023488913637744265
pyM8MRVXKDRyhM7tu-3P1A,20,0.005055253302097621
pyZXqpMmAJpMd8-i0GMBQw,19,-0.0011575802837938763
py_xCryhIVIiJLqSSFv2YA,49,0.005744382441586343
pzI9Qj8T5ZSb-wkpe6f8Lw,52,-0.007245701788137138
pzZpptEBG6Yc4eI6GeScow,12,0.002795299938157081
pzhvHwe_3-4JYTC-wXDJpA,15,-0.003237742830712303
q-CEX2F1cs_AO8ToWXWRrw,5,
q-m9__XyqMhuX5cValqS2w,57,-0.07525150905432597
q-qDww0P3s7GFhyII4TYbg,11,-0.001139446554530657
q-uEumFCOWgE0axea7O8mw,51,-0.0019196025293586267
q-zV08jt6U-q05SMEuQJAQ,182,0.045528751135088946
q0KEAcD45KrL5umtdYp59w,16,-0.0005925760286225401
q0SDTH2aS9Dk5xlgU51nAQ,7,-0.0049185615223351084
q0TlPACVyrQeXp48j0bsDg,20,-0.07773279352226721
q0tB0ch5cFQQBSp5nUXRCQ,11,-0.00026828690917699054
q10gQHRRga0o0A37YsvodQ,34,-0.019246425216574475
q1VOESxR99qJvpubnNxyJQ,143,0.009185289623011227
q2YrgDuxmRuCwk4kptdjJA,5,
q2pyA_zUrp0t8d43jsA60A,6,0.005590534085974815
q3CmU1veDlGnKjfTTEuTzg,9,-0.0013750954927425534
q3DRL0fxjFskVygM3d4bHQ,8,0.00889877641824249
q3NsTN4umVlCpOmYpIKkyA,9,0.000945148942006758
q3mSq7mq8fBi_PBQQWDUDA,19,-0.002416336731506098
q40t6wDJQobul1ifFD6NSg,19,-0.002233342600315078
q43nr6E8ib2p39sVYtPGww,134,0.016256643756167654
q4AxwoWQs6rk2nkWJuYZIA,74,-0.05435862691960252
q4HVG5oZeDO2rZhpOBef1g,15,-0.0005092931697491302
q4ttY_-OKTckonnTsPnyqA,20,0.0016920643855628378
q5CXrtbyX6OYeHJtVoBJyg,9,-0.0033869885982562038
q5v3wowN5iqGHSUALGF5Rg,52,-0.07499181586965827
q6FohemIBNc0d2D37FCv3g,6,0.006968641114982578
q6UEmfjz-Q_q7LqLGkcv6w,9,-0.00208140610545791
q6qZzQbIDnl54kH-4BIA6Q,6,-0.016483516483516494
q6xmmfmt8DzOhbIC0WVbvQ,103,-0.013996490376537794
q6zdVV39mILya3Mm6B_Xyg,16,-0.04065499717673632
q7-4c6wPSCVU9Dd-64LebQ,4,
q7Ofe_Oeh5gnSqynB906_g,31,-0.06267942583732057
q83AaVgSmbH8cvPDSi9rIg,6,-0.0005549389567147614
q8IOkTMIA9iYe-DbISEiyA,9,-4.7778308647873795e-05
q8Tgqu4jDOSrkaam_E7ywA,9,-0.0024424663482414243
q8_c5OWrKEKHvuOl-6UWuQ,6,-0.02153846153846154
q9Pupuw6Z2b8WaYK-MGt4g,67,-0.05098150782361304
q9WA6PqTLnB78DWPu5YJ5A,57,-0.08882162613505895
q9qIhrRLXdmM008xZGnH9A,8,0.0015320109659732299
q9tRbDIim_Blb7DmAo6Gow,32,-0.010418676442214937
qATSs3f4s2x_Ec8qm-xjjw,55,-0.004059532700309402
qAjsqPKJwcWX97_EBHwfjw,43,0.004312668463611859
qAkSrq_5J9ru6E7gzYWXcw,32,-0.002518128064018354
qAtqgUcGrwv6yHatMb2w0Q,39,-0.0004691937276206936
qBEIkcRkuiZBRbHr2Q-vbA,12,0.0005767987668440158
qBUXnQjOkpRPdJsVA3tvQQ,14,0.0005282793325171355
qBlNMB4wo_NZuNM3R6t9cQ,5,
qBwOLby0sOJd3QG1o76W2w,58,-0.24071415980458816
qC48vqfqccfFrphukR5WkQ,10,-0.0006164943051338561
qCA5c4RsKrT90NYSUlidDw,46,-0.0014791296087319653
qCpdeQYPf9i1EZhTnQgjtg,88,-0.0416273686015605
qD5_El9SoKo0qJCdgQvivw,6,-0.011749453042703185
qDEcJ48kXdWxQGZefgG94w,40,-0.03982683982683982
qDEfOaHAOrYzdQIlgXjPng,8,0.0009098608313495697
qDRjceFNH7Mxv9M-ZvDitg,32,3.544842254519689e-05
qDkbudGRfmJvf7trQZea4g,69,-0.004185560202509354
qDoCzQxqKBYYlijWgv2TvQ,38,0.0060914896539095405
qETpOF88MbmtSyOWEDaD_A,120,-0.011061899944106801
qF1NTfE0yfbTc1kb2mX1FA,11,0.00042560435818862774
qF67yjt2u_iL2D9RaqA4JA,12,-4.018969536210928e-05
qF6rl_oEsUv9hkDkWG6f5A,10,-0.00356025461214802
qFDvyhNAyd31GxgzDqFzDA,4,
qFHIiXB-HBQrHCKLUtLRpQ,7,0.0004085801838610828
qFtso88yh_Ajcto1eyEx2w,6,-0.0019004524886877833
qFwKNXKt2fvCatrLAqDONg,26,0.0026737967914438497
qGiHlPHKvIRFd5dl3C88yQ,5,
qH4sR6U98EEfM8hUrmXMOg,6,0.000496240027484063
qHBakpsiwB0doJ39Oo_h-Q,22,0.0185084672166739
qHCfhWPyb1GXpzq9Wk3Vkg,23,0.0012006967132859926
qHPGk86iCuRrX298x4kjmw,6,-0.0004376846482109639
qHQTp_4sZjvtHL2kn3tZrw,6,0.0005628517823639789
qHe8EQyf72nWO633eGxG7A,74,-0.038915242852944884
qHhnw9Jy8Gh9xxG-1aGTfg,13,0.00152972027972028
qIOQBHxUQYM5hALXW-QWnw,10,0.0022190611664295876
qISf5ojuYbD9h71NumGUQA,141,-0.08751507113576078
qIYZ8uTzQcBkdH-lC3loug,12,-0.004032258064516129
qIdZY9IGSCNMIpXFy__02w,5,
qJglI8CU27H6p5OrEH-K8Q,9,-0.003885291396854764
qJvM5u83AB8utZItF2N8Ag,28,0.002880701388164076
qJxOT7bo-PdW1-xx3nK8SQ,75,-0.042819148936170205
qK7E1up_L7JlJ8yhV6Gfxg,19,-1.448872180451128
qKEmQbAUTBkbDLl-XfhIyg,19,-0.0007193274288540222
qKiz-h7IJb7DRHnqDktGMw,21,0.00026490066225165574
qKtkYb9lyQj_psgyg_wQlA,14,-0.04347826086956521
qL2h5u9j0fAzRU5K7Ya2fw,9,-0.005882352941176467
qM7Uh41I8wStZMXeoyDTYQ,6,-0.44047619047619047
qMlco2xbB0h9CTMQxazfuQ,15,-0.0010672765389746525
qNdDhnauAdhkWyZJHVqUNQ,23,-0.001881846053257501
qNeQK4ZJxIxUn-FXqKUaJQ,7,0.0028893587033121913
qNuF6SJ0VoxiMOVDxlG0oA,49,0.00048205338938850346
qO6gH-xJlkKK58tnSMs1oQ,40,-0.004141370884449706
qOCZYVpQ_H0BabYkWcbXhA,61,-0.022522396416573366
qOCmelKvctDndw85CFk9jw,9,-0.008537522410996333
qONVcsU_vo3KFve4PtZqpg,27,0.0021908471275559876
qOV8y_XNg9qLdPMsj9xUCA,8,0.006770708283313328
qOgjA3ZyLo8jFDgaLIh2NQ,13,-0.0024531024531024527
qOmeW59kdVvqHHlRCsCs9g,5,
qOrNC_PsAHf-LPsyyzBIUw,4,
qOrzaDT6Q92tVnBziWw8NA,71,0.031495152813525884
qP1OtBf20pNb_W_wDTW10g,15,-0.0010017472335468833
qP954Yf1Qa5Ckkw4RU6w7A,9,0.16666666666666669
qPBf1UrJeuMNy2EvBlGThg,17,0.003279844824545935
qPMyI7vtwLXCeWYCxgfU3A,64,-0.0007864622745942945
qPPBosvZZnHCgZKMq0wvgg,68,0.00792261154103009
qPRhgIbdFdnA2n3rn69jow,5,
qPXZFVTkXNvb9PR2Muz8CQ,10,-0.0011898549211982053
qPsx07yvXAP9S9EJT5ghZg,6,0.00023136321132137316
qPwqwuSFxE8mnYXnInyvSA,7,0.005361636940584309
qQO7ErS_RAN4Vs1uX0L55Q,180,0.05656339430135623
qQkBiAiK_LG1fnXQlQ5NVA,38,0.001283368367814639
qQm87XmomCWkVYYu7Eeu9g,9,0.0031732136995294893
qR-8OYSnYucZUhPpZ6CLJg,4,
qRgeV1CMZawRblc2qjHo_g,152,-0.0009849380840114997
qSeAn4hZV7QzpdqyHQ0ZKg,12,0.0005936920222634507
qSjUgS1CG2_-MzSWHjvO0w,8,-5.467667857403221e-05
qT37Sz23qPG08y9Q97QVnw,9,-0.0016299489983700518
qT726FrfU1mOhctIb6v4-w,55,-0.0046888595275692046
qTb5bEgZdrwx2A3mNVK5mg,82,0.001035716527524952
qU04_z622p49wEIFB-9U5w,35,-0.2141114982578398
qU_CC7nJ-rOfCusuapOW8g,5,
qVfXOR_ZQchCCqj5VRz8tA,14,0.0019593613933236572
qWHFayi0d2bDnMs0nQXWHw,6,0.017826086956521738
qWTzwt7IyrElM2g9nVHm2Q,39,0.003955064621999132
qWWS8jR0w87J3L_6GUHWew,14,-0.001110461718293396
qY-BUQY-SFBaSrFHowF3nA,77,-0.3968611573665938
qYGM6V73aSxc_1Pr_W28NQ,11,0.004612159329140462
qYREpGOZQ_Xio8Vo-a0TmQ,32,-0.1144454879194058
qYTB5zSzKXGHOv-XYHKiHg,6,-0.010638297872340425
qYVfM4fkcJIW1GhW3pXDTw,5,
qYuVkDQ5SJj5SrYv3SGc6g,9,0.0011689070718877846
qZN7FFXvMOPGq4m36rzd6Q,11,0.0011033880020210572
qZk3lDvVwOV6FcCnDOyo4Q,7,0.0004968383017163504
qZmJGx9UOd6JaE1gMJh2jg,11,-0.0004745500562429697
q_ETKH71b9B7-vPJ4__-8w,10,0.001876425461331122
q_aNiAml3tAeafeWDAeirQ,7,0.0005185825410544512
q_qyyit3Ffz0spmmH28u9w,5,
qa4nHJFfq3LAzgq_xagfag,8,-0.0003496503496503494
qaDImxPguQz0jToNYvB1Eg,137,0.012667197056337325
qaEqiGzQ67ief_yoKP97Hw,16,0.002701752844528401
qaFizW202p1-BJzmai_Z_g,26,-0.011376728110599081
qaPADjsU6c0Ufho0zdL6Yw,16,-0.004759386567953464
qauNuzGr6cmAuT7K7FzX5w,32,0.002665617623918175
qbt1zCsv5aDQoGGjTfbV2A,5,
qcBnk_bxSGxCqu1Qn1BpeA,8,-0.10714285714285714
qcguEeAMP0XwFLYqhwX2hg,103,-0.03208688951460637
qci60H4AWEOcXZcJg4E2EQ,12,0.0008396098283738729
qcn10016DUkbgCbQi9L1WA,144,0.009935985092545813
qco6vin5bT7cD7miX55aoQ,6,-0.024249165739710792
qd-K8ZNpgyNTlYWBgXm2uA,26,0.0019633368944609133
qd6t6bkXt5CIEjJdWbYTsw,5,
qdh-HkVRCqqPghhLagfEpw,60,0.0006431663574520734
qdiuVbeHgis5LOgDJMBfcw,78,0.005473316942287874
qdpKQPyOj0ZR5KGuIoeqsA,5,
qeGoudzR2NO9KtLdmSHtpQ,10,-0.00034355078825819746
qesrSLuacbxAcLz0P6DBVQ,11,0.06813186813186814
qfAEbGBZSq4oi6nkr9gOiQ,19,0.005506701955092632
qfFKVxDqFbPtBTlKGQDapQ,9,0.0010705510705510705
qg32q52ZMmNMDH0aPik3_Q,16,-0.001339477726574501
qg4dxUN2myUvbyIm03T9oA,4,
qg6TJc2izTA52XFHAxdVjQ,50,0.0008113622014787147
qgF_Qvv6qzUd6OY2DgL-IA,6,-0.023715415019762844
qgQne6KhPvazQw9GLkov2g,22,0.002202744781455425
qgfjq8YSs3sXK2SNcoaCXw,17,-0.0013510096449084268
qgwz0S9BwI8NQx4LZjVqqQ,5,
qh7T0rql3chxxuORLMse2Q,36,-0.04221032132424538
qhf7MH_J7CS4pR3v5uiawg,8,-0.0010121457489878536
qiWuEwOfZDhad1kdyCDAIA,14,-0.27205882352941174
qievsN2fQbRZXywsQFf1AQ,8,-0.005944055944055945
qjGS_7iaQDpbVhS6W8qkHQ,76,-0.07033709751899585
qjIN4UbE96Cq6JKwLIQ9VQ,104,0.009899575889423605
qjivA_eSsUd73NuPY8_PRg,9,-0.029870129870129877
qkSW7Q-GkEKtmPsloM611g,9,-0.0004909180166912122
qkpxKfh3IHJBYIRBITaL0Q,7,9.720337781737939e-05
qlU5YwDLNDXuY48y5zgvjg,6,0.003891402714932127
qluIWCzDpeZfddykm_2gYg,23,-0.00013337525126944682
qmNgEkCHUP6Hjg233Um34A,8,2.7908880605808804e-05
qmsdbXMG6DCNXEEZJz4d5g,37,0.0051788157123314445
qnEptTv8V6bztl_ds6gvZA,15,0.0008017267961763805
qnVbh30JVGjen-vkLVzC3Q,24,-0.002465777465777464
qnlupHx2Oyle1fQtxDeeRQ,34,-0.23641456582633047
qnprJxrjwuEivitA8V2aEQ,24,0.08521739130434783
qoDCMcS3xKHsTNxQnuEZQQ,7,0.007863247863247864
qoHgAxwNTiNCli9d7RQl2w,37,-0.04959024204307224
qoX8zXR3pAF8hoaAYOfxNg,9,0.004596032897919689
qok5k7BMwX85McARwxzIpw,18,-0.0006040411481862538
qot32tHVWZpiJibLTwQGyw,44,0.0024730319807381
qp-mPpFUvi2AmDAKKMGH6g,5,
qpdJ_lw-BTw1HaXWIomPGQ,18,-0.0011204481792717082
qqIYDxwJjCQxpPKN5oaUqw,8,0.0036242826940501367
qqX8KlCbK6uWEe-6bVPa6w,45,-0.030848431638598448
qqtgxV6EoaYtjdh5l1cbRQ,7,-0.022058823529411766
qr7meXBoHjezOYUWMj9O4w,61,-0.032570593962999016
qrQV_pWhwPrti3Dlz1WVgw,67,0.004094992092134268
qrVCN6M272dDdEKPB1E44w,14,-0.000820209973753281
qrj59uv5by9NUCzLOpeSHQ,6,0.0011567379988432615
qsAZNQ-6P4I9r7onkBZJ_g,98,-0.042365587284585816
qsm7SkX60JsajT7Yz248FA,157,0.01703296703296704
qswhfcTS2jZozSzswsNSrA,62,0.004926537275530567
qt-lApHa14LT6Jqpq0J-Yw,5,
qtNCq2sRvDFHZK9V8kKYoQ,20,0.003552708211997671
qtb3rdHLyz1qWlMjaoTSsg,12,0.03529411764705882
qtg5d6UmDVFeUw5ZKVBl4Q,104,-0.0010159909325540408
qtyNbCXut-RQnnEQNJ9UzA,106,-0.02137718439786165
qu0vPdKO4NN9Ucs51-BInA,36,-0.0031989063568010935
qv5rrPaZkj-Gxegu7MmuDg,8,0.0007778861218542175
qv6TSnK4iXZAXxG13mjv-w,5,
qvfkT03PHLf4_Ejs4gtAFQ,37,-0.006740095347690283
qwF3lZOtK8H3eVzcZIg8Gw,30,0.0054243471582181265
qwPpnCgmvrm1WsrmyyhuvQ,12,-0.009090909090909089
qwZlIVWDkq62o8uXTD-Ccw,19,-0.00020806682798267642
qwh9F8qRYSRe2uGgHdXhTA,9,0.00255765609864934
qwwGSvbeqYBY4JREsM4QfA,11,-0.006352143077397472
qxUTCnTv7TspftbUJFDMhw,7,-0.0003526714865103155
qxj6z-4cpM7OSROq8LKTAQ,11,0.0023477844673401014
qxpllw12v4B2seew25aWVQ,7,-0.0027682843472317162
qy1pjoe6uuESf7kmLvFqzA,7,0.004101161995898838
qyHFUF1ZuPh0IJv1dT4s_g,17,4.514202375164939e-05
qz4q9Bx1yTTQyszX9SseKw,5,
qzFBDBxFQFZ0D9erZ-4pCA,52,0.006947131608548931
qzbM4egnlq5vLabJQjWgxQ,7,0.0003172924378635642
r-SJgc58C_fuOtbwn-TW8w,14,-0.0005071119356833644
r-kln94enJMMmCWmzbXO2g,43,-0.14505724883083373
r0Gz71sm-Wsh4J4kjiaViw,3,
r0c0vH7lfpy-Ozjo7R1sBA,14,-0.018574448807006937
r0v7afVT1OHM6y_52xFJ2A,24,0.001772273527998719
r1JBMs5FJlM4AgDvgx08NA,6,-0.00021355109850685093
r1XZyqd0JU4GGJhBBGcG7A,28,-0.031760715386987354
r1g9VYLve8rfL3NUqA4uWw,34,-0.0024484657749803307
r1zaqHAYnfoeEwOR2DA_Pw,8,-0.014035087719298235
r28TgTsWsmRH7nzrWEgVHQ,47,0.005158324821246168
r2AhwhhigE1k4dIL5uZKrg,11,-0.00011254743070293915
r2Q0R0o2ozazmsZb6EiFfg,122,0.0034491053551340372
r2cjbHG_WGWUkaPCbLpo-A,14,-0.0330827067669173
r31Y2oLzaYYk30KkCub-6g,8,-0.006899180484086144
r3X75SK37buS94mDls3q_Q,56,-0.1825279198413527
r4D7_LX3JowSbx4QUpoaNg,67,-0.0014079424936854841
r4Kx92NJW2aJjofpEuqM6Q,13,0.02272727272727273
r4eDzodjjoxk79ydS7V67Q,100,0.004743865592382348
r4gAaKt-6w_YYoY2TQIegA,51,0.000958928192260536
r5LcXzYJaNRJHCS1TGs57A,7,0.0019207683073229293
r5thRhSnNss1SabpD-varw,40,0.00309100548836839
r5yb5JfWV4TryNZlMBHPng,63,-0.0034826773081806633
r6L5i18RTx6u6a3xeKLQ9g,23,-0.0026707648234907946
r6efoqznBpXCFzJWq3WVeQ,9,-0.0006151742993848254
r6gFO9a67llZRUf_jagDjA,3,
r6urzh91dq72mEREmoE-1g,58,0.0012535851245528676
r7COrPGn1xGBlJolaygAtA,6,-0.05774493705528188
r7OYWCI1l5KHj06qnub_Gg,4,
r7PzCQmfs2jq-VmZjUwKjg,32,-0.05351715154146765
r7Qy5_hyaubznXyzDCR27w,25,-0.003957528957528956
r7nuOK2VR0Xw4n8vv4w8AQ,20,-0.0002775556115536175
r84vJL6dZPBrOPTcCeeR4g,7,-0.06071428571428571
r8T7RHYAOjimXcORIdqUPQ,11,0.0011691633175009133
r8fkTzV-yHIGKXvRm2NkzA,27,-0.0032398293963254595
r8gB1EKj-YDfmfOm30TSHA,5,
r8rY6hJGtmVkJw1L--EDwg,86,0.0052871910828158975
r9RdpSEb2-0SGD_UcvnDkA,102,0.007817884999093055
r9tA8yW_grASyrJ-zN9dvg,16,-0.0024844720496894415
rASuqLwbsV25f8-BHWpRCA,8,-0.0011039430053514554
rAUaBd1BMOrY9K6kZzcEEw,48,-0.0004738664668597241
rAm_joyUPB5H9P_HD4TtbA,13,-0.0020554405101183035
rApVTXXz2sUrNfDAMAIeNQ,6,0.033823529411764704
rAwVC-c9Ei_XQknEpYRYHQ,7,0.000946421999053578
rBIwGqpV2CKq8UBJ5SLSOQ,25,0.0007969699360845889
rCXBILLkjEWQsNpsDo4oeQ,38,-0.006383226557949913
rCjSWBrL9DWMZ_ETu5AElg,8,0.027472527472527482
rD85GRZ7VA1ImLdyKDqsZQ,17,0.0004397165057559163
rDNXWP86KQj13D4aBT8YJQ,5,
rDYU2Zsj1rKYcP31F4OZTA,5,
rEAZzCiwOd-zEfN-4thlbw,13,0.0017466490728522811
rEHsV4FrD4ndG_Ui0JxvsQ,34,-0.015283267457180503
rEi5BZ-kgk7zlS9Sc40smw,37,-0.036811201445347795
rEpuFGVZfOcKWFcFlouFLg,19,-0.00010812429303346869
rEwL8Wbm_Ym7p7GDVsE72A,7,0.00021446651454506914
rFX9WHuPEb5-cZ4yN1uK6w,58,-0.0010476009474762542
rHC2W65Y1JSvk7MCsEG1BA,13,0.001620430386310603
rHLJ0CW60VNonqIL5_jE4Q,4,
rI8yDXsFbVfc-rw3po5XFA,10,-0.19323308270676695
rIUDqviGWQBpPOSBw2I2Ng,4,
rIqkOMxkeoqvUzl909gNmQ,74,-0.010529837820815619
rJD6RS9k88bnvx6YLqqF5g,8,0.0004947433518862092
rJSLcfePsO1pdNMnauXg8A,95,-0.005957401377248705
rJrocVFQJew1tO_Nv1IkDw,6,0.0008968878890138733
rJvdnDnATyYo9bOKzdn3lw,6,-0.0024048555178073825
rK-F9iJA3023_puvYBzw5A,5,
rK4MQ-vybY5KXI73o-0mlw,134,-0.0024263805889552883
rKHK9NryBZ0BKS7PnHsZdw,8,-1.0952380952380953
rKbTMJ7RMi06I2cW18toog,12,-0.001742576963815902
rKggQN5KT6AtOlmuJ8NAZQ,78,-0.025789134772934482
rKm8EyKQRHxidls2Pns_cw,18,-0.008448967005858772
rKmDniVMLBN_WS8RaU-IGA,26,-0.007337526205450735
rKmhinfeHb-PoL0mZNBBzA,4,
rKt59L8Cs-mZOA0qCp1VOg,14,0.0015181172263921212
rLbg6S9R21EEaADs7k67ug,85,-0.007373054483128756
rLhvrwxGREfdE1eMr3bG5Q,12,0.0017225962549968447
rLpW8LAQSM9ReTl5YAQLDg,23,-0.0007326007326007326
rMWdWJHblLHt_BQ2kWj5Bg,47,-0.0009228679897527704
rMokmPwVXuftCVKVgSBlPg,34,0.002288034546099062
rN3tOWABU_hSBvLdADSb4Q,39,0.005365402405180388
rN5OJ7lPrvgEju-fSskS2g,6,-0.0031938211042688656
rNIb5eQtEHf8UvGCISvuYw,6,-0.0008952794357026588
rNPddzp4s_Zgj3nrZcYZaA,92,0.02387938370867152
rO5bnXKVrfftnF75T-ZtGw,20,-0.001356483993488877
rOQ6I3QglJeXev8Wsx9hkw,63,0.022092058884511715
rOZbHxErnT_BRanPVYWJ_Q,8,-0.0015492607539735665
rOdN7PFexB8MNqQDmCKQAA,55,0.004251940010453942
rOh8NovXVn48p8I-ZYEpQA,64,-0.08966507177033493
rOspf7E1Y8YAbVXTZyl-tQ,92,-0.05846983205473773
rPltlVa25codBAOoJO8g6g,5,
rPvFnIN-xVz6WXIocw0Bng,50,0.00037059714479069274
rQ2CSHRkZSn5WCu7OfVI-Q,68,-0.057087372655395104
rQBSBF5uwB5lPx0RfnjlQA,14,0.0036014934310168714
rQKL-bO8Xup4gCPcj_oz6w,10,-0.5090909090909091
rQW9iupvhk6ScPn2VPNLVQ,138,0.015320306108227322
rS2z1SZHNFHIU0_KWcUgsw,7,4.823461315840238e-05
rSHtNeAzQvQiV1aw4a_mJA,36,-0.0036812639006058748
rSINuOQHJo0wp6OdcT38DQ,5,
rSV7D00UpdZyQ4CXu5OWBg,60,0.0010478863147838546
rTKDUHlkWvatEfHOxD_O2g,25,0.0052597887549343855
rTM2dVxWv2HSxt56EpSRmQ,18,-0.0006781437356472418
rTUHCFIW-spCQyUdwM9U_Q,4,
rU1Vsh8WRfOw57_5VpuR8w,7,-0.3166666666666667
rUqWq9jO9xtiRlDWItCdkg,13,0.010542398777692892
rV8OE1EeyJiLmBApu9wnGw,66,-0.0008289832233494205
rVGxva6cx2eID4ghDLVHJg,169,0.0017144728477586665
rVUQMiFeHaLbGZYnqVXRTw,18,-0.34055727554179566
rVfe1LHo55A2fworkm_jVw,50,-0.034298642533936656
rWA6yZrumwkHocyfXKPgxg,23,-0.007611916126020558
rWM-uozynAKGxkI97twfrw,6,0.0026244423060099724
rWn5btW4MA4ep9y4aLTJrg,10,-0.0013026487190620926
rXccINIuDtydUq0TpN3qQQ,10,-0.0005486379466628498
rXtCbAdbixJbk23uwXcCmg,4,
rY3bChlXDbRYKKHmGdLLeA,7,-0.0008896015463691089
rYqmaOIULRouz_1db07OdQ,137,-0.02931034482758621
rZkwiLIUO50ozobE0sVp3A,32,-0.0007239819004524861
rZlmMVYGaf1q6q0KoJh31Q,31,-0.1410204081632653
rZre3HdC3fDO93pkvjpw8g,21,-0.0013361462728551333
r_TpYNbdgABMwT4qhln5GA,7,-0.0008653874847065143
r_oscENLKdrF2KNyWP4oow,63,-0.008586858685868589
ra0Xp7uUxkdVxawtdZSrEQ,6,-0.00035868893011750154
ra6Ejpr6Y5nJL1Um6pzTdg,70,0.0022260229979556554
raHciir1e_YjipSBSqcZKA,17,-0.005574912891986063
raSL4fsUyZHUNMH6kTfPFw,19,0.00040108601752437343
rabf02tlGDa8DcsYKal_kA,6,0.0059587471352177245
rac127HhFxS1RtWA1Rf61Q,12,-0.015789473684210527
rajhXVhe25WptAZx26UqTA,54,-0.15646875810215194
rbZAoFpfbccaIwHnOskVQQ,27,-5.4623168416883275e-06
rc8c-tp32B71Y-yx2AFZCA,30,0.0005824111822947004
rcjVayUW3WjF5CL-SBMy-A,67,0.0073506076502324194
rcmvoFr_DyXdaxoTvHJEHQ,5,
rcvQhLs6p1srhMf731740A,6,0.0004320852304239595
rdCr5KnqfT5IsTOCfCmwfA,13,-0.09705882352941177
rdDC5Ts8NZjuGHJn4bqMAQ,18,-0.10230769230769234
rdGJPaAKsf2ZUK9MWC7wcA,5,
rdS9Uy5sDv97k6phZTceWA,38,-0.00028839176626002395
rdTz0qIjmCub1LOUh31-8Q,9,0.001280950336338915
rdu6x5W5k7ChRskiRR332A,34,0.003913803145020383
reEclSKK_RR3W4EFPOzhig,6,0.0007722007722007727
reY1jB3RJ5FZiK1Nx6szYA,16,0.0016871899473697466
rf0jA1JNEBenyjvJhgr08Q,6,-0.03676470588235294
rf61wwRstw_Xhk7CX1slAw,10,0.001261895998738104
rfFJTymwtgcnSdb1BXb7xw,5,
rfGQVPUlQgqfM3Ffewze3A,4,
rfTMA-0we0qbNp3iBgGWTw,70,0.0015916129098634728
rf_fD5vt0VIu6kQWl017Pg,34,-0.0006493742064211861
rfoXDskPG0IK7F1xEEmkKA,9,-0.001948051948051948
rg2irwT6v80vQ0sGXmJ7Yg,6,-0.0007011552097528428
rg6z4zFMxjj16qAnJ65gxg,8,0.02142857142857143
rgSHLh2Le0Un82FDxbq0mg,31,-0.6482578397212544
rgeuy1qbw6Z8B6CSVANHIA,105,-0.13073507201947565
rgi47E4VY0jdatSo8Oeotg,18,0.0009075710532600906
rgkRwY28yIhw7V7ji1WP9A,42,-0.10726260420191332
rgkz13vQnU2WFZBQBMqMAg,82,-0.004188185693484123
rh3C_JK4NAoUJ-HNStvHtw,5,
rh3c8tgPyPXD4vj7nC0TuQ,6,-0.04242424242424241
rha33rq2sF-OpIL0peRVfA,55,0.013729283839520063
rhdzgIxt3PikpHXm_QNCew,89,-0.041174274041207236
rhpvLGLQ0QEnyhvXkYSEOw,6,-0.0005646243291592127
ri8K3WLymceKlwVKtLg3ng,47,0.002963976288189695
riAkNe1cAKEyQHYxk_JDzg,20,0.0018454095437598975
riJXTWzl2sz2iJSBHL2MsA,27,-0.022657635865183032
riUK6fmBtiMK5hSzG_5ZUg,9,0.01929824561403509
rihNdO3UwfK9XljS0RlT3w,16,-0.0934065934065934
rj8IQHt0PkVkxrtqVjS9AQ,68,0.0021558059774620286
rjObkBLqlve8SAN9hUYygQ,9,0.00046669719277235734
rjWmcVqhXlevrXDPRNUrrQ,10,0.0018280816076621988
rjYVuidceTNQGUmjZ61KQg,46,-0.025729646697388635
rjdUiKAXXYHIH20zVTcPXw,41,-0.014336020758039109
rjioWnWXnEbPc_0ocmoQEw,66,0.01147616751065027
rjjK00bgGHNOJWMgUXT-ng,12,-0.0009622955122036567
rjuWz_AD3WfXJc03AhIO_w,64,-7.149559855221421e-05
rjzbEpSKOkh2pQ0IPQUJ0Q,17,0.000613360593804169
rkf0KYNWsyExnVdETNh8sg,9,0.0024193548387096767
rkjrt-VYxSkJWqYTOz_KFQ,13,0.004274753379612715
rkrnerPoeac_y2rkhshQcg,6,-0.07142857142857142
rlKk3ynwimKAa70zhpAntA,50,-0.0014098086010968687
rm2XUoqkJn-d5gByPUwamw,31,0.0001625245744989152
rmISjUzhZidf5MlqwmOqvA,5,
rmJt2wCN7UC6OFTPwVQGQQ,13,4.468474909513419e-05
rmbVGeRc6xel5blLNshuCw,12,-0.004374070510016619
rnDidItx4G8a-KWy5w1rrA,8,-0.0005689900426742536
rnIvR9CYTr6mIe4BthsaMw,17,0.00030242142168822913
rneH08TZ6SvtGNMHU3uT1g,13,0.0009936766034327011
rnecTemi_wnY5fjBng77Kw,21,-0.031519699812382736
rnuta1am6q927PookCxjbg,5,
rnwZzizgpjocPOeND0luSA,26,0.0006205277280858673
roc-xyyzN5b_nImb0NdRLQ,57,-0.0031872618771251826
rowZsHs7UFgiL4Okqnk_Jg,23,0.0003953784650529365
rpKsCkLKypkHsuwPyxPwKw,14,-0.0007290223809870963
rpbACUkHJYSnvP6s0myyLg,15,0.008695652173913044
rq73JstJMaLKwx7HLBra_Q,8,-0.010989010989010992
rqjouguO0SV-hvxe7lqLpw,31,3.1471282454759793e-06
rr2qxdybSNlCwUzv5Dru1g,5,
rrCKrOzfMQWwxtLIEk-yVA,47,0.004802155466292089
rrNikwFH9Gk31dbV332F4A,8,0.030000000000000002
rrOKLSaAF5lMcAnDNbYs3w,29,9.266981744046086e-06
rsUBdaoZIgZLUwKMQAPnzQ,29,-0.008288166214995481
rsgCRaeN0eOIxIidvu6f8g,24,-0.000693889028884044
rskpT6uTFJvcFhRJ2tEBwQ,37,0.011168702949524868
rtMJvbYm2ECSE9xLTn7C6A,5,
rtrBo_A1IRKBK_GM-T8kqg,7,-0.0007215007215007217
ruItzjauKbybM6Sdt9An8A,8,-0.7857142857142857
ruPaJWpkFnyBxsN_LnnmQw,2,
ruQWtqKfDkzniJ7-fDr9Vg,6,-0.2833333333333333
rvbf15JuvNJyhO2Q5zIapQ,46,-0.08438434059925641
rvceeMn_mPxVGOToGWWMGg,11,-0.0011066398390342054
rvz1I1whB8zG_BH0TIMMow,3,
rw1ILpG1NZ2bqHFLRpuRqQ,7,0.0005534984921937627
rw9kvFyt-xhzRmCQc0jM1w,36,0.0020308537648377825
rwextTfRrg2YNoe96SLYoQ,6,0.015579178885630499
rxZrMZzxazo5EeGAgMgmpA,11,0.001207219878105954
rxqcQ3fMMFsmKFo3EsBnEQ,38,4.7999616003071834e-05
ry5vJHVytH0LvqgheGj-8Q,5,
ryGCYr4qNQnDVtji9RmbEA,50,0.005020785665946957
ryX7m8H7_nnF3C8gWWQEiQ,37,0.0016288013142419777
rytqWB6v6AAAxZiqy7Flww,20,-0.0022330801236782835
rzDTtIfcxUwQBLKG1RSQGw,7,-0.002268602540834847
rzFuz9Fh-Nmf_rmO4U2KQA,35,0.001869203589417643
rzOz2hCJmJCe0d0QkMs4wQ,43,0.0033789941915035432
rz_an69uzlVtRzkRSMqrsw,12,-0.0009740259740259739
rzbIq9mF4s0l9SL-j7XDHA,11,0.024999999999999998
rzms0oQmxwVpSKCnRj_teA,14,0.0005025933818503479
s-3ixnJ-nkFRLKL9gW_-wQ,17,0.0011018926626912104
s-3wrVMDgwj-Ts-y4BpG3g,28,-0.002687148127083844
s-6xfRvPnqrcNH_g3JReNA,7,-0.0048145311303206045
s-Ff-8M5-AR-5jl59lCj1w,102,-0.04432855280312903
s-uc3_JdpgYQk0iJr89BnQ,4,
s1PNBO9o5jIgNd5YWUDLXQ,79,-0.0016806287180208556
s1w3w_1bwLQucJFUll6UkQ,5,
s2J1lRgd4CagG4TjTUYQhA,8,0.04155844155844155
s2JiYzE7i68cXIV6YEcVTw,137,-0.029110938619536668
s2SXh9n7NSnXzQXM2FEUDg,4,
s2TjkCMtPygI4FiaS0jWLg,31,-0.0005914989376150369
s30pUay0opzvriFweACWEA,52,-0.03540372670807453
s31xRRK18423dHmiey1VXQ,36,0.00024506326501657407
s3Q1J4XEVOBiZy9dYUpqpg,35,-0.01656095842142354
s3SfymhlGFQGh2Z4OnwF4w,25,0.0018849358203406879
s3_l6m4HDxhz_V9T1HKyFg,21,0.004426377597109305
s42lXutnE21A5diFS9jckg,31,0.002656892327008365
s4Sv0RRwKKJgSN51J0uWWA,38,-0.010557133683786638
s4V0kpHHzUyEKmKBgKwSUw,51,-0.08290011996677846
s4YwjZUo_L6GftlLiMaowA,6,-0.0010570824524312908
s515mv2trPAapuc4-vmGBg,5,
s55Hw6gHhQzZctinFhPu-g,9,-0.003028619060850236
s59By5sG7zK4yKBFA7ZpSg,5,
s59Ye_3f6LLRX46GqDy3IQ,37,-0.008352462051092186
s5K7M7BBFDbFkvv14XwkgA,9,-0.15588235294117647
s5LHJu6ALBj0ujBZODHK5A,9,-0.43030303030303035
s5fhYkNDZd2oyyD5M_S-4Q,15,-0.016230717639168342
s5nduiTPNps4_2p9ZoHDbA,12,-0.011166138607770156
s5wxHX-OEUctxVxgwTbvpw,14,0.000688711731685457
s6CzgNXoBP98pUHuSY8JAQ,30,-0.026889952153110047
s6It5dhPEdLeiaPSXEw6aw,15,-0.017259541366177786
s6Nb9L-4r9MkLPy07ajIeg,24,0.00031725585611373514
s6eWF8rflISryRAUeOpqjA,19,0.03993872414925047
s6ie5feRENx2WdxfUL5WKw,4,
s6nOfGZJpkZ3JplCO9lGiA,47,0.001757592800899886
s7GZ95hHqmr9WreRU62iBQ,38,0.0009134445567083142
s7mCeZmcgSLNhoUytsAkwg,5,
s7y1DzPheW7UrOlLHNHpyQ,10,-0.005889459377831472
s8FLEVtQMV84fKUgjMPKaA,5,
s8MTunfjxZslRLcjlTiCJg,76,0.011745408152933316
s8NjvzYuOefJMCPp_119cQ,25,-0.0298303229337712
s8P133LRpPSuypuVCwUzEA,17,0.004904796970334526
s8bRGBrGXoFuumL-QF6_YQ,6,0.0071480938416422285
s8fPo7SUAHCRal8uX9XLpQ,39,0.0004492680821559208
s9KeAEPqjJdikulW8KQDWw,5,
s9ceDy-cVHe0uzvZpWq87Q,125,-0.00344894157670373
s9iwGRuF3MubGbFiuthmzA,10,0.0010610079575596818
s9kgpFnusx0hirEYs7L6qQ,31,-0.09959514170040486
s9qB7VvbbSNTp3u8InMG0w,13,-0.00016474102710539018
sAEf2gPg15otqUS198Ilrw,45,0.006126727227644658
sAHzX-w3I13Yvp5d-Jb9hg,72,-0.014363446885570778
sBAjMAHmouAENKGzhv6O3w,18,-0.0017885482530166016
sBJ6be1Oq4hxN_KKXDHmqA,6,0.0007007485268354835
sBZClv18j7gr1HIGIMXNcA,101,0.006840741478971498
sBtVDqQEll-83ywL6yml9g,40,-0.010186757215619692
sC45E7YvilOD4mAngrr3dw,16,-0.0006669006669006664
sCPx4Sy4I1wMeZwsTzCFRg,17,-0.022307692307692306
sCmhmw-iSQEJYDQa0V-EGg,7,-0.004886877828054298
sD2yBIzp0SNYRMD4QfH9Jw,10,-0.0284090909090909
sD6MS3Wm4USoBulKswiDUA,29,-0.008168848934922803
sDCqBdVZ59kPyytHAC8r4g,20,0.005938348601951598
sDOxVq8gQBpHFYtoxwoLWw,84,-0.010139299688676487
sDaBm5V1VQMOPfCm76turg,55,0.0014893503443121762
sDi4t17ttgcIVZqd48EECA,17,-0.20526315789473684
sEA4rp2JGOR7YE_SuoJSGQ,4,
sEIHhcvPyDBiZAdBNBov9g,5,
sEf8VsIbhGwSnKte1IBm-Q,60,-0.0414239262972497
sEiFwUjk9esYl49JZFwvBw,27,0.000857207308820212
sEz9CXEHXANqXOIcJW6oeg,13,-0.031991744066047476
sFHrycouD9kCBs5oV6EXfA,17,-0.008597603946441157
sFmGnjy3JrZPBcpNXgOlDA,16,-0.0020242914979757103
sFmUHGkeSMoRvsDRQCCjgA,69,-0.0077163203589893665
sFuaxIL9f8gC_aPprKIhEQ,29,-0.004645696964372007
sGRWVnRKiajfm8Bi7gr4RQ,10,0.002153249869266972
sGWTgl_WALFonBhFwX7OMQ,53,0.007230450708711578
sGZZq3C1PLXMMkpsKJdaOQ,6,-0.0005148005148005135
sGhnk9ndDbl0Pb2vRYPSKw,4,
sHMDEnakjYpAtsAWLr-GsQ,15,0.0015634160641000586
sHUIEFqs6cxXg3CxvuSORA,20,0.002605850428103998
sHZP73HSW1eCBorgi8pUjQ,7,-0.002150023889154324
sHl8UZE_vX9vF6p9GESLVw,24,-0.0023944014540547014
sHumMO208xz2rMKYD-TrPA,33,-0.001780230766876486
sI1uXz341rPHy6by3hxURA,23,-0.08440018966334757
sIFgrjbg2klEZE2iLCkQBw,5,
sIznpP5wyo8foNJMGoQCHQ,57,-0.003953784650529366
sJ7RwRN1Pd602KDXb6oW0Q,9,0.00023117427972087852
sJDQ0lr0TNTFUnmPLrSJAQ,11,0.00447957839262187
sJJD7XjnQOffr-iCrbxvdA,82,-0.0040953207606722955
sJUe1pYicJ54xOXPDNT6hA,39,0.0007508620411846218
sJz1nAmdlu8OodhvZCUooA,16,0.000622140071681356
sKeSTwY0eqZVSKbh70SYvw,21,-0.05113636363636364
sKsPL_J5lcdAN7Plk1t-aQ,22,0.004168212739641311
sKsW3OGR6-q1DKx7kgRr0g,5,
sL6fC0P4C-gyL4E5gacUeQ,143,-0.0007589095986886039
sLz2ZKYSS8zYsQnWZbVO7g,8,-0.0012393380476780635
sMMkN5m-7C_gF7wGOZn2bg,9,-0.0005880588058805881
sMQOvU3Io0sAQbZLG8Hzlg,25,-0.0011061946902654867
sMd7MbiEjf-9kGYgCFqp5Q,19,-0.1777859237536657
sMdB3cNDCArRJEjb3Er1OQ,18,-0.0004830917874396134
sNHhtE1QRoEKWfcUTCjOrA,26,0.0015328125385051382
sNY87E6Vj6neoMfHy_1iIA,8,0.06785714285714285
sNsTaKQVajoHTltd_HK-_Q,12,0.0005310822898032199
sPLcoVQ4qyU914NZRmglng,9,-0.0005185377236193922
sPatE13elHkyLCtLDQ3qtQ,7,-3.3044633386315305e-06
sQhh7JCGpqNgf0hHWc4m8g,59,-0.10087412587412588
sQkWVgxhbiVBydK6lK4bZA,16,0.0007804116671544239
sR5w0hg9TRYFvaObwifO2g,35,0.0030984274898078045
sRDiX4oYa2VIHMWJx7cDzg,6,-0.0002004811547714515
sSECFLujBecuFCbt8c0KyA,18,0.0036226930963773074
sSxMbFH642HAM-NKCfBwGg,27,-0.001371500225317894
sTO4Q8KMEB0idJetndFx2g,37,-0.006670554786031928
sTPueJEwcRDj7ZJmG7okYA,189,0.09005929170450296
sTgS1FZk_SSW_oaxchEwJw,6,-0.0017178822658274696
sTpVyQuTsNtegVGo4Mvw3g,16,-0.0019230769230769238
sU2mvdxCe7kTaLsNLIqmbw,14,0.0008918617614269782
sUSHUBf7jtcG8m716Dk0wg,6,-0.0030346986296140785
sUUD4bOV4Vo616sLI4gwRA,7,0.0003499440089585666
sUfZtYknNx4iS1ZS9FsGoQ,14,-0.00356494684988333
sV6up2rehuTegmfo3uYUtA,19,-0.5290640394088671
sVZb87xjhbCWHQ2UXOGLrA,148,0.012598188743658234
sW2_khTBl1ugiCz8jRr9qw,17,0.0018547474881895
sWQT-pneaa7biBbIC26eVQ,10,0.0002597402597402598
sWv8M9khWppH09ZQucoFiw,17,0.0008125801135323201
sX-HF1WzCOpvePr4EMSlHA,10,-0.006151233548752298
sXC_lkNFfUfZkox-RdTJuA,5,
sXR63VUa3M1CV_n2ycorag,9,-0.03636363636363637
sXRlie2aaSWsHeuUuaz3lQ,29,0.006149258279731392
sXSGezktRDQpR6BvM1LseA,25,-0.0013752236135957064
sXVPF8-hZ6k8zK2d1O6hNQ,8,-0.0017429938482570058
sXxYeDRZN_2Rp12QF3Q0gQ,11,0.003946962688868332
sYICfcex5_jGEhWATtndyA,8,-0.0031100478468899513
sYWl8GUvtCJFSYEBA58zdQ,8,0.0005862026409971617
sYlYeHpykKr-sdE7Unuidg,16,-0.2107843137254902
sYlexNuXRw7L1UDn3P-EkA,45,-0.018772893772893772
sZS0tCE8zUk4qmK_CUaDPg,31,0.01056338028169014
sZk8wTZ9xRcE0rp3bUjN5Q,69,0.002946671648961725
s_KDMAhH9B8NBaxIC5FZ4A,7,0.00015278838808250694
s_NhHDVXGyZ1mjTu4D9fXA,6,-0.08571428571428572
s_RStWu76oxfAPhmqmUMMw,33,-0.07478991596638655
s_dMgCtQSMGBkru_nkfTpw,9,0.001645800270381473
s_nwnE9IDzSolkPp2fD9PA,5,
s_srwvcdLZ5CIWrydX8YmA,28,-0.0010386929891573853
s_ypQXJm1d94PfmY6JLzRA,17,0.004295874822190612
sa2aTTqsZ9OkiwMYr5K0Hw,8,-0.003082029397818872
saBJrl6wB1zjVGNeQxj1Pg,12,0.0037755102040816337
saS9fXK4BRcXOly3f3S_bg,20,-0.0005602240896358539
saVXla5i8TjE51S5uCaf6w,16,-0.3333333333333333
saYkSeIquHi26AtRpl8atA,44,0.0009153318077803221
saZh9MsYjYPpRxTp3-04ig,7,2.1317646402172745e-20
saqwmORYPSkqzFr9cU1ROQ,10,-0.0017739616451671692
sb8-TzsXOV7IsErbpHZo3g,167,0.028580100208854185
scAwHI2oLLu11eKNGkIWEg,8,-0.0027243589743589742
scZ4wwY8oaVH9qjzosb1gA,40,-9.22062654157351e-05
sdWuLh-auc0nC2Jy6_26AQ,144,0.0032432957322500785
sdfj6S0qzV5bx3FMDJnGIg,73,0.005336354130359009
sdgoSPed8xfctrR0NlRBHw,5,
sdk4w3iYgCVjrUs9PV8XGQ,24,9.053692331916241e-05
sf8_MU8-Xr2PQ2DCDAYZoA,6,-9.526803662103322e-05
sfBx87qlgkHZZxMaPktiCg,7,-0.0014057266852210008
sfbg2kxnvKpmlIuCUas5TA,6,-0.002210787116447494
sg4zySgp0Al1WNk-JhTbHQ,17,0.002672268427219983
sg7RckFfrTyXxyyBKY5TRQ,15,0.000649491851309284
sgDw5vVkx7HLRoIdyO8OLw,9,-0.005563618771165936
shVA_Tx1A5Q9M6xLJnV_zw,5,
shWeoleJWUr7jsMyheAyVA,27,-0.001918307480332459
shbtvcGnl-PEQOpffwYq-w,17,0.0004690431519699801
shmNcjICpPMrbo-sjJ0mQw,21,0.00027141491990432593
shuAjSIsKG6Zg8blW2fmPw,7,0.0016415868673050613
siPJQeI7zK2EwvwzN8KpUg,12,-0.01988742964352721
sixH4iwDJPWAPSId1qpxNw,16,-0.15441176470588236
sjP6Zylv_Xbpzjx_tI5_iw,25,-0.0046253469010175755
sjTU0K9HQBijcMOGcThDpQ,5,
sjem0d3HOJrJRfGqpiNOdw,22,-0.0010242184999466554
sjhKb2jJsdq7a8CHfEa0uQ,5,
sjvhHRkY-g7OHHBI8nb5wg,8,-0.003122109158186863
sjzxGfyC_IL4cKLnzgJ_7Q,6,-0.051470588235294115
sk455ItxuanT8Bq6raXLpQ,42,-0.04176745686179647
sk8_333tO0fBXupNjVZ8Pg,58,0.0019080925989434939
skIhu9uQsD1JZwGakjXNJw,10,0.0015318962687383727
skW4boArIApRw9DXKXukkA,28,0.012702300761088272
skhuBeLD__mzjRBGCDtopw,5,
sklR_i9tYQZEcfpRjpJtJQ,6,0.00568181818181818
sl0d5izjrMrJuDZY4V_-gw,10,-0.00040816326530612333
slGOgDwclwZY9loX3r31LA,17,-0.008555872439719992
slaeR4uXBKpV29ft54LPhA,10,-0.010483870967741933
smB6G7JvNWzPuxY86XafJQ,10,-0.00021766733176129156
smbRW49nmlLj7nO7PZLmJw,5,
smdNkZDu3eVW1KOljkFYwg,43,-0.0035623208237442828
smsZqRAirDU-c5uMxFaZoA,11,0.054945054945054944
sn7Tig3_rVLYv0FRguh5oQ,24,-0.00021210994730051837
so7cDDq4xywQx6WY7W5M2Q,46,0.009358478655409135
soNYYxlzBldoIQ5RP0A4dA,19,0.009641567101972769
sodCONXD2u4ljoK2c_W5OA,6,-0.00014686240931938963
sol7NcwEKzkkyO4mptirrw,5,
spGcNnwP4OTGkp-k6fGruQ,20,-0.007010804321728691
spOZBCgkoz75xmKabtuWzQ,7,0.00039735577791424334
spr67xGmXtCME70IQ_ABtw,10,-0.010175763182238668
spz7ztVQTTO-Kv_FFD6ysw,17,-0.0006233518953675514
sqUDW90sVPyCjm-jImE36A,6,-0.007112375533428164
sqkFTos0GDwLY6WWQ0Hezg,15,-0.19350649350649354
sr9RI_LHMXGZfpDApPsDEw,45,-0.009603018091400153
srGJZnh4Fc8sO8pza8Uarg,6,6.83526999316475e-05
ss1oWXeNNjq7bd2bZvR3pA,6,0.0010611614894848545
ss6bk9dau55VDXnmMGcNGQ,9,0.0002506435442351986
ssiL1F8iL-fTlkalaLzpvQ,11,-0.0020779984047689013
st57zR7LGWsv8zIoOU5rkQ,8,0.0007326897701229252
stAPGCcWDJkNWA5u3nqa8Q,21,-0.056410256410256404
stL1yXLf9C85ZccQx-ySXg,4,
stO1LBPOweqpRBFieuzCug,6,-0.0002268078815738848
stjNpLZW_Tp60UqXqN21aQ,11,-0.0017127799736495388
stmFa8G6ZVof0lFEh9cUdg,10,-0.000591946529994455
stnNDWmNgQzndXN2FBm__A,28,0.001425649541321561
su5d05lDCH9D32szc6xChg,7,-0.00048426150121065354
su6_gdnoo5W15eAOahdnuQ,4,
suFiYIZJz_MaR33LmUAzEA,13,-0.0005869856887298748
sufuurZ3BVVSqxAthIxJiQ,8,0.006715506715506713
suu00nBOfDsTOjSm_WtV8A,5,
sv87e2efXJ5dDkUZ-0PmiQ,11,0.001847078351282795
svSfJCqhRqDxbIPyEMCl8w,20,0.002293358815097946
svqHsPiOz2aFvgQxBciLXg,53,-0.018764955291549475
sw68V_AO8tKacBIIDgVdBg,10,0.0002712967986977754
swcfmflnWlhnbvPOHvPq_A,135,-0.003990581880507609
swiwJRUQHt79dJ5hqAERtQ,40,0.005404038579633711
sxBJ4-kvlc5DMj2qakOUzA,78,0.021273066556085428
sxDxM54lLvUNaya7o75b0w,8,0.014285714285714284
sxou3KK5uYsRdl2RPsErbw,76,-0.0059465946594659475
sy7ADvpBA7SfHwbY-Y_5gw,146,0.006105042645518487
syB4xhM0hiaib19fucneBA,6,0.000735883768102269
syrs_wYCUgcmwZfhuUUYtQ,27,0.002963766151621939
sz6KGCGeD75rGRFZm5JkgA,28,-0.001008465919911359
szXMdFc2VfsETETGAYKmiw,6,-0.8285714285714285
szdH65mQam5lNncCfJLUwA,71,0.01835205992509362
t-9LJ6-J1yCiSmY8OygLSA,15,0.007749694514116663
t-NGEMI5KrGJc2sfsP4BIQ,8,0.005711263881544157
t-XXKWyHmcd1ioaxlaTv5g,6,0.00014920473874250242
t-siznLJ3Mj6Ols8SAWz-Q,6,-0.047058823529411764
t0AuXEs3NV8kQ3gy76oPLA,7,0.00045681617823845283
t0Ib5nFrOAN9mbBgPMBsDQ,4,
t0u_YYND1OWPDGUL4bCWbA,12,0.010344827586206896
t1IpUoqNpeBednKVwpx3pA,34,-0.001005886531808018
t1QrCzXpmtHpPzTggqKUaQ,5,
t1eYAQHJXgzj-g-iZF0u_A,23,-0.03669354838709678
t1gF_3qcEKkWLVm62JWvvQ,5,
t217un7qMA9RdMvov4kSaA,7,0.0003213767364710761
t2IQvO-1VT-KBA0w2XtHfg,16,-0.0001928830105495197
t2KQa1plnfMoA_LOgBrUGA,25,-0.10974274767378217
t2ojMXjUgeKG0B5tmzevMA,8,-0.006563706563706564
t2skg5Emu54wQ4E-4x64Gg,6,-0.003984254992319509
t2vxEpIP8ntB4OBHrNAcVw,76,0.00628558114495882
t37dsDBpe65qUb81OSFr-g,19,0.004170827157201423
t3PkHzVTvPA8qRxKe9TIkQ,60,-0.05335801163405606
t3e6vLLB9ZzVuv0Cz4QukA,7,-0.3166666666666667
t3yrFZ2bCBhWrY8c1zM9CQ,66,-0.01255741051250273
t40e1Vl7vEfWEobf1DxRhg,32,-0.0011098612673415824
t4D5nqga9s_hRcawGNis2Q,16,-0.00023660549976339462
t4nMLWojFFBbWVgO88DwPQ,22,-0.0012028246552618618
t53GwxrCdm0z29xrYUyQYQ,8,-0.0006226708807019204
t58IPc9Y0kOIfktPBRp1Ng,30,-0.04285714285714288
t5RIuLUvE5fxr0TaRWxeQg,59,0.00011698537682789641
t5T6NYFsOqnYl0NETDgj7g,29,-0.07508710801393732
t5n5IBvXYG55xXrq6hga3Q,27,-0.0029302987197724045
t6F5E5a3Eo76wYCOQfiEzA,4,
t6KsC3otfr9PUK3d0pSS3g,5,
t6g6Lj8WzjIXXucCl9jdTQ,73,-0.15049507454570737
t6v8g8UeNiq3O2GoEc7R4Q,39,-0.09083078632953596
t7QIg4zhnzPnt5nzrXrkWA,40,-0.00033407403283036664
t7vVRlyF9_lxuL1auqVchg,14,-0.002146274777853725
t7wiijUlCStUn01v6atHgQ,22,0.0009802530600662987
t8xJ1hwM41vYwe7LxIyqaw,13,0.05054945054945054
t94UzoqQbuU0ntDqhQb60A,4,
t97vounr2-uNHEs59sNO9g,13,-0.0001596296591906776
t9BNV5xMOr9NVc_OmvdQ2Q,44,-0.0011233019853709506
t9genPFreMXsZ-znukJHuw,58,9.037560835608011e-05
tAdk9jHtoWjOL6CFmX6nCg,93,-0.003488018338627858
tB7QhPfp3FSHwY4CPNa6tA,21,-0.0022569477650479126
tBQcVd9c0EHKAXLZn_v54g,115,-0.03226593604178262
tBT4yR-8dRwH89nzjpOzOw,13,0.0004206319995793679
tBVvxMrMnfu_CZctVdK1Bw,9,0.010026737967914437
tC8i2_9ww-WoT1wZOCwRrw,36,0.007023878858474082
tCLAeZsjXFG9RumJ4Hn0Kw,24,-0.11538461538461539
tCX_WQZSUgfzL5eXjTqmbA,8,0.0034093637454982004
tDB0l01VMA2MWk3wytLVDA,6,-0.027272727272727275
tDxZHakdC1C67XVC2QUVKQ,37,0.00017069431493101105
tE0u6LlEQ9Wz9cx8_F7r3g,8,0.0003105100813034117
tERZrYIfe-nEFGKwVH9Xvg,6,-0.000286292323548498
tEUKyuUQ7a5HujyXri8Nkg,6,0.0045045045045045045
tEo6P6BFXxuGL4yImZXPvQ,9,7.762120850250776e-05
tFNSLWl2Tcaf0tkeu48JSA,7,-0.2636363636363636
tFh0DrDMTom4B3pHpDpRNQ,6,-0.0023060386945475864
tFs9MbABAZeHLhfMh_mV6g,13,-0.0014536273740986554
tG-V6cSopMoD7mfjXbAv3Q,18,0.0022962112514351325
tG5kVhwH8g10gLLjrzZiaQ,10,0.005344585091420536
tGHAPwy-v_UdCXkLV27qYQ,4,
tG_o4LxKqdo6tJGFyS-Qig,76,-0.04927590924100194
tGaPlSDHzEGHKnJkEdnDEQ,11,-0.021862348178137654
tGzu2uZYz0Yqh5F0H9jmFQ,8,-0.010483870967741933
tH3T3QZ43l3OPZrzlhsGjQ,16,-0.0344574780058651
tHPlLg-9zWJlDqE-6jcxbw,5,
tIh4p24neiyafAi-JPRDUA,7,0.004615384615384615
tIrKQRlAft3cytlm4khnKQ,11,0.0010098041834744745
tIrRQBpPou-WfYc0XkLVfA,13,0.1464285714285714
tJ8aNrenrBATz0fM3mcVcg,29,-0.0011463812806094687
tJCnUtGdyPyOGt5kudLrTA,18,-0.013431013431013428
tJH6fNXoMkgWRyN_Y76eZg,20,0.0005187424223293514
tJPaPZwRqFmDSEc8VEx9hA,49,0.0015676849335645709
tJxrkonV5iuVZUNJev0jWA,15,-0.30463980463980467
tK9rBMEepJGeaiwjti692Q,20,-0.0008199476998109098
tKL_MbA8s_ZeU4RV5m-0QQ,9,0.0008087201125175809
tKsawuzB214VPzXb1488Ew,30,-0.0012163561076604557
tL-eas27iNqrRra_BYeVwA,11,0.00012625266314211312
tL2ohHknr0_KsqhJkbHuxw,15,-0.002279635258358662
tLgw_VI8yIgiJJ9-1VcL0g,66,-0.02393320964749536
tMj79H5v1nOWmg9tsMfWiQ,29,-0.000681428336453283
tMtI6ECD6hwM-nFp2kXLKQ,111,-0.08933164996449143
tN6Mhhr_sDyk_xawdxnUyQ,7,-0.012106643356643356
tND-bS0sECbWI8GVMFT_MA,7,0.0026827632461435278
tNOFbDCqi6zWgAwn9f0saw,7,0.008893280632411064
tOOVfgPDKtt-YauqIIUx4g,6,-1.4285714285714284
tOauiBcg2nRlcNIrfRTKlA,4,
tOe1Pz28wXY3vUhc3uPBKQ,13,-0.7142857142857142
tOw7k1EIrrH5wCuvIGwTWw,8,0.000815313718539525
tPEYLu0DNf1TL01fPLg_JQ,5,
tPSA-dvionisI6hEC8J2KQ,9,0.0017631501616220987
tPjOfyMMlx8eNULcP6tGbA,5,
tPqKzAu8DAKfONM4jXxj1Q,14,-0.005494505494505495
tPu6ZX94n260wQprRVohvA,46,0.0018987643719288192
tPwlA-aW8yYA-p8jEko9HA,7,-0.017570664629488163
tQ8uGMhqDWcPfXMqukZJRg,16,-0.013709677419354837
tQKqrLs16Xi-lFrd3_CBAQ,10,-0.004395604395604396
tQYOAfl33tmP4oWpfyRr6g,37,-0.02278713384946923
tR8W8VnxEb5OsXI4tAfw5A,50,0.0026038477651380877
tRB23T77qIIOLVgz071M3w,11,-0.00364010989010989
tRe6boBlOhabw10U1yCGEQ,10,0.0014278159703860391
tRl5RxE_2XAHRcfvpCwgpQ,38,0.018987341772151896
tS-H8ddiBHAHQdSFt2eMjg,12,0.009597342274447073
tS6sIazfKc77jbEi2w0zgQ,15,0.002724916697519438
tS8uQ3F3azhluLqcoG3v-Q,25,-0.0033771106941838645
tSRICEpYkNZyeCyHYMsM7w,50,-0.049424259950575734
tThP9jkCZHTrFvwEhGeKzw,5,
tTzXJ9oXZCCL3Wip6dEoTQ,11,-0.00011435105774728352
tUVAbJGTLNgOXiBt_CNcuw,10,-0.0001509505165337989
tUcZMaE2XPp6qJK5dbZlpg,12,-0.18529411764705883
tUdahc2Pb6TJYy3ja_pvoA,8,0.0017771195853387633
tUgyIDPLZxQg7ohm8ZJPAQ,10,-0.007349454717875771
tUl_Lq8dM3T-NnM-u3szSg,5,
tVDGkK9AVU0ad-24Phrahg,37,0.0006116524984449518
tVRUWxoM2D2SghBMnN6-Ig,6,0.003849182048814627
tVo28-PBAuXb5BPS4NBGag,68,0.003866838526156719
tVrv3if79QDhZXKX-rJpqA,29,0.0009180273368140291
tVxL-Ygzwp8NMuxwvNmWRA,16,-0.007761615284411637
tW8-5eqkjnbSWoydRV_0Pg,33,-0.003191510905003948
tX5ze34YKIpUpTA6a5Mxvg,6,0.00066798872769022
tXPqXn7pUCPyXJ055woDkg,4,
tXgha5gL-3VAAsoJlY50cw,6,-0.007681465821000707
tY5UAPaV-wCW7VczqG1eWA,6,0.0006767356731981912
tY8Dll_MyoaqiCoUGLytSw,35,0.0037159502440560536
tY9O-0lBEcIN-sVPKLJllw,11,-0.00430622009569378
tYJBFNJckCFiflhRLJnLjw,5,
tYhrjhgG8nhejGdF_jfmSA,7,0.006837606837606838
tYn8hGpZiRgJ8cP2FcI_YQ,76,-0.1200245294589368
tYnfA3Ee_YSAUvNQmsHELw,6,-0.004583651642475171
tZ3Sq_Jpt81gsDDO0jQXyA,47,-0.0008834807447770904
tZTIQ_8QzFZYrMn5u_M0Fg,41,0.019449300699300696
tZaEfbKqd01CxqaWJoxX9w,6,-0.001035763142466289
tZkX-qmF2u8ROXUJKuH88A,15,-0.006200187529301454
t_DtEvtiIIg0lvtBTQy0Sg,18,-0.003444976076555025
t__uhj_OeSyWKQ4RLXIraA,8,0.0012884116993706035
t_ltOJlXvHU5ORRp9do8yw,7,-0.00018404055837210908
ta7CjdjmH9cVcwc8AQyUFg,24,-0.0741905642923219
ta8J3DO8Qq5v-BaHffwGBA,24,-0.0001917002380516389
taVKq3N2vPxeNAHYDJAL5g,27,0.001653324051514097
ta_UPt2kFRKA9kCubefQkw,6,0.002352941176470588
tbIYD0lBGRJcvNEtU-QzHw,17,0.0013018093835472338
tbKxiHU5uAfLDkwIxBnLHg,5,
tbZxopksng7TeHAylxMHmg,8,0.007936507936507936
tb_K7FlSDQgDm6znhtcByw,7,0.05779153766769866
tcDpEgmd14W4szC0DU3Pgg,33,-0.004011379800853486
tcvNBC65Gsa4cH1_gyucpQ,90,-0.06105998835177635
tdCWwSbMXBHomFe1aILUgw,70,0.0017983185721350554
tdWMEFbHKoJgEk36rCz6Mw,17,0.004632710093818616
tdXi48prLc1yx9ttCQD_xw,15,-0.0019070947423672463
td_BI5T5qP01T5QfD4j3Sg,13,0.0029052294129432985
tdg29KEyOSZ5A5GKX_fsvA,29,0.0005610491619328143
tdnwVan6owIH8JwHd6-qEA,19,-0.030492196878751505
tdt-kHYKKigMWGGN6ynV2A,27,0.0036468195525632937
teEkOtB2sWP8dijRhHeutg,5,
teGUSCn6Vlrs07qIgilFHA,7,-0.04999999999999999
teVgtcBKslM6kBYOGgko-Q,17,0.00024387864598575753
te_3sFwC4hdNJN-HtqCXQQ,27,0.006092818252527871
tejDyP6IwEvcFQ8AVxKL1Q,65,0.00445769365990859
tezJSHevV8pHSXAJKsqzFw,9,-0.01330049261083744
tf2nzjkP8XGIeU-lg767XA,55,-0.15325224748810154
tfLT9EdzxFCW8yWAQyN4Qw,11,0.001980823021081617
tflePB9FNS0kK5fPqJy-Dg,5,
tfpsjbdRWhvIR_04tKrbiQ,10,-0.03749315818281335
tg8mH91AaGjLL93Eg8mL0A,5,
tgHqt91y1HtQy7hKb8J9gg,9,-0.0005273769298261992
tgdhpWSIqw2u9rNLokZKjA,69,-0.015823582358235826
tgpgJqLjSB5Ms76qXAGFhw,14,0.0003991588965474059
thJbpQSBJ8mT92stCg1h6Q,13,0.0033910533910533904
thPp3lfdb9ytmZ0T0YP6Hw,27,0.00028296753128967877
thyE8JF6o8cAMbd1uN8mXg,24,0.00111928301583474
ti0EtGjQocXC-nvXvDwjHg,25,0.007026875699888015
tiBIjSy-tvRqFY1BrQ-kXg,12,0.0009929002295414509
tiCdi3sz6PlKc6MOPEWo7w,118,0.005516084563253737
tjGC5TEVfuntyt5hV-m0ZQ,7,-0.0020905923344947744
tjV-B9myQd7L5ZznDxC3Wg,68,0.009823614336827567
tjjVkpJSZj6ZnzcChezCuA,4,
tjpguRERkWbvQNcSxy4B7Q,5,
tk48cRdtqhRAnviZMae25w,17,-0.0012407780013413815
tk80Mqi_jba71jJRcy-BeA,18,0.017944250871080137
tkJRnUUhHqp3XB6SEQC7-g,33,0.004270653029110938
tkQfxEYkL-Fq3Al0hH9hKg,61,-0.0018697737227541074
tkUQLPtSNzG7y9vXD7uj1Q,28,0.004130808950086059
tkjW0lQd9tNdJNS7NW72cw,15,-0.0015318962687383734
tkk1sM0XOjHcuKG43FM7uQ,29,0.016938775510204084
tl5dthD9F3vGCww-N9kSVA,53,-0.006854256854256834
tlSkVi6m7Rah2oKhhT-5dA,7,-0.0016043440700974957
tlUh_eK45HaOY5XMZkqUgg,4,
tlhv-IT6zokg78sG9t3mWw,21,0.0010557133683786635
tm8QlATLujjH9-VHj0HVMg,10,0.002635046113306982
tm94_vqmMMeAv01L-7FJzQ,11,-0.054695562435500514
tmYDjisEHdbgngUwL_KuyA,32,0.00034140616664888544
tmd2YcAkqkenj22noHW2YQ,5,
tmfxrHmSxg-fG0bMVmpvhQ,6,-6.267388042238787e-19
tmr5jPAescECoAcsGlChDA,14,-0.0015673981191222572
tmroquufdrXXwFx1qiXNuA,22,0.002952239655921713
tn0H9JOx4wvKe0p4Wu1ORg,6,-0.001948051948051947
tnavrkq5ap9hdshy-IRyvQ,6,-0.01125703564727955
tngXF4K4cojGHn-4PUpBLQ,75,-0.030564951895620092
tnjLCyqIUmq8hJLE8IvtQg,5,
tnmwwECqbZbz7KHNI4_9Uw,6,0.000910305963948994
tnqSNlr1JjqLd720PrDzOw,5,
toEYTrafM81UMo2GyCSxFw,32,-0.06999691643539933
toMVWIsPJmS7-LiLAf2AfA,67,0.0025189637898955205
tpS5qq7iSJLKD38pM02lZA,56,0.0026850998463901683
tpmXakPzEw-AapddjxAx_Q,8,-0.13406593406593406
tpzUj0tZ7AjufGG2He3ePQ,8,0.06427350427350427
tqBkgu2wyCjYBWuTQoy2aw,22,-0.0028692237994563576
tqOK-bWQbdgVhSNm38hWwQ,7,0.002380952380952381
tqUQHX7gsWK2d2rsUuUUMw,28,-0.04655425219941349
tqY2t5a5E6YQKfW4jL8Vfg,5,
tqdpJoM3m2kfItuiD4qP7Q,9,0.005510204081632653
tqfNtRsR1FJewqjcaD3mTw,7,-9.75609756097561e-05
tr2_pKQRojSt_vEISfGApg,5,
trA2mh8TMb-keNb1AzYh1w,32,0.004069669759366775
trCimr_PVNVi5Vghb7GYCg,25,0.010613852719115878
trH0bWrq9kwLoLHbvlPKmw,4,
trTTls_MshX8H3hptEVKrw,5,
trwHwsXOVV-ZmF-MtP98BA,95,-0.1352835283528353
tsMaxWXXA0zcf0D3Iil0BQ,13,-0.011764705882352941
tsqyVhSaI72JTNpy4u7QGg,19,0.0026455026455026454
tsyhFVl5_Vbj-r6XmeG5yA,15,-0.004531537048377219
ttC21tYWje99-twhibbs3g,43,0.0029581745793912408
ttLa_rs6CZOcBZN_XWEAwQ,6,-0.0029905460158209524
ttO8cgM35BgAPcpZupwmKg,48,0.001661527299111192
ttY2aNmEtVuYQFpHGsGzBw,4,
tt_n0ZJ-rd-yftr_5RQLhg,11,0.001082685895863879
ttodCnIIrHYuz_vKuG7erQ,8,0.0029027576197387514
tu7fU-iocXBL4XYfOxcODA,29,-0.0005231409811562484
tuA0E2YPAaKBRZL7rhsU-g,6,0.060606060606060635
tuBPp6lhttLhCPZ8zHh-og,13,-0.2175824175824176
tukxgoQNUKql3gYy39yZ9A,13,-0.02327935222672065
tutL-M4mH3GA8JtYlpBbaA,87,0.0014856111630305166
tvBz80VKCtWAVbA6VmJufg,87,0.005145246278364654
tvOosamRSJFosNjmtKRA7Q,19,-0.0194331983805668
tvVN3BCrAW5yOdkSqbtMrw,9,-0.04360400444938821
tvWOM-OCBbhWisUt3E6ytA,7,0.000391526078878789
twQrGPaDKo26B4kDZjTMeA,58,-0.0007609441675867619
tw_PmFjjCyg0t8Ek_kQz0Q,46,-0.0033657745336577454
twj9nh0N4cr-8OgOlsk1xw,35,-0.0032929579389756386
twrAccrzOnaRtS_UaZhwTw,13,0.0015384615384615374
twuI1VB2L8_2MrhpswM4Kw,66,0.0035794748379500397
twvi2Q6Wlc7EK25CCEJEHQ,16,-0.005836388192166698
txO86IfM91oddyJBc6CUng,7,0.002445302445302445
tyDEseGSr6NIsk7S63uMqA,23,-0.20130434782608694
tyFuhfn1BDGHWpmwpkwBAQ,9,8.372664181742648e-05
tyv7-bDHOMJ2DV9kbEBeCQ,11,0.0018540921523248473
tyzeRPdaPXx08yaYkq9YmQ,6,0.008534850640113797
tz5rytGzU6DsZpHUxTRhUw,49,-0.043924825174825176
tzJE88QY8OHxiU4GxOSNrg,5,
tzVLTQNUtiCAxUZmEuF0vQ,92,-0.046552317693039844
tzWFFdbwFxmEvO2TAzTwHw,16,0.001776745139576998
tzZKya0kJRewPpgR4KIQ2Q,10,0.0013125911521633443
tzcryXhKROS0PTXopJc6kg,8,-0.0017870479035527577
tzgrrqQ0SCVXQV02D37Ydw,38,-0.06057238121700472
u-8sFq05DQ6PYCR5HiKZ2w,87,-0.016206420657543436
u-MF7O0mULjBnjz71fNplQ,23,0.0035940803382663836
u-O50MSOk5hSUFyHQ6uz3w,9,-9.796430180842199e-06
u-mjpAKElhdZ-ZqhEjwcPw,13,-0.3461538461538461
u-xGrOvBv1bxtpAHk-SZ5w,54,-0.04512344004340749
u07nfOfotr2ocrIs2nsKDQ,11,0.0020053475935828883
u0Bt7uvvj7LAjAdiMtrhug,23,0.11217391304347829
u0JoeemMc9fKDG5yYaV4_A,8,0.0007634461961293277
u0NAXvm0bzES97r9IdF4Qg,23,0.004765395894428153
u0YzQj5kpdMa-Khl3jC8OQ,79,-0.0002525793056209604
u1DCxkcswVHB-RUsPeDsxw,6,-0.03095975232198142
u1U6SCaE_B9cvoY0qQkkpw,2,
u2THoMNjQJU8eIv8AAQKTw,10,-0.003571428571428582
u2WQvwcxkt9J0bBc-2Zk2w,16,-0.007602110611686534
u2v1Ml7xb-l5NUmOk5bcNA,44,-0.00061793051468347
u3Krpt7IdsJ26jj83uwNBQ,14,0.007807724367879966
u3aN2A8Lo9odMCYjaphjLA,57,-0.07410835493027274
u3f62SU1xA3qc0WqwDkNUg,24,-0.002862745982012037
u3zqvp4BYUjzJD7tzx3Jbg,134,0.003697955327619943
u48EHQFGHF5FwDTqAFXVwQ,25,0.0005586794848539817
u4Sc7E1Jl0q3HrOIaLUzRA,34,-0.00334946639395719
u4k_bdDDyef107d3cIbNIA,15,0.007963089542036908
u4qHq8Hi4S7ookhvFxp_cg,6,3.20290396626275e-05
u4qdPm5pLtrcv5tXv9qhng,23,-0.04942873348999271
u4yZ_V4JA96c5xqJCJbegA,13,-0.11071428571428567
u4ygjA4qLNNp1lp6MpqsFQ,13,-0.00768716577540107
u51xmBHAyiq6BBS2pRt8qA,15,-0.027343199436222692
u5CjXTOVkp0xYWAFD-Ukdg,16,-0.01639676113360324
u5EyXwNVHP3z7-ra0OdhLw,9,0.000188427242145632
u5KVgQMHi5bPwPSVUkOYWg,7,-0.004834054834054836
u5RCQuZa_-deZvcWnioecw,38,0.0035819142689371697
u5_y_iOUMjbvqSwWXIx-5A,94,0.004109301642508472
u5dDEh6EO7PyTzOSwJV92A,11,0.01098901098901099
u6d3yxe7hns5veswWcSdXA,14,-0.1571428571428571
u6r5eXG_-Bod_aXVprI09Q,29,0.020916929906941006
u706KJdyx6MuAjlt8e0RNA,95,0.00036022855116076783
u7OkjGuBsj6YlMc6T5SY4w,9,0.002557544757033248
u7_3L1NBWgxhBM_B-cmmnA,101,-0.1172976121141526
u7cZUEGK6iJP2gvI22xY2A,149,-0.04018379504715091
u7pjTQFjvHeJdsH2K54U5w,10,-0.025384615384615387
u7t-oHdbEUotwSV9bDmEWg,12,-0.06914344685242518
u858IdTVc8Np_JHXS8JImQ,16,-0.008385744234800839
u89s24XEeeVzmicEvc3F5Q,15,-0.002213162492719859
u8WvITGLSvg0bUltHpSUmQ,80,-0.007837080557048418
u8ZsK3py4y9xEOk-vox2ZA,7,0.0015032377428307127
u8aGIXZghzY1_kg4aWJi5g,4,
u8cO0HLJKLt0rTWD3-hYhw,14,-0.001543873363298808
u8ndpD32AvqRkEyD1Q2dXA,7,-0.0006367679617547367
u8obfXw9qHxYv16Zyb-jNQ,6,0.002256902761104442
u8pZiCYXTj9WRcK19b2koQ,5,
u8wxP8s-jr0KCZTfGMl1UQ,35,-0.002166179423056602
u9Bs8L3oI1A3hcXs6vOv8w,54,-0.003998034589372875
u9XTeDl_If4U5Eixl6ys7g,93,-0.008919728997645454
u9ZKz1sVVkLr0qTjj3B1mQ,18,-0.1158770106138527
uAC-v5nSA3hWrmZExFyouw,4,
uAJ_rq4ZQUgERalFBO_zlQ,90,0.006348880815656863
uAZllapXsT1LIYBWdBBuIg,6,0.0003207698476343223
uAiXaOgglbRpNGzCkUhXiw,15,-0.00207830850032685
uB12vX5p9T8z0g2Eq3bBBQ,107,0.009053944158308486
uB1w_bPf6557-dVQaqxfZA,12,0.003445850914205345
uBDXcXlLR9IuRV1N2m0SPQ,44,-0.12701080432172868
uBLzGGjHthoUlheOD5JEww,15,-0.004028491909995754
uCBEcUgXHrKH72fB8TwKAg,10,-0.08935574229691878
uCvxaG9bm7kTv3ZeMzTfpQ,22,0.005871725383920511
uD_nMWd5b5d7gW1srYH6Jg,34,-7.647243578363785e-05
uDd4gRtYBEgAVmahTHKVWg,8,0.00010801080108010822
uDjIsTgU7TWUdtHTkelGcw,50,-0.03656571269797166
uE40984_YDgVvPeRpFcCaQ,39,-0.2883275261324042
uENZI2awSMsHIpmg-snXFg,21,0.001534869922998543
uE_39C9Mi51XfZv68M253g,78,-0.04183618361836183
uE_4H__4kj4Xjb115_LBvA,7,0.0010104116329130606
uE_Ik45Sn9ych1XeO1KhdA,58,-0.01681526021148663
uF2HWZ3tTq91ZYdpwTWEzw,53,-0.08504331489406115
uFZYgXAubtiZejamwYk_eA,41,-0.07614490772385508
uFs6biPJw2FlVY3taR4QNQ,5,
uFws8Op2hSwixi75YF06Rw,30,-0.0006524734432641449
uG1722G9ajpayHPDDy6stg,10,0.009193245778611633
uGBDL0PeAmUjxjZRtR_hUA,11,-0.0003984802149939767
uGQTlLly4em2Y3TtfHomvQ,6,0.0005179171332586786
uH2p7qPdU4wUHyP2vxVNZg,10,0.0010876987610964782
uHEpMZW4bric4RycY1jfzQ,11,0.001443761584235684
uHhnnzDTPgjBX-THV_cCAw,93,0.026289926289926283
uHoQF3cCeReumuyQvjuf5g,19,-0.0003061380682687893
uHtdM9fh6h4F0Ly3X3ez0Q,43,-0.11665158371040724
uI5k9lJkWlKi6OUW5yYIpQ,39,-3.528277734732797e-05
uI8-q_D1pADZy8g1R1UP6Q,12,0.0018871653628649212
uIFRFef7l43YxA8G3dU6Tg,79,0.007647012201091897
uIZwBkvWicqyWraXvYOipw,64,-0.1018543956043956
uIg5rdP-VmiBa-3kHa7AHQ,20,0.0009715475364330327
uIkucEmug8n1Rpp0DyyAcg,7,-0.03130434782608696
uIlFxzyoJy7ud9j12aK7MA,35,-0.1475609756097561
uJZgom8HpK74xz8IojpT0A,94,0.05752463802190483
uJ_GzL3GIKVGm1-DZRKn-g,5,
uJvTBGksfErVDSOeBsmOyA,24,-0.5026086956521739
uJxUDvRd89bHePJOD0-n3g,17,-0.1221001221001221
uKAbrDSJJzZliY1Yqu5KxQ,100,0.005020033560977815
uKEZQ_j3B8kMd-ThoGZDYQ,5,
uKKRHbXXAIuGxOxs9miwOg,60,0.010664235821288936
uL2yhLlraC05TVYMme4W9g,47,-0.002668975400047767
uL4b3AVzlHJtsZChujNEMg,35,-0.003443566481318897
uLFWNFkm6E7JIyq3T5PMYA,9,-0.006393861892583122
uLXADd5rLUi7eFFRO_5wRQ,6,0.0035561877667140826
uLiioK-KIoIpJfdZ_t-6bg,6,0.015384615384615385
uM0Q93Z2szhUicYgAhU7VQ,13,-0.0012589352395177638
uM3OgGrIMv26Mye7iWjY9g,18,-0.13636363636363635
uMT7H0shZK4-pQ_J2qMEWA,50,0.0028199695622332975
uMZ8356r7_5ZGNGFTGvOzQ,7,0.01818181818181819
uNh3Eeucqrd07qJ8hG11dQ,15,-0.000580478991273594
uNyEsYeoKT3H4AUjrcsvCg,19,0.001114827201783724
uOYZJEcP9DyH2LI04CL6cw,37,0.025548266769567174
uOpUwgX4Xf6copxDjNvvUA,21,0.00017397825271841003
uP-60-QY21kdUKim2QtnNA,9,0.0011752089012020198
uPZGQLLco2fZYmW7PC5v-w,6,-0.003658536585365854
uPnrOJOTmWQ8LPgCkvOf5g,97,0.002140000948301749
uPpubOh_6AEJ84VCl5OXtQ,84,0.013831283658869866
uPrgY60Ibnlc7zn323kg1Q,8,-0.057029926595143984
uPuHiKV7o-7izxLiFJIz2g,9,0.0030303030303030303
uQJNNTRWTj1SYtapTL0y_A,53,0.0034137493197895887
uQoiBtVSSqxIWR1bZbgtFA,36,-0.0006510901957682177
uR1U7vHyaIbq0u4aNHx6Hg,21,0.00020075578649031666
uR6GtB-sT4IlkI27tlx73g,9,0.0011956138595939677
uSWSlkLwF3_9KDCzzDvpxw,8,-0.0009435061153174135
uSW_RGoNOqOmtR1lchGxUg,10,0.0003932411674347159
uSWgGrmfqopfE3bmIeD9ew,18,0.001691788526434196
uT9nZ29p2j_YedmCZ7kLPw,9,0.0017792030927382158
uTUTULYSAmHGK7w5DDw5iA,44,-0.0657246564687581
uTZNjhXe5yCTMuEEN_xwEQ,26,0.0026450361488273683
uURTGL0NC7bUNClPgcWXXQ,11,-0.0010567673756943505
uUYr4mxdptgy8faIxB-8Ew,7,0.00043279309334355196
uUZIIkBvi7-0114yAlL3vg,18,-0.00014694645271263185
uU_2ciWqk4-BvpBFIRewEQ,4,
uV0EwMyd1htLUvT_gTl6jw,6,-0.0022420304524330375
uVJkqQ1U9MH7hBorrwGhBg,76,-0.04258625862586259
uVoAlvNxz2IRvhXccU1tFw,87,-0.05245643678012667
uVri4t3oyA7gqbX5q7_0LA,48,0.0009077419917954082
uVrs80OO1U6d21zG21VHVQ,31,0.0024270015913641666
uVyohgIjld0qrQOPv7mXUQ,41,0.015920029618659758
uW1e8m0WJNhLAw2OYajVYA,14,0.0046322939761309495
uWJiesUyImGEPYYxkZ3Tmw,74,0.004866851251006018
uWJx0gRuynGEjgRtxUu-dw,38,0.00503613369467028
uWoLti05-nQk9v0YEYOueQ,43,-0.017267678637541653
uWyy81dLJoK0WuxPw2_REA,5,
uX-zr2kPmjmd1g1tpgaaMg,7,-0.00047845685074664445
uX2TOURTQP1RshDcGyiIPA,22,-0.005755539290704636
uXEfRkAehdp7peuaysddCA,17,-0.0004527307898094419
uXFt5P6nmFjoeGQqRmLVLQ,17,0.002642797138578577
uXdA2sznJk30qnrEFX7AeA,7,-7.981482959533917e-05
uXgdMfqsY2SCcyooURjZOw,83,-0.002220357760358965
uY-SRyEjDZBw2qU9X8nl1Q,5,
uY4LSPsa3bVKzYQitbfsUw,14,-0.003284072249589491
uYIZQTeTTMERbwEW9DDZGA,10,0.0022315893875526904
uYZPcVLuCrnTZYmmTZMzjQ,7,0.0013726835964310224
uYbrpQ1jnV_L5YWBzjJrlA,9,0.0007697185716472413
u_X7JlkEChx8UsxI_S7deg,21,-0.008303687788383644
ua2_pF6trfzbfgSCC048VA,6,0.00041989540787113014
uaA4U64_XZMM-VkvjKB67w,4,
uaOvEDXU1Z66O83q7-8OTA,21,0.000112917795844625
uaR2XVsIJnrpPyMSLyhRQQ,5,
ubM-QDiZl218m-0e6ofCSw,12,-0.0006172146784872629
ubYUSAHPt4vNjZDEn44eTA,47,-0.006227106227106228
ubdngRXDh4NwrVvUnpMZqA,4,
ubeDltaADmtgyxkrObkOfw,13,-0.01976284584980237
ucHTzMJXR7ys_yKOSZN_HQ,26,0.0019877107432594954
ucsv4_XUi6CrFny8p_F2SA,9,4.5269032604491603e-20
udOSF5-1UYFH2ccElXvuoQ,8,7.557246139506758e-05
udg8hY-1iGS9aQmEDLGR1Q,6,0.00029806259314456025
udsU77Rh2wAN7tEOmIUY7w,15,-0.016240266963292546
udtnLd8JxGcGPPT6qxzNgw,8,-0.00018066847335140027
ue3FLSX9zINnCInCw-ilEQ,6,0.0016420361247947443
ueAkLzWFFTzQkq3jzyBlnA,171,0.009341271580360763
uf4gH2bLBox8bCHw30kJxQ,19,-0.2526315789473684
ufNUHAZSC1Nq85H92vHfNA,7,-0.0020053475935828888
uflDYdHGrCawgr1JSQ7Ypw,30,-0.023746902992186004
ug46LQ5eq0uF6NE3adHhyw,30,-0.002425710221812171
ugRlYwSaNwlAjld-eUWKIg,21,-0.000262957433912783
ugSVRAKO6mxvsrElFg8USw,48,-0.01472211998527788
uhYXfgidTaK9q2j1jBnkhg,51,0.003577270903422946
uiQ_OuWEDHxuSFhh7U6fvA,5,
uizQiDP3fYaDvCxuwMaSew,15,-0.25000000000000006
uj5QvIphe4ZWHBTCJRVkaQ,32,-0.00020273925795153612
ujJF9TpJGRSx07RmnEmxkA,8,0.000986219229960025
ujKGQk1Y3MAX9W9TWvzavQ,54,0.02186828219659957
ujdzJZr-TnlRivX35KgYiA,5,
ujsFpiiGu92nUsjlFc9pew,5,
uk-sMO4ndYc47nYDzNLaxg,6,0.0003061224489795907
ukVu-1IaPwU4xI37KE6xAQ,23,-0.06499617025932815
ukpPtF8UMRshZ_216N1YTQ,7,0.000123472033584393
ukt4QdEiwDubi991eF75TA,2,
ukwNOYmoTnLTt07yRo9BeQ,4,
ulHc-1mOdSWkO3E5a0efbQ,6,0.0009523809523809523
ulfMNXHzGVleRf2U5KwiQQ,137,-0.014316477206140862
ulr3YRJDkSJ36tEQrSgUng,17,0.0010708031480242655
umJ_8WAF1dsDrdjQ9eAQfw,5,
umY6N-ON6HD14vPHicFmQQ,11,-0.017575083426028915
umqAlYC0OtFjFI-sTNSEYw,3,
un0xxX785wfQfprryh0TjQ,121,0.010463901689708142
un20fcU_7BEQzWueoVZT0w,23,0.003076923076923076
unZwLRvJV_fMbbFvrOWU6w,8,8.98966011842232e-19
ungtrLrUNNN_Ohldfo3zcw,25,0.00035542391706775247
uniaRYYnx-Rj8RjyUTggqQ,7,6.20848078475196e-05
uo2vHKTQr_aiK9hua8gohQ,6,-0.0022408963585434185
uoM0gzCHgeUkHabDyYMY8Q,8,-0.0009033423667569996
uorvo3YDnAfzZZBJtMTHug,5,
up5Czl7yXI1LpZ_6Ys2Ahw,72,-0.014772962886170435
upONXUUs6xQwdlgbtRSjrw,24,-0.019978106185002738
uqc5jOWOiPLTPibyy1yI4g,15,-0.09494324045407637
ur84JezPd2IN5PN4J-fEVw,13,0.0006668519033064742
urNCR3wXVxLdIhH-_wy5HA,6,0.00042283298097251583
urO7cwWPFRZU1MpSt9JIGw,71,-0.0008425350816655167
urXE9YSeQpOv16kjDu6CHg,9,-0.0013695178201658753
uraQK3Sd3qe3r4a0ZeG-Hw,5,
us5YkOICrQ-KWajDuE0-Zw,6,0.000453274911233663
us7g3OCOFDXjZpmYqQ-f3A,30,-0.10313588850174216
usFEKg4-2C48qPIh32HbHA,7,0.006982872200263504
usFKC_KMRYVMiVEfz2lI8g,18,-0.006585175124500968
usUdcj28S3uak8n6vaTLFQ,55,-0.013122456005346186
usjoCLqbwVNeogTY5tU3AQ,5,
usnVlDYZz3p8cc-1PH7Ajg,5,
usp2gEf_Y2Uf4bxIxET1_g,5,
usv5G5cO314pPHRTGq2Eyw,10,-0.10439560439560439
utUdOwhOK7bnleFIT8lxpA,30,-0.025419181757209933
utexzjycaPotf6L0kABsdw,7,0.0007819895460344898
utfAinp69NM4FLHShmxGtQ,14,-0.001386138613861386
utk0M6RZXbtTYTbip40Bdw,46,0.01175904421149541
utzJv6jAHhsWT3tAz5kesw,6,-0.031862745098039214
uu0n1Xn0Hl3u9aCjFcN7Xw,7,0.00033739293216225325
uuOippYFOVIkl54Fv_x47A,4,
uuU__BibPOdiwn7MdPW4vw,3,
uuYanMLNJzdpaYB83szcEg,22,-0.0948616600790514
uumuIX8VTKcgqN0EJI4geA,12,-0.014285714285714284
uv0dQlemI8GNm1SvBxwhFQ,7,-0.008054298642533935
uv83YXO4hZQpp-nY3H3Hrw,13,-0.0011363859009776835
uvLWDDTcBRrVeOCnv9DrBQ,22,0.002653359298928919
uvj_tGQrGDSVXjNU4pHjCA,136,0.009046019071456751
uwEN1AD7lyGGxyODTrB3Tg,21,-0.0021301543873363297
uwF2zLAnZZ1SCwEF8QQKQA,91,-0.001792535997649133
uwbjoS3Iq8TqQ-Pc17iCGw,6,0.027972027972027972
uxPKXkQXVptsahM9-uKaaw,23,-0.0019098548510313215
uxZENO1iy7tz8MK77L3_GQ,125,0.0028121272989768365
uymhAMBgsI1vxOd--8J9Mw,16,0.0067235778499660035
uz4JuT6ES7nsq1v_4_Ozwg,5,
uzpiSVy6DTQBNByAhT0Z2Q,22,0.0014080656185919344
v-AC2JmLx1cLW8wJUB8gSg,6,0.007119021134593993
v-Ei13KTC1CMV7-yMGHAug,7,-0.006342494714587739
v-qDdlIXikYyh65Qij9fpA,49,-0.1046401778271742
v0wsO-FEA9m7j14mUdE6Wg,28,0.004457608293224732
v1CeHx_WcjpKK6kAV2pDQA,39,0.000729442970822281
v1FG72PjLPbRYm0z6GPzJg,7,-0.003773584905660377
v1LfhgHi6oGSInDKwMdtFw,17,-0.4044117647058823
v1UZ0rYgVr_WEfLsK82VPA,39,-0.008322843391336543
v1fRlnm3qP1ofRKnUrbq7Q,5,
v1msvs2bf_LwGUnIcCgSEg,126,-0.01007531547708115
v1uBnT3mOKraXTizL41O3w,5,
v2AwJ1s_gyIi2C9gGUGLcQ,43,-0.0010340331789776558
v2GYU3ULrUY_Pfez2XVBdg,8,-0.0007858680425052105
v2UmYZ1rPT48IroaD0xZAQ,41,0.005450511286899479
v30UfHgDVZJSjLriIwnh3w,29,0.0018801843317972349
v3nYPLm8PkbbtQhsrqTo-Q,12,0.0040517075053058075
v45E6gg6MrAziTepkiWByA,44,-0.16403162055335968
v4GEm31U0iNmz7VrJiYirA,44,0.009850406788557432
v4QsKtLkKYrZYrqvivmsLQ,25,0.0006356648558483423
v4vrvaln4DkgkWLrxefAwQ,39,0.0010857592446892213
v5-iWb3HSIbnjMzQxYE4JA,13,-0.0044303797468354415
v5h4oxUGT7jYc5BVDLoEmw,8,0.058823529411764705
v5iurptJZo_7xm2Qm-3lgQ,89,0.035482258870564734
v61wRXqmrsBjoJrKkIHj9g,25,-0.3022222222222222
v6fxTp1bn-iVijDoTJix2Q,8,-0.01558441558441558
v6p8-3PmHnp5fHPTmU9hNQ,22,0.01677215189873418
v6tFMx_fKBcfiBagKb_EIg,41,-0.1253301320528211
v70BCKY2DJQ9Ve5C6Ab7tg,4,
v72qGvd53IxhM2m8aatOpg,54,-0.08306022335873081
v7KzbLoHo9zC2xRpWEEp0A,66,0.00229842475724356
v7NImH-BJ4xUcX1YkjmAPQ,28,-0.0031826518502535324
v7RMWJJ48HrX1gI8DXZbew,20,0.002850922662243417
v7YRuZlPMwbi82q5I15few,26,0.00045630045630045654
v7aaDOZICNYGTzyhPbQOgw,20,0.0025486250838363516
v7ibuvyZutqZ7pjMCH1exg,35,0.0007890791446382073
v7p5tXAdbk9b2HTPY3uB1w,12,0.0013226685732159614
v7wTLvdffjdgrQz9406a-A,25,0.0007398218959943684
v7x0W12mz6ui7l48SVLxJg,45,-0.0066730371078197155
v7ylWX_eN1onfskDYmdQxQ,5,
v8KUhfdzvPrL8hD_jVCFAQ,5,
v8ZUd9TePnvYSifCQFCueA,7,-0.005138055222088836
v92xgVl-BH_pQM486ea-9g,8,0.11188811188811189
v9UAZdHKNCeulbl_ajDgvg,15,-6.0752111135862025e-05
v9jNsSprsNpERYvyTOAzqw,4,
vA5MHe9LqNQcp8k_CaFkHg,73,0.011916056835331302
vAHGWua5eUbI0R06i-_GmA,8,0.007692307692307693
vAWxyiJuTrWsoX92GCvclg,7,0.0008585310627859804
vAfuyrsog38dv_q3z5YwLA,24,0.0016423995340710546
vAjNHtuCm1Pwu47PEOTwXA,50,0.0036337918251877865
vAoOqMPwfw1vYNxEh5pPxQ,47,0.002176096715409574
vBQNbW_aiKCteAp756VQgw,17,-0.0016188714153561514
vBXhE9sSxwSXnst_k_IntQ,12,0.0006473624354824597
vB_UoUN99zSI6jLqPbgOCA,6,-0.0392857142857143
vBn7oOLot5NI77NgChkqwA,21,-0.028291316526610644
vBwDwbU52z6Daw29McXCCw,11,0.0007692307692307679
vC98a0bIcSDVfX3dOuuAkQ,18,-0.006031942740803503
vCHNWdW-ys-nWUx3Cpvk8Q,106,0.012000858737655646
vCUz-pMC7qqvFziAPDpdRA,5,
vD3tpOWXwdQsdqKTuFFR9w,9,0.0013179282168431228
vDEumX1eZTZC6VROCwnnZQ,6,-0.43636363636363634
vDFMen3_UvgbMvMOjkVMyw,35,-0.001219235710507091
vDNjPeAgmSAXPNHt6U0mHg,8,0.0020511017346460385
vDRbIZgQkohfjt2ctVLn1w,14,0.007326007326007327
vDVTecHXPkKp9OkVXX_boA,12,0.007728494623655913
vDiD0bskBRmJMawAK2YWNg,30,-0.00285099846390169
vDqnQGBfPUOUichR2KbDTg,7,-0.005427702996092053
vENOp1HN7jopRAiuxw-61Q,6,-0.022588522588522588
vESmLNVMC9q7ZYKIwOtO8w,5,
vEeUKQu1R6TgMJb9preNGw,30,-0.0018820190053066765
vEfA3V3pCrnigUFlLJ3gLw,94,-0.0030047759617923063
vEgKBcuZxPsaExMXBP0SgQ,57,-0.0022044218233504866
vEyfMDd1u00EwCRGbpz36A,27,0.001501523497011602
vF9PBhB_5SrQHbCXtyYijA,5,
vFDCP9D0UYsnqBw57Mp8DQ,17,-0.0004788889775720324
vFDGCmR5iH34PdoBhTYh_A,45,0.00284806625468224
vFMtdAZLOPLJP-i6L6Jm-A,26,-0.0018799449992110539
vF_QwGltBpVesMMGclzB9Q,145,-0.030694721567204795
vFaZ55TFdW5GxtsS_0VKXg,7,-0.0005788153579008298
vFyAR4mZYLx1ISZci6Mq-g,9,-0.015384615384615385
vGB3LpJCXte0OC9xx-VqyQ,24,-0.0003440860215053765
vI1BG1dJx8DPm4a1ljkfMw,18,-0.10739130434782608
vIT19IkXjNd39r55YTeq2w,18,-0.0006926661349229681
vIkcC2EmoOLptoKyfh6bGw,14,-0.00348283891870001
vJ3Jh0vXXeFWmo1PQ-N0nQ,24,0.00010677554925342519
vJKxxr2auAsbmLfis-PJnw,8,-0.005714285714285713
vJLv0SngNqbst2c5ck-csA,31,0.00265427409625095
vJqGJq1S5kw8miW2TagRww,12,0.001186302338568705
vJsTzkbgYdcLdCB4rnBv6g,116,-0.011056117113976995
vKLxREcqvvqeNHOVvWw1uw,24,0.0010366530914476127
vKOFm_lNZqwhQEUv0bVkfw,8,-0.0731924360400445
vKPXJCvlFvQWOx3-zNaehg,17,-0.0014596680969454737
vKZhZqCa6bcdFieu0NYh0A,11,0.0022774327122153212
vKb3AI6aBwQ6GGOMSNlxKA,18,-0.01427644386761843
vKewfGh-UuMpDbZTbz1KeA,14,-0.13759398496240602
vKfBhC5M_OiDGdbpF5hmWA,5,
vLVl8wvXWU1nYCair-8r6A,8,0.001085972850678733
vLo4nFhbaIq46-Sg01XOHQ,5,
vLpLGCbAtuxFzu2ka138aA,27,-0.02424163857920664
vLrX2e0GSSiHiOeWDgmiPw,16,-0.0030674087816944962
vM2wY0rll14F8sZIvJGG5w,9,-0.06009852216748767
vM3W3-ILN10eaF1HVJ8m_w,10,0.0006131639258574242
vMBNua_gGR8F6CP1_iPH4A,8,-0.0046870181930311425
vMlxQDOMPZOXJ_LqAHJUnA,5,
vMmWKCwoGsFnmDTot4K3Ag,6,-0.0005711022272986866
vNUffj8UQoUS8iVTcMK0QA,8,0.0014880952380952387
vNeZt3C8-LZoNPKDlqxSsw,5,
vOIREhuiq543Q5qXRjoFIw,31,0.010896697388632874
vOa5-do5qhRMGWhn_x0_Vw,4,
vOzoWhLhsGyyR8DSvU3nNA,5,
vP-qZ48IT3ceipA2vg0wNw,78,0.006878318989196118
vP0EREbfTWAeK51PTaQeMA,26,0.0013148863923707684
vP0Un0I4ttXgjEnYbmwUIw,60,-0.0023519466958380982
vQNRMrVD7tQTCmYkYBMLyQ,48,-0.002994678966762715
vQsKUW_hYWQ7cRmUEF1QSA,5,
vR43f5X0ZZHZ3Si8MpXzew,7,-0.0023796932839767315
vR9SKMvXCXyrl6u5ouWHBQ,25,-0.023463957426221576
vRTkeaKjMkiSf0EAmioIGQ,41,-0.00012364021953473582
vSGXzJCyIG7iaa26TsC4Eg,8,0.0005520794994479203
vSeqFqyLIxBeKNAbAQzmFg,5,
vTabvTis-QrZL-NYXe8rhQ,5,
vTpA-4yzldOJEXHFEOO4QQ,5,
vTu1LveMWZVjXlMzFvg_-w,30,-0.012311901504787958
vUBnjutMeNiBRSB-7o1imQ,29,-0.07429149797570848
vUc8E20T4d4HlHv2h2cyqg,28,0.06158334008589256
vUkiYPpbkMXA99WneLSGkQ,169,-0.004930564802268282
vUrTGX_7HxqeoQ_6QCVz6g,51,-0.36271493212669687
vVDuxBvheADnCmNuZUy6zQ,59,0.0021030293961612234
vVLquxE6dPVhZZ5ZqTol9A,5,
vVfP0O7SvcBphLYQ6CFNKg,57,0.014330987364695229
vVfy055EfLMdd0yJYHxiMQ,74,-0.10494768389505232
vVrnNrZKh_2v6TTSknZnAw,77,0.0015254011289390647
vW8QL56poD7QxFbz8VY40A,5,
vWERGBrcoWgRBzWdd_yWWQ,20,-0.00919206579583938
vWF2QhXj6tzN1hVmBFRNOw,11,-0.04545454545454545
vWJ-P40HT3FPXNlqFhyWEw,18,-0.003509599509410821
vWKTTbYHSi2tGA6hksCRkA,54,-0.006592512208355942
vWnnHbWZETzYwyaOxixlqA,10,-0.0010972001802543156
vWrudsXK0uIDHDsJymRPaQ,16,-0.003173629295264389
vXExv-M2X53sBy1PH8yBfg,11,0.0005587038071673731
vXMedaVdLTrgpcSFmKrlJA,19,0.00015716977059500293
vXQBq0NPscuLfh1nj-aXmA,9,-6.294256490951837e-06
vXb4OWsjPoiBtmarfexj-g,118,-0.02824383990884489
vZM0-WmQsr51tOoKAcOBFQ,10,0.003365384615384616
vZd1_LWEn7ae2feeXLNCRw,6,0.0006299959355100935
v_LOlXjMbIwqUbK96Nj14w,34,-0.007521565327161792
v_PY4Lw53nf6Nej9is-3tw,17,3.9448769198401147e-05
v_scBvvSX53Dz2ze_nctoA,43,-0.000426951361792191
va40jWz1dr0CHG4fIJgaHA,20,0.0007932310946589112
vaR64eC4ltP6ieWz8WFEYg,10,-0.012447902195054183
vaagry98q-pJHzoU8WX0HA,5,
vaoSpYVAFXLvRfJGK1IF2g,22,0.02033870837047241
vby0d_pi7OL5dl9tSy06eQ,3,
vc9FdBs9ApeeiuD-CjqJbQ,14,-0.002203136669156087
vcQeRiP1BCffzn73adUcJA,8,0.038461538461538464
vcbuzG5x11g68U23YF5T2g,5,
vcyyzUqEiCTSrFmHgqvxpg,39,0.004298977183320221
vdAN6puqt3yy8Pha1TR1xA,13,-0.0009796654957945276
vdG1rGWbpVyTrFmCQomdnw,11,0.003883128332143908
vdLG5B0Csu4CGrCDd5IFIQ,31,0.002312001893789946
vdNAPM0kjeY0XJtyvA4B7Q,6,-0.0010914739095755845
vdZx3b6EFdzBUefn5sEnrg,40,-0.00047593865679534643
vdpxxb6fxjYtJMnW_V0GZg,70,-0.018399862287932982
ve6DA3l08JvhROGdjhYviA,30,0.023265161746736127
veLho7eH9YvS4ylnJ8LsLw,6,-0.018878299120234605
veMkbZDBlV2cV1hdgYNb5w,14,-0.0074909963985594205
vejODO0L4F5tcnDkBq1_Ig,60,0.0016323643437215192
venPzXm05ZfVFeN5PYA4Iw,5,
venWfi69QVylbyrvaPt0nQ,85,-0.051757396235957084
vf2dlfdopFlerxozUwgPDg,39,-0.020788704965920154
vfD5iPMQiBI8fMguz2QU-w,9,-0.0006251981261667433
vg3JmN8hAiOV1suoxTi1yA,59,0.0013624872779802399
vgJDi6bYu02k6h9_ZodulA,5,
vgNNwYjdZ_waBvgUcwtefA,119,0.00401264272900709
vgSfuvMzkNPJd7YAht31OQ,17,-0.15067079463364294
vhDWGF-8BfsxvS7Zo5Wv2w,86,-0.13786176370446032
vhE94NRER_4utAtbryLOiQ,19,-0.0004290385725435072
vhLb7LMjg3C0lvP7cBQXdg,48,-0.0014316436251920121
vhLq2M_NAAHLsLVNDER92w,35,-0.013553926297511093
vhOXL8_Z5goUiv9MNaD80A,15,0.005738615327656425
vhd7sbDlz9gT453ITmCa_Q,8,-0.0033607169529499626
vhqncPOiK-3_p_nu8dr5Sw,15,0.002402738214871287
vi14DaZRV0TGL01-QiiMuQ,4,
vi5NnZBtUaBoYfbY6EPTLw,47,0.003000439394890465
viC-j3vKaSl2rUuR0gFWNQ,6,-0.0003958608236683104
viTvepI8TEHvl8nwiewX6Q,24,-0.00037758618774917917
vixUPc4ab4eeFVWnM4cngA,5,
vjHtDUObnrbDyzKMHUA6fg,8,-0.001900452488687783
vkPfTX9aja-XTb2PfpA2SQ,10,0.0014349727941960952
vkQ2Wp-lWuuJY4HOMXCUzA,5,
vl4uDnmI6lM9zBcAR--84w,77,-0.01883360085607276
vl8yqlsaXgj9OGxXH16pjA,20,0.0012721272127212725
vlGBKK9Ti07MYibNQbTq5g,22,0.006637806637806639
vlKGv6VOoNVwPDzqee6n9g,16,-0.0004408393581378946
vlOI4udD95JUGlmA7a6iqA,28,0.0003371847322753227
vlUDK6R08DZAmTzaIsFuPQ,15,0.00012685964709952734
vlaLpBMm4Hzz5PXkxBNzfg,9,-0.00025147163295200463
vlcU9doMaKNL_ITU5NPbtA,14,0.0007714669051878337
vlosej4eJvMc9aMmBGV2jg,11,0.001444655453065654
vmWDmLMnEJ0bEfEwqo-Y-g,5,
vmpC7L9ifa12joDqZR5LIQ,9,0.0016799292661361627
vn8O00X_24FOLSTojp4Sdg,56,-0.0011648223645894012
vnQgWhtfE2dkqooJEo39rw,14,0.0014409149305992892
vnZ3u25OT1SJruohJ-hulg,15,0.0024469577153770406
vneawF0o58vIBo015EYlhA,46,0.0017904326623886715
voBKS7xPilHv3iWD54SOfw,8,0.00029684601113172545
voI5HNsL96_s5vlCpa-Q-A,11,-0.42857142857142855
voWJKzJtD89HUAHEi0Kotg,7,0.00021596939405158581
voedsXPlAFPHdvjAgIV2zw,24,-0.002213188798554653
vpHpg05PViB6g9SYd93pnQ,5,
vpLMV6pHa1oI71jYaCVFzA,102,-0.01323333155394224
vpNJJNVgVmf2u1lfdFh81w,96,0.037261294829995344
vpV8g_SAY8TR8Jmzevuw5g,7,-0.0005050505050505049
vpfy4_N1PozCkvk2WDE_RQ,132,-0.001994362026253595
vq01cN9AW0AoyZ9dyr-jbQ,7,-0.00211416490486258
vq1BQyBIqALI3s9rBI4_cQ,16,-0.045429666119321296
vq28UnCEKii1j5wt8LA9bA,6,-1.357142857142857
vq73W-SHrwBgXzQ__0yV2w,36,-0.07799422799422803
vqzNQflkHpPchC_SVq8gTQ,88,0.003184867942100465
vr6wlGk_RDW6yWiQmbiiow,11,0.004235347985347985
vrDax0Opr-CFuvwp396L0g,60,0.0014121089085263909
vrQCClTDrPSbIHO-ub8qFg,69,-0.12768604220659016
vrcHVlHwjDIKCg5Hl1wJyw,5,
vrpwZHVR0H93peg03Zlnfw,18,-0.0006121137307311698
vrx-YThMm8N6pLr7YkXINA,13,-0.0035118525021949083
vs0uV4vwkv0eKB5FIyI3ug,12,-0.0022559283935116746
vs74TKPvUn41cCTb9Odjpg,9,-0.01389308366052552
vsdYVJC_1FU7yGrKVpYQyQ,20,-0.0022210470650449493
vsjZ6QzDk-gZwh3b1a9r0A,11,0.004081632653061227
vtRXIGKj4Jv8B7ysC7q1Dg,6,-0.005023904059638604
vtSisxaozZ7HWpBl_W7VaQ,153,-0.007848049793075402
vt_esoDw6HG5ClM12OPkMg,57,-0.0013441344134413437
vtfv5u6uGa-Zrw2QW5vYzA,5,
vuE1iseFrgNPumUEfHIZZQ,74,-0.07103840682788048
vuSp3ILoi1iryDH-CeRGEQ,6,-0.0008547233326320227
vufXnNdvRl_Y0wAj_wLzOg,25,-0.04378762999452655
vupqhNCiMfbQXBl9C-y4Ag,20,-0.0014353140079602694
vvMG0sIw2Yw7iXaE14K46A,33,-0.0010271699322468412
vvfXLBxn_f_02b3jDMHBpQ,21,0.006203890006706909
vwAhm3pRjCEz_jNXr9vMaA,66,-0.04466246624662467
vxWjLZMn3uzDQyOjAdwq3w,132,-0.005394024442271704
vy0IlrE3Zl44HwxbsZhh2g,74,-0.0023487864045139586
vy_rin8cRkzrUSmcVpFpJg,39,-0.0029451738799735664
vz0oI7GR9AOtmJpO5o_Ucw,38,0.016163583252190847
vzj9FLQwxNpQfy_24C8mxA,10,0.000511197663096397
w-1f4fPybV9MfVqDnCsTdA,44,0.0015683817876363223
w-4oUyYk-0wN3Gg0YN4M9g,25,-0.01967435549525102
w-CmycB7MHsz_Ld5vAXyRQ,8,-8.512087163772556e-05
w-DEeeCRDlKoyO2P7nTKdQ,55,0.0011101532507643932
w-Dv99PHEAnrqNwStTZsdw,8,-0.0011272309779772468
w-Ru1pGSt9frPdCtcZNHVQ,2,
w-uIQBEDvCd_XLNdzg8olg,45,0.018410462776659954
w0MduHbQNWZkYl66jZIiEA,93,-0.01272640249892939
w0XIMGG5xwEwFdbXzkp8mw,15,0.005482986615062084
w0zKpH49tW6Y-b6ZJzKMFw,59,0.0002924442042371093
w11Otihc6hePFT37pPc8Cg,8,-0.0003282634861582228
w2c286TS4vS_2QEse8d6ew,6,0.0015384615384615385
w32t3LyWYApFIr-aldKUVA,10,0.01579532814238042
w3R4cgg_HPI0F55PCLpufA,11,-0.0026293978107405185
w3dtTa8Xfmvo01xMu4Kxrg,17,-0.0007648593914459039
w3giBYDmPWWnsNq5Sr2KQA,63,0.004317200636219041
w4NsEeqUfkHqKDXiBKpuKA,7,-0.002016129032258064
w4eReKam-skGORjv41A7KQ,20,0.0005353227597596744
w54Lw6fQqJ-WKmTkizL2FQ,3,
w55VlTgAoRXPnqFte3j9ew,60,-0.14068863383931876
w5FjaN7TdoduMUD0CYYD8g,10,-0.09849624060150378
w5Snu90GtjHct36NewoXwA,6,-0.0002098988287645356
w5UWnbTFwgLqrbuMuQGvOg,12,0.00018990775908844253
w5fyVRnGWXl_ldGt0Hu5uQ,26,0.0010883366588064578
w5wfWE6skJDi_-mS56DB-g,52,0.0017857142857142857
w6MkrKwuc3R8rmR4KLl1Ww,29,0.0013301971506305874
w6WduajsiHjcFN4WxgRTkA,5,
w7YJh9KtNpilpBlD7OTvxA,41,0.00014840555356413057
w7YOraGDdCx1KJ2gFgu1pw,31,-0.0036425926392422603
w7kKNELhnc00MwPOQhaZpQ,45,-0.0990657500440684
w7sn5HKh0p22jKf8k-7vaQ,5,
w85pPE4Hy6TNf99vg3jeVg,36,-0.010151035097972869
w89QueMvn2bq2dmnTz-Mww,42,-0.0023435650595754753
w95-wGc1hJ31fRNajtEtOg,11,-0.19230769230769232
w9GI3f5z_I3h1FvJo0oc8A,51,-0.0025412306964206714
w9_EQB0SuAFYxPMcfY_P_g,59,-0.01238479262672811
w9hS5x1F52Id-G1KTrAOZg,21,-0.07402597402597402
w9o0TzusrCcaeniqyW4NCg,17,-0.0009647495361781074
w9yjK_llCIvSPkEsx9qJrA,22,-0.0007933569577405194
wADYKG5qIyJcq7iisTPlPg,53,-0.0009373757663256125
wAIZDurYmEeSR9vQxge89w,4,
wATz5hBUiCzJpEil-TIVdw,10,0.002532395409107738
wAUkOyvAoyE6F7zuQ3g_UA,16,-0.05336617405582924
wAVlWqMnVk4A8Vqza5ItSw,8,0.0005851966911100678
wAgw6Ufvgnnh6HoTzHvM1Q,22,0.003531048571730478
wAuDCL64a2D1C7CEPzsZhA,9,-0.0032833020637898693
wAxs2JRqxdj_7Hr0nRYuAw,9,-0.0023529411764705876
wB1Tin0OW1JRpaKM-E3ZYA,161,-0.008236526375928397
wBGJ2BCHU0jGPpUKjL_bmQ,9,-0.0026146605555384646
wCH3LUgCzuGWcs8Ov_Q5uA,24,-0.024162895927601815
wCiDByT7h9zSFvWzBJwJog,8,-0.0006530185783785545
wCluBbW9nzS7MEMFltMwJw,62,0.0007421150278293132
wDIoXmmJ2Pfc_OebquhIYw,31,0.0021578946625625734
wDNMIOy1Y4HxqeD8cBjfrQ,5,
wDaZZM-R-DvhoWR8y8q0mg,55,0.0035313627938737685
wDdtwWo-TxHifDoMGx5Wdw,40,0.00536559569720499
wDhNKCkOObNSw54av90ZmQ,6,0.00024001536098310295
wDsyh_29ycKVC3pefiqO6w,102,0.00667009176912447
wEsDniqTgAc3MNb0p-RznA,8,-0.007863089731729882
wF978e1ynly8szIHIoLiRA,10,-0.004889228418640183
wFzRHd3HJ6m0g2dUW1kxlw,33,0.017767106842737097
wGnBaLvgH3hrq6C3AnO5Mg,71,-0.004411526328258457
wH8fxWLGeByU8W3nABHFrg,13,0.008060692271218585
wHCIR3lqhsYcX2cMu0fUsA,15,-0.0005107252298263533
wHkYLlZyPXllrQRlvidUlg,167,0.02667083160441794
wIqtSoKR8rwTmDCbqKHjJw,10,0.0016870536782041205
wJAK6B-dmgGrco3KYwvWXQ,44,0.004816361758858253
wJAzMFdnvEAOAxQks4jwuA,6,0.0018932055933218279
wJDWYnlaRgYNeas08Tz0cQ,5,
wJvkxHX_KSUwvsoEjrRe-g,30,-0.00023085802231627536
wJxy5gsCOIHoIH20yV80ng,4,
wKTKon1F5krJ35zAEtEqxw,40,-0.024378635642517188
wKdZzz1A4BxUfHibso0bHQ,20,-0.002137039971323481
wLMKPkH0t9kN-RLIJ26ORQ,6,-0.4999999999999999
wLjKH79HxgqsNzKh-rMsvg,24,-0.009986973512809378
wLmJGKsj4LnXldXj3ecK0A,36,0.0021731984367580996
wLqMLEOEtDSpYl9so6Yf8g,5,
wLzrd4ulKXJN4s_CzZAlgQ,73,0.0016002723867892387
wMOc7AiJXXKbtvVe8JQo7Q,14,0.0024099318403115874
wMQkdK2aNMvq2xoojC98Mw,122,0.003966171795425784
wMSpjI-SmWlhdOyU4vOs7g,47,-0.0008301436478681581
wM_9vWMHbevos_aBcG11dw,7,-0.0013883746760459093
wN2fnIUzL7VfggfesSG_yQ,64,-0.005308150562338044
wNj6mfivohSUpwP5AjmLoQ,5,
wNjjT9gIeWS2_-xYu96aBA,7,0.002375663334567444
wNtcmwEWxk-La909UW-BGA,31,-0.005899814471243043
wOT99C7ZqRf8SIfd5sRVlQ,55,0.00464721390589392
wOp0SwGeUFP3MTKXDwSmjQ,7,0.0012087163772557031
wOtGeoas3Q3_jmI3fji73g,8,-0.0005338173277104573
wP0SSjU7R-m9j-VRhOCzmg,9,0.034965034965034975
wPAaAbFbq5wfLfW0gnYU7g,10,-0.002207147919408729
wPSQ2EGGlpTpjC4fsICQsg,27,-0.04596774193548389
wPgAvTOsSlkRBi5W6F7wUg,23,-0.041506410256410255
wPi7p5fZyGTOjDU28IlTqA,138,0.00805262108829978
wPmeTBMlMsOh0K0LrWVPUQ,16,-0.0017170621255719611
wQWhY5vA3ESMh6qFHMYvrg,67,-0.0030366966207674173
wQhOqnrtMyLOFzmWSILmPw,5,
wR8V8u3_wv-yjR-CIHyY0Q,8,-0.0002734107997265897
wROKil5dFcY24ie52nzVjg,29,-0.0037644787644787636
wRknFYxBMmcN12ABgyLb8g,6,-0.015315315315315313
wRlOL_SMq_LT2lnTpxvPzQ,62,-0.017910296648779994
wSBOPm5hzdhvRsgIHxraJw,19,0.0009803501862237257
wSu5RMXnCjXGLvU4DEi5Ow,27,0.004155614500442085
wSuEwNNOTSH8LJcH1PJAYg,12,0.013833992094861662
wTCA2ZJsssbOCjG0h0ZiGg,38,-0.16261398176291794
wTVczLDput_PVOXrPiqdvA,15,0.000617200217037439
wTZMIjj8RHMamUO1WzLTlQ,8,0.0010595542564852027
wU1_0cp9riS3VL_StLkPoA,10,-0.0009954751131221718
wUMb_6v15-jBH14RAhkYog,30,0.005396480966083302
wUiJDkB_YUZEgTQshpUZZg,6,0.0002856530743412125
wUnLSg_GKfEIQ5CQQ770_g,155,0.011480259318434965
wUridsxK5ilsd8cJ2lIFQQ,35,0.0012075134168157422
wUzarCJUtAMcsR3Lt2B45A,10,-0.0015525403074615669
wVFy58Rt0x_ZGGLK_6VifA,19,-0.0035296981499513143
wVgo5MaohDWNuudZWWwfJg,30,-0.0011190007499062612
wVuY_KHHmKsXKIkZeiqIFg,9,-0.00015142690739662192
wVxXRFf10zTTAs11nr4xeA,46,0.0016216453767725306
wW42VhGDtIsYBUgjFLQOew,5,
wWAm80RMprporgLGK1OaCg,10,-0.0009120583717357907
wWTeWMAhnHBSENOHxuz5iA,9,0.0013331689348519643
wWWLeciVf0w-6nxu1_YosA,8,-0.17857142857142858
wX-P6NJ6gHt28Xej5yY4nw,23,0.0025921658986175116
wXFKcJEgCtsHuVBU56tjig,5,
wXKiStXyJo0zI4uCwpNFMg,8,0.0009537632179141615
wXMUeRbZRr9B6sBPRhvf4w,17,-0.0014990532295392387
wXx9-VOaJbkZJze-W50euw,6,0.0035534213685474193
wYJxaGAGhSaAf_6UG7bD9g,77,0.021086035466566438
wYiBubWapdyJnJTZhkzhQg,16,0.0013026113671274961
wYmOLW9oiuwPbk0H9u5_UA,51,-0.002806061434380018
wZ6EfAVljGcjT1JPbc9htA,26,0.001251778093883357
wZbk5vEGyxtGxLUJ09j-8g,5,
w_1UjetUIQ4hjEk0QdcyEg,4,
w_JNBcdRer2wZlKMiC4hHA,27,-0.11548987411056374
wa3q5TWk2uQITvYh73IwHQ,8,-0.0008612440191387557
waJ7fhSZaT-j2GvjoFZ7VQ,27,0.00037236918619479493
waPAecxML2o95uZhalnBtg,10,-2.4342745861733376e-05
waUa7Egg0WmvhkIzj4ImXg,17,-0.000997556490414893
waWvlZPOgPkfSTsnCju4aA,36,-0.47984826932195357
waafKhA-LtJSZXlECyfEXw,45,-0.006143194335169159
wadDHdeLQLZGMKQa9CE6Xw,34,-0.029414147962077627
wbCox5gNs_8refT-QhF6-Q,5,
wbDRmtxaKRpBOjutvV6TEA,170,0.02686858991450257
wbEsvQ-WTQ1M95QcRrApLg,6,0.009552757273122015
wbSbQhT70kIpJ3yChtybQA,6,0.0031158357771260995
wbxUJ8U6Ll6vbgF9ukihcw,8,-0.00039024390243902436
wbzPfKwxmaXxfR8B-TJRNw,3,
wc2XgFV0HnvgF127QHkSNw,76,-0.02210405094160683
wcL88nbU3PkGlQcZPC7kAg,21,-0.032773109243697474
wcmatdiNPFeo6HKNNF97Ww,21,-0.09478260869565217
wd1AqgQQdeoMCMEwvvs4ow,32,0.0003588995761207113
wdMuaYX5_RmPEx2FYgUTzA,9,0.0024072655651603023
wddI5aXd5CNkuHbz3n3hRQ,25,0.0012573527803896702
wdvScg_MH8F-PNfTNHJ1zA,46,4.393094056143743e-05
weWSsq0CJ8tYFJgYdZ3jMw,6,-0.0008162732229731942
wfMQGv1JYisUcYwGlNq9xg,22,0.0024133620390304877
wfaXAE1Kh7D5CYr-AsiSOg,8,-0.0029160895239483866
wg_2oIPo-3pIwj24qvYOaw,17,0.001417198845245385
wgoe4T_BDoV9lljhKo9gUw,5,
wgyh6_YZt_ByA9iBbX5i7g,20,0.00025192012288786486
wh9WMoi0ukhQy-kvjpC4uQ,22,-0.0009630818619582663
wiHD9cNZnyOS8i4r0nGqMw,11,-0.001243983709737134
wiI0GYhfuIjrBldrQdytWg,51,-0.01483216237314598
wie4Jr_xNJ220AXUfB6z0g,14,0.0004771400085457912
wiqiWDDBPNZ8N-19F0Dq0Q,14,0.0005052643078561771
wjGV_sRxlhLKgvOBA8PhYQ,65,-0.010292484265087005
wjJ4QBThuRUAz3m5-Wqxkg,13,-0.14085470085470084
wjM_MV5wAXaryDJ4QwL8zw,7,0.0040169133192389005
wk06Ac3RCipXqtgyqaSzxA,7,0.0009219840290198251
wk97-U9eVonoAyDyRQX3ig,31,0.00026773802442805225
wkKOXNzFjTgWLqZXl2MW1A,11,0.0007901668129938542
wkQb18eIMyb5Fvzg5LOlCg,20,-0.0406663141195135
wkoSjepdvk_tlkj7fi5NQg,8,0.009300798774482985
wlXbnp783kdjgY9hXOdYEg,12,0.0017537136803191843
wlmddk9BEW3dnxuaFwwjaw,22,0.0008786482334869434
wltU8uAAmMDhMAqBAuIZzw,79,0.0013897866839043312
wmVJ-R-kZmWbD65NyWM46g,37,-0.00166229610204898
wmshiKBSc-fW2F7M3WAyuw,25,0.0036319612590799025
wn8PDBejGwgX8pkUh7cJHw,8,0.014973262032085564
wnTVzPN7A6q1FZHI6a3FyQ,11,-0.022212495896706427
wnsvzUn2eqJqGJalrJiT4g,30,0.002219219240465729
woAHqun9kl4U6HuJUeRqCw,56,0.004040494938132733
woEzdPOYu5KmRHu1NjxKYw,12,0.0015278838808250568
woNKqqAki96qvJX3JONQfw,23,0.0044697408193452946
woTZpX92uByUgliPrh39Mg,96,-0.04187536400698893
woX1g_c-fxzhl15mKK_ILg,14,0.0017427821522309705
wocwfwSFrNfYJRyfYSi1Cw,76,-0.11614698806547487
wonHZWFcekpuzJUPsec8ng,14,0.003287397433200084
wopwoiKIllIzcggK7HkTmw,124,-0.014251300057780348
wpLrLT6fGsStEZkatC_k6w,5,
wpNlcIJiWlUlGxwafLKYYA,9,-0.0018471096931279125
wq752-80E0Tg2q8donVE7w,31,0.0017961929297266356
wqPvcBvJpwLDYQyBOStrew,11,-0.0001716462334607898
wqpTOjsmogJy7syELpUE0g,31,0.0061625874125874145
wr46ByJI0i_7TwvvN9U38A,19,0.0015794416460343215
wrBECCxHdYlO4VHcHWCssQ,28,-0.0006913536443468143
wrQB8peQ0H4Oqd5Dszz6NA,8,0.0014555193292966927
wrlH33d6kVvLvoxTvG5wVA,25,0.011711711711711712
ws8ltnaTw9MJuF6fZehOVQ,22,-0.0427807486631016
wsRRALb4nihuUYhBbmHbxA,71,0.0010832847990681405
wsr5zfPb6OZX4mQ7S-D8rQ,8,-0.7867132867132868
wsr7P0b527cx8bCGOdWVQA,9,-0.0007797741949655142
wsvGdHY8nD5xtMrztt6iBA,32,0.0014227642276422763
wsyVH0sf0ttt6G7JqmP9vg,71,-0.01787094176162645
wt3g5oHBuvpMJb_ZYFIGMQ,17,-0.0007107757107757107
wt3g7C34-PMjf54C0B4MGw,15,-0.0002846902010566207
wtBnhvQdCsiqwUFW84qfdw,14,-0.3978021978021979
wtFgXCVy9IVDo10PLU_bjg,8,-0.28131868131868126
wtL_W_OZ_JMqGBdt1oAJ3Q,28,-0.030566801619433193
wtyRjMk3uwx27_wvnzRkog,23,-0.008042691061558988
wu65uBHDTyKEapumSk45og,7,-0.001636826068343783
wu6SSj2rw9Cc9frUmexEng,27,-0.1049261504311449
wuH4TPUo8oJo4E59xZKsNg,59,-0.23435099846390176
wuRdlQ8jwEjWGeiRpAa3TA,8,-0.008771929824561403
wvNFqRE-zEb95tMHcl4Wjw,83,-0.01923241193152697
ww1Earyr85UwXHwjA7wAlA,4,
wwGdjg0gBmDu0CWPzNO9IA,8,-0.007687165775401071
wwUV-C7sNdzglMAm3RyVyw,12,0.0011787174360657698
wwcqbb78SGqWSdzbq9j-Ww,42,-0.0076632228530962715
wwjqdFxiJREbFeNQoLd_Ew,5,
wxIhOSa-ywz8eDrUQAGkCA,11,0.0020161290322580636
wxLEtkp7OIB1BaKwjYqWow,9,0.01680672268907563
wxO1S4NuUTX7M2BfSvkRhQ,5,
wxhQRBdPwthi4ZiazMXEwg,4,
wyDWf4-YO_CMgW3XiMMM4g,13,-0.0008816288508882825
wyT044EirxfcotSSqG_S6Q,4,
wyh8nZqjR0D_t86F3v7oPw,26,0.0006090483278482572
wyriYrcjGqbyRiW9MyIdbw,13,-0.02550607287449393
wzDTQ2rBUyVLptcWXQv3oQ,35,0.013442431326709525
wzyuBcu40tA3m541Pv0d3g,7,0.0012096774193548394
x-Jq6ChfYfKwfoRid3GnMQ,22,-0.0003741824370040804
x-eCOnXocZIlaAZznK8E_Q,3,
x03j48hmv0R7NQcUjD0MQg,28,-0.090753863228891
x0B2COlqOwPBeJRhEJ0PWA,10,0.00020898017673752085
x0rHnGoppm_1yFSJkAbqFA,22,-0.00039988746885298614
x19ByetjgKorjAfoDtZx0w,9,-0.06643356643356643
x19LbnFdSo3LXYqfOrTtBg,19,-0.41729323308270677
x1CpCXik31TwTtMPMcrcug,19,-0.23308270676691728
x1aPFdSi2jKPiYrNuS6yRw,7,-0.0001529785767124695
x1p-knHTbmDIuhnbkuYT5g,6,0.0002672061686452647
x27N_KruhWFd7yhwSjVh-g,21,0.002287581699346405
x2J-YIFeGZ-nsezzooVA9g,5,
x2xQUz1YfOzy5A9FRuCpMw,15,0.008547008547008548
x35eSk5KIM2pDqnQSkmB-Q,9,-0.0010847694864841223
x39G7-aTCVh-972fgogKtA,122,-0.0007504011419257848
x3Po3HUD4ac_dpbMg1jDVA,13,0.00011608924360602207
x3WfR5-l2ZU_e--_NUGikQ,4,
x3eNFvMD1LaqpBnJSD6A9Q,5,
x3jRG95AVMBFcxVovRwIRg,21,-0.31807081807081805
x4855nj7vfdXeVpg5fREZA,27,-0.020456069751844393
x4B5D2D8ZMzv5djl1-gD2w,6,-0.004555860805860806
x4RNE1fteTY75XJCr9phnQ,7,-0.0001518434617026166
x4k_z6JIeR_JW4SUCUPBsw,22,0.0030077225308223813
x4yPO-t8bLp3vWWb4yn9Mg,33,0.0013845350052246607
x5GkG0oI_S107wLlgdBxVA,59,-0.11723901098901099
x5RQogP-uQrhW0cFRkZuPQ,5,
x5V3KWRLzGbdOZ24AqceWA,19,0.0062804284323271665
x5afm1vBKgYji1DpTqW4VA,9,-0.0022408963585434185
x5uhYQd6SLIQtpZW7b4Lhw,8,0.019556913674560732
x67huqR9qbjoodRBu3KWfg,5,
x693RJXO2N3RR9aAhT34_g,22,0.0017977944583449168
x6__XFxj5KQY3r2GNyc8DQ,7,-0.09523809523809523
x6a6XS8xa4pEk_16Q4OjgA,4,
x6hqqhsStCIcbtMw6dnt-A,10,-0.0008395953150581418
x6oSCUwOGzJvxkKJ230jdw,12,0.005811965811965812
x6ooXAGn97DgtD6FUR4RNw,12,0.0030956719371461046
x6uWZx9z_KbvEP0rU37Cvw,4,
x78CiGQcmM7BrBWa5wJGTA,23,-0.0008005479686630424
x7FzuMni_AxeiiyAcGJtGw,5,
x7R0FReViemWjQO581WI5A,9,-0.0033956966075684857
x7gEX6dthpJvoOafV1XHaA,34,-0.006732102848607704
x7jmbNVlvKJPW_bOmedWzg,18,0.0025596889491909833
x7qsWsEF77C2UMDVRSwryg,15,0.0011244280026923657
x7rGLPiCGM1wqq3MCAQpTQ,14,-0.1067193675889328
x8H-yQUbbeaC28Sj4cqy4w,105,0.0017194978844068019
x8ZyCVjQYWSPhUnYGxl_5Q,22,-0.0033794445613296864
x8cu2dYQHfQYSDLxGBg5cw,7,4.514202375164935e-05
x8joRxn_TPorP1C2LSdSYg,37,-0.07701600724856539
x97g0iKLKZD96cQmRlQGKg,27,-0.0038944879930322275
x9GVxPYqwLNsBLBI_ZIxYw,10,0.0009899743636696576
x9I3MKNDtQQajmkexBsCSA,10,-0.7824175824175824
x9m3QI3wc4Q8X3GQr6slFA,6,-0.001630317758159279
xAW4nw9DrW77vWF61_l-Qg,59,0.018787182966287442
xAfYjdlOdDU0Q5SkHU7Q2Q,9,-0.06090225563909774
xBMkvH_qR-LhA-kJ_Gwvqg,39,-0.18682476943346507
xBS2bMESuefLuhZMltM_ww,49,0.002826012938372489
xByz2KVNOKmwBbHxabjsKQ,5,
xC9O7QDsx3o8oTENWVFMvg,12,-8.153756552125803e-05
xCAQ9Ft47lxgTOIgJ0xVyA,19,0.0014878140232470944
xCXGV3wEvYd4xBGx8ZRFQA,106,0.001457463764970013
xD1ovhLL246MNc3OZJwtpw,6,-0.0013875365141187924
xDEee0p41GueCDN0EAp-YA,50,-0.0303915838690824
xDLoMSXpK5ZQUh6WJ1PZLg,42,-0.001456651456651457
xEJAn8fVO6d2Cx2NB7yGRg,12,-0.00316326530612245
xEaNFfbt5V3evb7H2XFX-A,30,-0.04226073593443183
xEjTSrrDjbS-3S6AthnuKg,8,-0.005689900426742531
xEnNPPOeoKCfyaOkUX0tFQ,54,-0.0014096911839887427
xFMjS1tZNcEkqsT_9bfRdg,8,-0.0016202844774273347
xFbdXq4NZ6I_ulCcNEy8Qw,47,0.0024469933367307537
xFkINhOx95KPIGvoGRzcmg,14,0.0038054968287526436
xFtfdn4pBkRIViPfOBK73w,5,
xGBHv5kA1Cm4eYyqzxy7Kw,30,0.00018057060310581422
xGZvHozMwUjNjcdx40VPEA,6,-0.0013707466537655226
xG_kGicbzurCuK9aoTqg8A,15,0.002280652319396992
xGdwgy-DM98Tpy-S-GCegA,6,0.0018148820326678765
xHRRyEss7MdIszW9wDkQ2Q,8,-0.00022354694485842016
xHrDP1y4H-aCUtKKcjyWRQ,5,
xHsCrn35_NHPoEiBs9kWwg,47,-0.029246662578423514
xHspDrdyq1g27yRDezB5yA,12,-0.0006367679617547364
xIVnWEdnztf7-2tI4U9ElQ,8,0.008441258094357076
xI_IeVoVXLcXv77Yt7mY9g,36,0.0016255463641946315
xJ3aziMabFEjF8X0kvPfLw,25,0.0012146674669181743
xJWchnP9x_5STCQzEazQ7Q,13,0.0014170602945262573
xKHMrTJDB5IInNjnkl3mQg,30,-0.0020220658901318575
xKPf2mNMmhm39CArujn2Wg,14,-0.5032967032967033
xKobpA4w0P_J2jFMP7wcnw,45,-0.005198277658170706
xKyIOJsQdB387ESxUJhWxw,32,-0.0007292677355608131
xLgVWOSAeT19zKb9Xo60KQ,6,-0.00135676842429849
xM-HnG-yurTNI38ui0Akzw,18,0.0016664292835778377
xMH3_UDXy4oKyVrLmyooNw,28,-0.0008133909842030912
xMJVdJLw6b5_DfJQwqaHcQ,29,-0.06778280542986426
xMR0IwVAbJzRt9TSlQoHRg,11,0.0013153087321885275
xMg1u9IrHaJ1K0VU49bqyQ,8,-0.005229321111076933
xNNVZ3FHLfzF54eiqN3dYA,13,-0.07533539731682148
xOCVsyNHR5Rjhx3ZVDJNnQ,3,
xObSX9_zzibtC53jCOSaig,12,0.001587724980629755
xOeBBrc2l5OfjX_cY4bIvA,9,0.11666666666666664
xOr3cP1xO2qC4lx2E9jnBg,9,-0.0015667390124796529
xPi3UL7FKhHqxGbJOYdAjw,16,-0.047430830039525695
xQAr8LBmjvN5ns_oWEDSwA,5,
xQE1fuwKCXJEBcJgSSCNbw,71,-0.14923485128964578
xQWamI3Fu7LjAp2BQFURgw,8,0.0022455320065212715
xQblY1vBHV8Fp3Xdi3rDcw,125,-0.0005987233105877189
xQrzu_DJHwVdokMDLq7KTA,40,-0.004570791527313265
xR812rwwVSK4MQcB8QsEnQ,6,0.011142721669037462
xRRd5XWJrCs7H-A4M4i1jQ,7,-0.005772005772005772
xS8CV9gvrmogcUUyZCrMKg,6,-0.00012149438088488416
xSALjCBZUzmUlQh488VDKA,21,-0.021811284969179705
xSBPlusiuuEQVcFOg9AMgw,8,-0.0003903799233182292
xSPRSi7rsLBKF63s7FBbyg,4,
xTCSNzu7387VHOPO7DkEzA,130,0.010327802358162889
xTINmUeo7FhXjnitH2a8vQ,8,-0.00028226221877862323
xTToUHfG8hspNEn-tVSNIg,38,0.003980924735641717
xTpXA1J2Yl3iLB9RXDGwcw,5,
xU3imh0Rxst6D2Ctd1AJHw,8,0.005502392344497608
xUWjJzplLy6SiYL413VUaQ,6,-0.0002993906519671729
xV32Y7jne4duaM3H_r_ryQ,60,-0.008957080655193862
xVExbX_AWD3jlzXnKlvItQ,39,0.0003933630447973554
xVsNfyuMEX5d1QHHMsU6YA,6,0.0009398496240601505
xW0SIKSv4igdkz78KYLIZg,11,0.0006886243527464904
xW6nJmGqY-lq4i0xKtBMCg,20,-0.1600985221674877
xWCERoeAakW3OiA4DR9iqw,12,0.0005650926837621472
xWIpnqIyNdsgn2dWoz0_1g,5,
xWWozjUBzKNeV4Q2CHcJFQ,3,
xWaAs6tFfx3YeUky6oiS-g,13,0.00011131421072365962
xWfm4AwLZr-B97fYVsIgCA,77,-0.08922764227642277
xWl-iea0iGvID_fqTxaNQw,11,0.0008504606661941886
xWqNG_nnuwBqlS7XBZ3aEg,5,
xWvxtxqvcLSZSraR86MT8w,6,0.0005520552055205518
xWxn5wmpSNUVKvyTuVdVJg,11,-0.1826625386996904
xX-8OPSM_rp23ns3MlbrEw,7,-0.0022419685577580316
xXD8QNGjjIMgtTGwceriJQ,86,-0.0010730863103867898
xXFSEWRO0012YBbdoJ1kRw,15,-0.2536752136752137
xY0jpu0zzGEBr-bGBdPs-w,15,0.0033086274637846784
xYHDcds5WortjUJnfvh_wA,42,-0.03711389576183255
xYOETY4C57qgs0ldtDYX_Q,7,-0.03956043956043956
xYfX43qH2bLNKpcqINdS_g,22,-0.10837438423645322
xYiFhIxwluJ_qYIyScWufA,6,0.00027767493520918163
xYm4-lEjgMkQWxrQLWXVpQ,35,0.0014611912954108762
xYnPSmVyKTevyjky3PlTDg,7,-0.0026315789473684214
xZ8xX5epDVMqD6mklwtP3g,8,0.0051824431517715494
xZpgV4EKF1DACo__pQi2QQ,7,0.004563675609004009
x_NMDVi_xZ6Bph0yuWycEw,16,-0.0025103127649642263
x_Y3I1FpBp4MPp79CstMfA,7,0.0005862810240375217
x_f_PFhioqXz-yoBCaRaOg,47,0.00025447462140341427
x_nTQqKX4qttGI3n5Vbaow,5,
x_woah0uFedYDfnhJF7dGQ,6,-0.024675324675324673
xa49Z4ar0PXDgjZyHrqbHQ,21,-0.061400293255131966
xb-qtXVZ7xFr51Se5fAZjg,8,0.08333333333333334
xb5NsCqvQw2uE5HoQyDr0g,99,0.005333030487041732
xbX3gQtqaki0LCZTPhY-jA,8,-0.11428571428571428
xbaxgLzJEM7AtrNJCPhkmg,10,-5.382899513334092e-18
xbf-mSUzJc9_8YEZeFIjVw,13,0.0055269677911187354
xc2zZnZZykbxbbKP0aVAMA,5,
xc5Z7nSf2751PtTO_G8bhA,13,-0.005963972736124634
xcd6i8D-4k3J-Xw9nuTc0g,7,0.007352941176470588
xcySfsPDols3EdtFC6b76g,102,0.004019452533116864
xd9iZqFLnZe2jsUStQhYBQ,10,-0.006435006435006436
xdHXSkF0h96AHm0EtXz9Ng,5,
xdc0TbKkHMZN3N82oeq2XA,23,-0.025982905982905966
xdferXKwbgXAxbtmAShhAQ,68,-0.0197681175988644
xdin_ROmRZPlLhqv_hsUmw,17,-0.0011631687317126033
xdqIB-PWPv6JUhrGHyKdOg,68,0.0038863822805578346
xdtJQYjoohuvzfZXiSEgRQ,29,0.0002880128005689142
xeX0beo_B3CYoeR9gfJG8A,7,-0.00962566844919786
xellD0NghW7cmmeIgjmEXA,55,-0.005671350648412383
xezc32QtS9AAGfA1u6w12A,43,-0.001555670577409707
xfS0MaeCdPKrWZ277H7xzg,38,0.006756178048719047
xfmkEGiIERBaBMLhw-dTCg,7,-0.0005129819040125883
xg2BYY0tswiEDz2HvTRq2w,20,0.0071501532175689475
xgCDtx95_83aF3lU-30noA,23,-0.00018967619563744782
xh9fJV5XKLpP9U8scDfq_g,11,0.0027682843472317162
xhAzk9qYpHR-nu_0sZIcWg,46,-0.20363591620781935
xh_eyrBGeAsMrEVC8Nurtw,13,0.004002287021154945
xhdirtsnMI0245B4b1vbZQ,7,0.0013094608546750262
xiypSwxmQJ8p7qnYuky6Cg,6,1.9221158651443583e-05
xjPie6OJg5lM3Q9oJsJoeA,15,0.0001514269073966217
xkHm1pEx803UnzbZNVqu-g,28,0.0067841120472699416
xkHrEi6LWtkZMyOyPgv7lQ,11,-0.00028055212658511955
xkhq6Ah7Do8BnBj8-CgT6g,4,
xktxinKR7zKt0Z_fxAn6Wg,8,-0.005681818181818183
xl-HIG2kRB8f7ZR2H_bHnQ,9,-0.0012684989429175477
xlhc-wi6T7i-xxWTPMwaHA,90,0.010000444464198406
xls2j87693NX8dAaqBKfDg,6,-0.015384615384615385
xmCXx8SkgKOJa-QeayatUA,90,0.0029192115680219824
xmWaBhJuOtaYlvGvpjDqSA,4,
xmesPOov35ysPjY8ck3tXQ,5,
xmoQxKSelwLYjDAs3nND0g,31,0.0007791429427629608
xmxm5eK2eBfJQkpygVZ5eg,9,-0.0006938020351526365
xn-eXDRGtkOogG86yUCRPw,5,
xnmIZz0EJ1Pv42JufeN-Qw,11,0.0064757675689206705
xnmLIzRZEzOod7LPY64elw,8,0.02197802197802198
xo4z2wCKcdK7FQ_6EYDhvA,36,0.001315602791141608
xoHg2bSnRSnfLlSgnCQ_TQ,46,-0.017040466118604835
xoMWJ37LeJJZe3oiK-H6-g,4,
xp0ZfLeSimsQIe0DNtpu9A,6,-0.5142857142857143
xpvAGZPHCwv4JPj8aNMuCw,5,
xq28cPEi0e8UpULdkcdghA,7,-0.001641416087418893
xqK_Llsauh92u7iovSKPGw,7,-0.0024815560026827635
xqTKndQhNrEDKNvDBU0uQw,13,-0.0016144620656328259
xqZEtPWPfaGQva5mW5ADBQ,34,0.0021323271323271326
xrDD4x5QHyi2YbiB3Eog-Q,14,-0.045454545454545456
xrUtLEFyxzfjflTC2nqLXQ,35,0.0017686860739575142
xrlyoI0SHEFBJa52qQnPUw,49,-0.0359346276850243
xruWHK8Z5N0JWyQubLHjgA,65,-0.0015414206715999254
xsjUtvTz3WLQSJDS8evySg,20,0.061064425770308114
xsyyMWSKHwnWrDygrdJ8aA,10,0.0009897771195318424
xtEDyU98DnjqsCuV8apV6A,6,-0.13333333333333333
xtpXx1VW_wa6wCLoXhgA-Q,40,0.005220466689732057
xuC4UNdSvjZckNZFqOklkg,56,-0.0026182373775956655
xucuWBRkLRVwqGcOvq_vPA,28,3.461841070023622e-05
xufzUDqIr3-rc68Sv1zR1g,11,-0.6363636363636365
xvgNB1eqquyuxghWG7cUjw,38,0.00395954992166358
xvxgYvElx0nrGBzy-fnELw,22,-0.001957780047667688
xw6QvFExDjvYyqBTt2qA0w,5,
xwyRa1tu9V3_JGHMiCg8Og,22,-0.11129032258064513
xxEHFHP76kpurV_ra9YGHw,16,-0.0014192274466247078
xxL2_-oExRCwKs_Nyr0KiQ,155,0.00014581016195100926
xxiHB_oOFeTXKCzMxBOCdg,5,
xxwFeRxm6SYJcWvAPWqB5w,38,-0.0015828379392044834
xy0a_zLyI9zjDi9Yel734w,9,0.0012645249487354753
xy2FTOvVeVhkJQ2ilU8bBA,46,-0.03021607908319483
xyEGv9slxSY_puWlB7L7jw,18,0.00011111882769636784
xz3z2vqP8XkAsA11HA9pDg,12,-0.3941176470588235
xz_RcwDtr8_nHWnSj-oU-A,27,0.0020751093566627556
xzqdcjrtyrxWWh7XWbKSRw,6,-0.00030212431156569606
y--UQiSyVPAmWjRkZ9tdPQ,36,0.00010385523210070805
y-mfgQ9p18pVxdD_5_BbpA,7,-0.06764705882352941
y-sX42MoA2AsGBmUrI0InQ,8,0.0016144620656328252
y03BVJQmKIVvIuM0rePobw,69,-0.0031466443754478136
y04yvFFUW3KdwBOJTn6BGA,106,-0.00475458356232787
y0OOBEtZ64jqRTGpzNsmsA,66,-0.0026046239391278904
y0bamNPKpnciqIgozYxrLw,30,-0.03260869565217391
y0e9i-wx4lviLQjxT-mQ7Q,5,
y0mIE14r7fvOmXzTesiYmw,11,-0.007486631016042782
y1HcGuIOchLnsuRCT-8LjA,8,0.0006294256490952004
y1HgVnt4K5owmYXC5yXLGg,52,0.0153276955602537
y1KtJbwE1q221baLCvv1SA,5,
y1Z9tymuBGVDZnYZoLk-2Q,167,0.017876370668248837
y1k27CYeuRJ42cbsDs5KJw,12,0.005241935483870967
y2AQh1vbpSnyh2JdcwYnJw,26,0.0037157891140192022
y2UGgw29X2OXEDJMaLsnfQ,25,0.0009618305153386643
y2f1eQ3UR-5Wi64TJP617g,55,-0.0010944579993028927
y3LlrItb8nrzMYYiqQee3g,61,0.002080092448553269
y3n9Ifww9u5cxZe6oiLbpw,20,0.0014417693169092942
y3y5CquZ6lLDswB7uDVSTw,44,0.0045714285714285735
y44MbCvvtmg1FpkNGSWisw,67,-0.02147314161692892
y4VFp6qk_EFgNy9yKFlj3Q,47,-0.10554749233994518
y4Y9qXijJx_-4WKo0xaSgg,33,-0.004640267374891826
y4exYcOCc5ximnsZu5hx2w,12,-0.0011930711586333204
y4ikdNkpUAU19Za9WInkDw,50,-0.017061547453131324
y4wHN6CBd0se-QNwMdSM0A,16,0.002104032729398013
y4zd4gFTMW30xRCyGHWuDg,39,-0.005122883154865796
y50u2JA-dWO-gPjzsRvqow,6,0.01076923076923077
y53bddkzfz_aWu7enviTQw,21,-0.026153846153846156
y5PBPekernnQkwwUuTzwSQ,39,-0.015784391923093066
y5SdcwfKF8JgYwGFb_SfiQ,33,-0.001017943409247757
y5aRZEQExOFZwJ2Hj8htbw,12,-0.0008380594588736772
y6-J_UjNk69VNLb39c_5CA,80,0.0053687570499436
y6BfLt9Gvrq2JsJvjkjdIQ,22,-0.04268774703557311
y6FxggLj1xnJ0ArqV3UoVw,64,-0.11206258890469419
y6m-NyM9IeQj8-gokS8seA,12,-0.0013252664938058197
y7IbpgftK97lerMOrgHFoA,48,0.0013690943777353833
y7WPOc2_vCoBkwK3xPJ8XA,35,-0.17401612138454245
y7XfZ8xgOggcqoiyRHfwDg,41,0.0016960493793442494
y7qvy9LcyK2hr_VcPBiPaQ,64,-0.0038163590795169742
y8Fg9LFYpvDCr_zehmCOkg,17,0.0006012855069458847
y8gjlpJA89qDRCLC0JQaew,21,-0.6352226720647773
y930pQM0EUblQluRLkXLQg,12,-0.15824175824175823
y9Jpw5Koli_-dGL0S5RI0A,57,0.001784005679187629
y9XVl5058TPjHcO6O2HBaA,19,-0.0006025878408729854
y9aSZPm53VyQ6Vcsq370ng,14,0.001773907434284792
y9gjpTGwxdLJYPlN_CRhJA,4,
yAN4CbZnwczuEOvAlxOdlA,8,-0.006229143492769744
yAXiqUXVDdzWAXMFAobuCQ,24,0.0005880588058805881
yAYhr0P9RGyvmK0aGA1LlQ,9,0.0008207934336525308
yAwSBNIaS2OaRcwuPTJOoQ,5,
yB2OawAQ_U8qwv7gu1huMg,109,-0.011735958928773521
yBLLLb6mD4fI50ew95xP0A,7,-0.004666839512574541
yBbxaE9I25Ui_EcagN1H7w,6,-0.0071428571428571435
yC4Mk9qWwq-0VVTv2yQ1XQ,57,-0.0015257558790593502
yCJ5Ws_RarcO2pusKzmnkg,4,
yCUQ6csyVOR9krwQH9RIbQ,16,0.014705882352941175
yCircN2ybEcUrWUzqfXlew,39,0.00011246145474333414
yD6cXmbmhRxcd3Y84Ry5wA,44,0.0009698465879033679
yDGG_496blDSpnqefHT7nQ,14,-0.0039079461571862786
yDKf31OKa0HZrq31JK9EMg,10,-0.000511286652861927
yDPwHWr9bY88DhoQmMPWmg,6,0.0011667098781436348
yDS1XXAx43eHuONEy0SS4g,14,-0.012013348164627362
yDiLZXnZE4BwWVtIeZAllg,5,
yE23XInrBQ2Ef27vrg4VJQ,6,-0.002538339502908515
yED-u9Fi-MxUFs_69ogRQA,32,0.0034484599370095555
yEXvgdOxH6EGrwGmELzQAQ,39,-0.04050602601963445
yEa_sWqLpmB5NbXyAz_g_A,74,0.0035028741350427136
yEjvR9cWu7zCmos6QZcZfg,12,0.0013335437544385702
yFpOyYTVc2p2I-vNxe4nQw,55,-0.029342723004694836
yFqq66GxRjnhZXPgjA6hnw,8,0.001408806848968681
yG5tkMER9Ftkv4RDwMaQuA,50,-0.1803751803751804
yH1AyWc8uPmmsZOD3JlWqg,15,-0.00490589178734846
yHDaRDsyYXcT8_n0dcc49w,7,-0.0025937397698370724
yHF4IJeFnmnVwlfkO1RZQA,27,0.0002558439570532025
yHVRTVExX668sav-FXiKgA,76,0.011874606301850889
yHlMlOwgq65zWw84rLTxkw,10,0.0006240399385560686
yHsG1SuEtB_pTZ9TjvOxrg,19,0.0010228966264733776
yIIibdtcOnGsjtvgNuBqKA,48,-0.03347038754264719
yIw9cW6siE-vEVYyC8KMKQ,7,-0.004889228418640182
yIzi6HBBNCD-uX_s7YcOFg,11,0.0006242004839480298
yJ1g8Q_z20wzUe53tUMsIg,5,
yJATJa1CdUFmo4o9bXut8g,9,-0.0006449091264412743
yJKPxrrQO1Ycp0jKO91t9w,27,0.001447285965802274
yJRWfrf2VnczD43dW-EE3A,11,-0.0003199611186488728
yJw38SIIn9EaQuSSdxRHUA,8,-0.09090909090909091
yLFglYm8SBX05KIdFGuFbQ,6,0.0014216956682710105
yLrvAaCYv1HH8wMSRpOI_g,6,0.0004921713986895935
yMj8o1VW4NiUe8CEXSaRZQ,18,-0.0015647226173541968
yMlOwZWKLJQ-ETtkDLP4RQ,9,0.008108108108108109
yMpz1drhkXySohWbFpJEOQ,9,0.039097744360902256
yMq9b-R8Z_K6Uhw6z-zZSg,13,0.0010096372089140272
yNFpJ_UuPBYIc0WoBUuS9Q,30,-0.0009585253456221197
yNN7L5btOFyHb3Q1Et07pw,39,0.0018523461271552875
yNRUWE_0qEBdFuI3OjBdMA,15,0.0038652350981118098
yN_do1qUNXTk7asQwC5-kw,18,0.0022860567661286873
yNsMcSaJUpmo-R2PwK-GUw,12,-0.034924236285552225
yNv_RImPRQNf9qC8thA_0Q,7,0.008536585365853657
yOAZ47U67aDUwDXMrnv8UQ,20,-0.004792309087611103
yP1IBeS0hPYqSTB5bzxxZA,62,0.004929298313957859
yPOVNQu0iU6BR8RPIfIE3Q,10,-0.02782258064516129
yPxNNSmPHKO3m_kq53D4Jg,147,0.0318539145863624
yQ7sxpoKXcTWzuELVdpR6w,44,-0.009639696586599241
yQFrumkNl1clQ-iy6WxjIw,10,-0.0011842526405633205
yQeD7-A7l9Qfutps6S_1Aw,5,
yQla4Xe9la_cSakoqS35XA,60,0.00237527911402838
yRMwyKHYmZpwtoJ7alPz5w,22,-0.0007778861218542178
yRO9jF-YqiMwq5ja96GdTg,23,-0.007115570295117754
ySbvdb9W5_Y5-T-LXGALOA,7,-0.0008684324793747288
ySlb6aLKqaUmS9TS7ZCI7w,64,-0.030737298929194776
yT6p6OapmmsmCXPlI9PTsw,15,0.0072472238457042685
yTQG-9sWAJ5MrU8KFu_Pwg,10,0.008888888888888889
yU3PkQSwvgWU6pMfEBbmzQ,7,0.0011947763267574324
yUEeh9nwaycI6fKLruD_rQ,6,-0.0006455676271453311
yULamqA-RJxz3Z9niVaJ0Q,7,0.0033400771080658092
yU_9stIlB93Np-gKUOV6EA,24,0.003589269971873555
yUqps9Ws3kVfkJbN61xo9A,5,
yVID1jUqQ5W3FoHF95D9DQ,8,-0.0015856236786469349
yWL012Q65VunA4m_moqtPw,3,
yWXs_dc1xdrzWws2B_kRyg,17,-0.018601105393558224
yXeTp8BoQUkNHFzYxSEvfA,33,0.001022272456907109
yXvfvwey_hH9TBzuxrCpLg,10,-0.0034843205574912883
yYG2XDKCaf5yOLgJSKMw6g,115,0.004055680730886757
yYTmX6sgg_0FogemlNNA-Q,69,-0.0002514658569356498
yYpU8EWucx32OYIIHqP63A,43,0.00433848050449653
yYwZWTgSoweD0YNh2p9QRw,94,0.005319550732023378
yZCvg0NgG2wbuuiEjhyCGg,13,-0.13725490196078433
yZP6Z8sbDpkeXyjNMDiyDg,8,0.0030728709394205436
yZYhdTn8EDQeE6mYBY5vfQ,7,0.012987012987012991
y_H1AXgaFWV1EsetArescA,10,-1.5174825174825177
y_JZFlF-4fwSIn4RJ2vMGw,32,-0.0005202966711214942
y_j4V5xyL1tUfsnSIKNunQ,5,
yarSpN2HNFH8eAE_eb2Lgw,7,-0.00019812255295061074
ybQFmzhEieLK512AfSYBkQ,6,-0.0001314308714688221
yc76PdPdke67hWc8OAyQCA,10,0.0032893010235324985
ycm91tre_R4pRoV0STawSQ,46,-0.04342095520177713
ydIiHK4TE_wd7gAyifNUAQ,25,0.0033146754693512115
ydUCmSwy5Z15JzSPCFTCeQ,6,-0.0013371266002844952
ydY1FKBgpgXvhxpVPMbinA,17,-0.05128205128205127
ydq75wqbB6vevRvvFgINoQ,40,0.00013908425661045352
yeLtEpR34PtBeUFrDVbWFQ,91,-0.0038126118067978504
yeTzjbJPd1lHd1apdP0xXQ,3,
yeYJPFkAg6hiqCuQo8hZGA,8,-0.0001751119007756177
yeYnsfWaWxtcDpbTcBgPTg,7,0.1
yeoutv6FkWfpvRED-Rz7Wg,27,0.0018264919236162813
yezrPF5W9KBm-JI9ZeudNg,8,0.016956521739130436
yfRWuLFs-mp9GbG82yyeTQ,33,-0.008491418247515807
yfYQKGnPXd6qjwqifuhpVw,42,-0.07168198677632638
yfviYdnPmJ4x4QDmqkD1SQ,13,0.0030813755532856655
yhGRai3h-Qt_co9-zwc2Sw,34,0.004751326669134888
yhMpYBlu_yimn9sT-cIayA,13,0.075
yh_Rgiw_GPR9ZJWQjtDJhg,36,0.0012149141181399246
yi4nsMJI0U_ERjg6QxEx5Q,6,-0.0005283836878471753
yi9HhGyOGueLoDBCiN1IVw,20,-0.004540545430899458
yibLWvjBEtmxSvanv8q3NQ,5,
yj0SWZvJ0tGwAywoVxPT5A,23,-0.4246153846153845
yj6Z7KRusjHAj3osvhrxsw,16,0.0020270270270270276
yjVqm4shWfOriY8wakOB5Q,20,-0.0008525623204522287
yjXSQDwuI49poc3MA7AGdw,33,0.0031602912336857305
yjYOdci9mTeZphr-WD3H9Q,18,-0.0270935960591133
yjcpRvhOtqgu7ykZiL4xFQ,11,-0.0017160188362997841
yjeqvAvwWq000TWF1KQH2A,31,0.005763856544014906
ylV4wFE6qVcYPKZU5LBjaQ,4,
ylYiBWR1EYXU5hzl-t1uvQ,6,-0.026470588235294117
yllrFgtHI257pODXRsUNQg,45,0.003257592800899888
ylnXCamZxv1Azb1GTVuZ3g,15,-0.006019871420222093
ylx4no0IDC8xtS1yM8c5Ig,7,0.0002891844997108153
ylz7EXVL1g8NhRnChnCrKA,13,0.0029190992493744786
ymmMRHJoPeRuV32M0HAmRA,60,0.004820370469225432
yne4x3gAUEPoAgbdXzX8iQ,63,0.007860928014173872
yoQwmxZkg1-OH5uH9PbeMw,43,0.0023748629886737277
yoXMNvJd0xWJ2TsmQ4clTw,18,-0.010950226244343894
yooufdsf3eAVq_9RQNSDJA,45,-0.0011955786149334536
ypCwZ3VvlmhGfxfTDkj4yg,12,0.0017024174327545116
ypJdCkGXcLPHrmH7NBPM_g,14,-0.0015572858731924357
ypcs0dafdI-3-sFMofRATQ,16,0.0007774109992550523
ypwdVHkqBc2xBPnMQCtOMg,11,-0.0005199854593731729
yqCZg1ejIN0sZPzc15Pmhw,6,0.0006888633754305396
yqE7ay5N7hf5qqcxV0COrA,7,0.016483516483516487
yqKGAqAh9WIeIKIN6ZNBfw,4,
yqb4Nqa6HxOF347b0ZLBlA,26,0.002928157984337759
yqjA_Sd1c_aYPyaDyz3wbQ,65,-0.018112014453477866
yqox009aqMr-frRHFj9yyw,10,5.25983589312016e-05
yr20bgnPsoAj0TT8s_HbSg,10,-0.06612903225806452
yr3zZAhrSUwBb135uLb6Yw,19,-0.005374499714122356
yr6U0Wk8LXR_OLF1ezHOhw,51,0.0016610300098463132
yrO3kYVPv3vD5fsE7dcMWw,9,-4.017252272486565e-05
yrei1_Hm8C7-z0KmmxsD8Q,13,-0.027125506072874495
yrpbZJblFvKpXSMvj--WVQ,29,-0.0147627032149887
yrvM3DDB6HT5i9KhP5psLA,8,0.0014345006981236735
yrx221Vp9PNYBUJJSIoaiQ,8,2.660382466956833e-19
ys5hVkJiGDLAVzyPbk_tTw,28,-0.022134924831910558
ysvzP0VvMTrGmUClKJ3img,137,0.02638357117995127
yswMnHbSPhZoTdGO8a9ckQ,7,-0.0002629917946560067
ysxrRklK6xqBiBznoFp7Cw,32,0.010831656606304493
ytJqPKLH6l4mpAb5x0XxVA,24,0.0011286626087385098
ytJy61OJLhXsfTpVgnIgYw,31,-0.0016616928920238742
ytynqOUb3hjKeJfRj5Tshw,186,0.24496916926961115
yuIhKvOjgDbYCkgw-j55sA,31,-0.2663770053475935
yuO-Qy1QQVumIhO0ijvl3w,8,-0.006079027355623101
yukhGNx1-95mr1IivCU31Q,26,-0.011825453072795387
yun2nAeTYhNeS7elvEetmw,6,-1.2573581647600314e-05
yvdAiv-eNOxlw6kRq5_HEg,4,
yvpwN5321mM3x8G2ZiEZmw,23,-0.03574046920821115
yw8CBHbTmB5zrChvzt82VA,12,-0.000493740081114442
yx31OWOldAFmgJ8PDzgMYQ,5,
yx32jmqWOQ2ZB3RsRRfRrA,10,-0.07608695652173912
yxBS42yCi250PXY31jhoiQ,55,-0.03356213584483996
yxLoc4VZMkD3AeoddRl8Ww,21,-0.0022992403689636462
yy0n5-SHXZWgK8sy_0dHpA,77,0.005392682869518224
yy3XuGkFIowGr3jL4uJkdA,23,-0.06458675424192666
yy5-YZpI5cdV9NcnOrLLoQ,6,-0.0022514071294559104
yycbLj75XdiB53VVv3PhCA,25,0.001763869132290185
yynMH4WLLEj-CGR1BtVAew,4,
yypfHgPJw6V65cLTOZiPSQ,58,0.021415032441495955
yz4hMPsIO7sI0heAiPj4aQ,10,-0.00035606282313920576
yzQVHL2o2lTX6EwF0iSqTQ,18,-0.0002734270044728234
yzmfVvTu7_zxcB9vBv7dDg,22,0.0020022246941045602
yzsnQxRDkbUD4AX7RosOhw,15,0.0024065161051462416
z-BMYKp2XjdNdUArwj2BPw,4,
z-wYdFvKCc-4hSt-MW0B9Q,7,-0.09803921568627454
z0HCxBBwXc2_q1hUTIQUhg,15,-0.006572374993427622
z0UD6W-U6fb-f_od2A5rDg,10,0.006229143492769748
z0V0wZ4Nebah9WFHFGXrHA,16,0.00029970029970029954
z0Vlh0_EDTFpp0XbYb0bJg,28,0.0018779342723004697
z1Ak92zJkn0nHfsYh4e3mg,12,-0.1496388028895769
z1TyupB3dqGlAfijPyGryA,51,0.0010569583088667056
z1VZeX5KFfYzvV62Lpj16A,6,-0.00013111888111888128
z1d3dFsEJ8wXB2v0W97LFQ,9,-0.008502024291497977
z1llbFByQIFZP5Hb44-_zw,60,-0.0032110704458632755
z1qfNL5rWHuoEOFd2qR1ag,26,0.0027188328912466837
z1xr2cfCDy6Hxq6QHRg8EQ,24,-0.07022047719722138
z22MXGNyk8L2rOp0213cWA,50,0.012455163883735312
z2DS9uS9dvWidJTLjOLK1w,50,0.0038654677276800044
z3JIp32V1eTem1NNVCjsnQ,9,0.0022132796780684103
z3RdarkVy7JIwIICn-eT9A,35,0.011096486787486076
z3Yma_8zyTlI2YkI42fFig,8,0.0020566639757044554
z3eM7Wb7EsCuJbNz5IYu_Q,10,-0.09642857142857142
z3jJc2dxTpEbFt4IBuYQiQ,16,0.0021475280855399767
z3vQl4fABRCMe2x5_BjIfQ,8,-0.06832298136645963
z4EPGizY26AmNwy3N5CX_w,4,
z4QY7z6M4EC5cKa3CNRliQ,11,0.004967948717948718
z4sNgoL5QRElS1JwAFewWw,5,
z4yBWuipKoas_hK9RrSARA,10,-0.0012107295689385243
z5LvLuGqXBU20qhVDx0ppA,6,0.03496503496503496
z5YxP_jyIU7dRKUA7V_H0w,14,-0.17802197802197803
z5elz-by9uvkQL3wmfCDpw,13,-0.003321941216678057
z5gg6k1uOEqTU7zrlN7OLA,5,
z5qihVAArG351hpN3riTOA,3,
z6-Nxhr-JX4OBOpmknkkgw,5,
z65tiTFYszkAJ4NhLpkiBA,7,0.0019057502712392098
z6AozFs7DVP8qssgdpusVQ,7,0.0018357410806927926
z6WgDl33P5MYAQ4DoD7Y2g,28,-0.001028622540250447
z6jtqUPjCVITAOlCw69KBQ,3,
z6neSckjZB2CfuPk-uS82Q,12,0.0010104116329130606
z6sg3yLchXyZqUmanvECYw,12,-0.03483575248281131
z77ABD_iz8lAGOJM5UPljg,17,-0.00679553005134401
z7G7-VekRUjGvSu3w05Dkw,12,9.541529507180082e-06
z7GXmSfRl92A_NWB7Zz4Og,35,-0.00842623800881514
z7Tqhi2nA4ME_96mWmx3Rg,31,-0.002118171683389075
z7sp6u5JnNlq2ziu31EFvw,33,-0.0008747122957166478
z866E3X7MDdFWVQ5F_3EBA,18,-0.10394385026737969
z8PyCPTIHTFmbb7cQVWUKg,5,
z8W9DGBbJmg4aPfEYLHhUQ,4,
z9ipWqd6asWSn1vwcBvUcg,27,-0.0009503831499636109
z9yUhsLHuqGWtods-8kibA,10,-0.010714285714285711
zAGKuYlERFH-NRtds3q6EA,8,0.0022408963585434163
zAHzitys-ncDZi0nVW_qsw,96,0.003939498504715897
zAKk205BWtGY9xo_M98cqg,7,0.00034062181949505893
zAVc0p8TQtR-6IfJsNNEVQ,7,-0.014347826086956523
zAZ_t5jCCZukXu3iS7_xWQ,6,0.0024969987995198087
zAl8dPJnqEmyImoluzXOeA,13,0.0015677491601343784
zAssYS_txdEPsdwlSSZdYw,7,0.001466275659824047
zAxWNkDWBvgNfIwTAyCBMw,110,0.0033959728322173408
zB2I7qEx_tg7a2imRCJokg,6,-0.012987012987012988
zBFoAZg4jY5y3g9c4mSzfQ,11,0.0011927945472249267
zBOy9arp97nuwKuTal5Mkg,37,0.00022388215847509064
zBfhupE2j25W26pnmWgMmQ,5,
zByP1OHxcVTyoSpKqsoJsg,20,-0.000548931383577053
zCP1Tz-wUf1rKyEFmkEdog,18,-0.006424825174825176
zCmdpK9TYREr3sO1QO6BCw,41,-0.021729957805907175
zCowVbESD9TSMdgBd1HzdQ,40,0.0017851791600667836
zCuSPzxpAob_G1-823V1rA,31,0.00011211297170936522
zD0jDAeVSoKuEd1RYg_6HQ,3,
zD12wBN9vQHecg_-m_YXOg,7,0.0033924147131694305
zDAPljNKUka4vGyKFR-KkQ,5,
zDSZ1o-FYC2U7rrBg_kH7w,29,-0.0888663967611336
zDuBpAhbC6lDtg7JR_XnHQ,10,0.0028985507246376816
zE1ukT4dVBV6Wk-reSpWHA,4,
zE4z1THTOvnNYmZInUgAEg,6,0.0005994395240450177
zEa5L-ctmIJzc1aN582EOQ,15,-0.00014088971857278724
zFpzWAtUXDkOXk7JEXbk3w,17,-0.08195488721804511
zG8xZ-X3QPt7KucfYVffCg,25,-0.0005544815597416415
zGD1PUe6bksPqx5XUqGUIQ,64,0.005004992588641706
zGeglx1xYT_53xYrpd2SFg,15,-1.5735641227380155e-05
zHsgyjMWWMyHTGsc2UjTlQ,13,0.012223071046600458
zJArQ1uARHmSDrW-ftRV5g,50,-0.006464883925947694
zJErbOQMKX-MwHs_ulV7DA,118,0.007211395196376429
zJnRztekQRb6nGe-3Q4mQA,16,-0.025974025974025972
zK-BfS0xMgDRGvb_KJL4Kw,44,0.010270317557519029
zL8_hKIm4rOb1QkLQKNfUA,15,0.0007060731835313199
zLEzvyIkY_Ue7uCqMoGHMQ,14,0.0006756756756756755
zLRRim8tu00cvU7QjAJAmQ,11,0.0005700023680245437
zLViSytSrWambgwGECNyZA,33,-0.001737152111671309
zLm2PaYrpHkcr63ekwvtBQ,63,-0.018121512981592938
zLwqBfXiICl6moUA8yjmwA,8,-0.007149321266968324
zM-FI9KgcFF8cO4ivQ44uw,14,-0.1298701298701299
zM2FiARffKtAW7cO1jer-w,45,-0.03725205611998065
zMLA0-Qd9_4nHvovBaAMzQ,17,-0.03596059113300493
zMLpY0v7UXfnpwp6C0g95g,21,-0.04582869855394883
zMcns4agk1HdjFMUwhmpBQ,5,
zMy3Pr6j2ZndQyD0Q0ToIw,19,0.009360599078341011
zMz96Efkh6I_FwEqtbz23w,7,5.257899994742094e-05
zN1nWYBHTL4T4onTRoqE6g,24,-0.0005100947756093082
zNi8ceY3sLBXZoTUstjrvg,10,-0.042857142857142844
zO3DCDa9l-AgVm3R8oXqXg,4,
zODRL6SF5Re-8ZRHWsTraQ,49,0.003446237330763606
zOKaw5aadadq7KJc0TPENw,48,-0.006965926134233219
zPUt5nQEF0fqcCLoVvQN3Q,2,
zPl2SR6S2-X4T40DQdnoTw,38,-0.015838690824079488
zPtH-pEqte_D8RdnXhHlwA,7,0.005849189570119803
zQKzntycRKXbDHSjrwkYkw,5,
zQUcllwjcYYILarOTWSnXA,8,0.0026458036984352775
zQrVOv8HISzIlwOiZMbwEA,62,0.0033730158730158745
zR24NeSKRDP61xShimik8A,5,
zR4f-27GTZSQ-39BnEj9IA,10,0.0003745318352059923
zRLIbiUqmTDLxJUqugBO2w,61,0.001636583755227823
zRhc-DVTn3XcljmgnNYrsA,7,-0.005738447598912716
zRjUMHQJ5gAmFhcXZtLacA,147,-0.010111164082724628
zRnFxKLKdn0ZJ2_DapEQWA,13,-0.1964912280701754
zS6Wa4yV_UpJBgatrDaE0A,12,0.0015957446808510637
zS9gD9dfc6TmM44np17hAg,16,-0.0016575559865984835
zSlWMn4h_7tKP7ErrCD_6A,54,0.001035726025681832
zT98ZdtdWf0TTZMkKtHSeg,28,0.0046190615549702475
zTF6I_epCnS-PY3RIhGopQ,17,0.02739130434782609
zTdkrKZaH9ZdDRK-TZMhnQ,21,-0.0010804766186370887
zU5PPd9j4bYC_MepNSEDcA,59,-0.2810304449648712
zUH7pZU7kDydLIgNTxu1qw,13,-0.0009445447294404096
zUJMvjK6aBeQtVCowZ85-w,46,-0.009189857761286334
zURelxN8KhAmi3uxuQtC_g,8,-1.9761904761904763
zVNktUm3KRhAz_613zCSOQ,13,0.0005464887383263139
zVmW-ohNzhOPiBIeUPL62g,27,0.002145967240306863
zVoivXO64KO9-4UQlMhoPA,31,-0.006371156932954685
zX0z6Y7s8addvSkm_lwgFA,19,-0.005435024065161054
zXL2yGMLOvc4X-Phorm5Fw,31,0.0029234916027368863
zXgksmhdzgL4Xx5FylbP3w,71,-0.049293790412888776
zXifwnYDGPBd0bAWco777w,15,-0.0024026606305087316
zY32Vxx4-cUfowaGRUCEYA,7,0.0012162876784769963
zYDlxfKri-i9IXKPkukrVw,16,-0.002727987300217314
zYnYOzhlG9jPoX9ANecEUw,68,0.007087487585610917
zYty3y2eQZQfdCSzyUUbzw,23,-0.003640626928298161
zZo62mlKnFgerNx1pXq7Ng,95,0.0001267962806424337
z_9_YHqMk_dPWq8op6aufg,12,0.001265566467550876
z_HjcSyGqKePmpjta8T1LA,5,
z_UbBwd6zvBXs86Az-A8zg,3,
z_rrWRB6vlsK3fGP3BcmBw,42,0.0005701063880540046
z_v1HmY1OH_SFmJxQWVyeA,19,8.260917598839882e-05
zaeNGZfmOiBzGVqGhRfX3w,5,
zagPCH-flhfOjjTGGBgjkg,36,0.0013428426486825217
zbKWZatyJcpePDsm8om8JQ,7,0.0004826254826254826
zbd07p4LWd6ty5mHA2F1cg,32,-0.012078678206136898
zbu2BgZJMCScHtyFnyy6YQ,5,
zc5VAa0CBWIvk7GLr9d5Qw,18,0.0008155595110364119
zcDWeF_u9Ur0DIyAOUkOmA,8,-0.001282991202346041
zcio2NjmGKZFOXfTtQA4ZA,58,0.009396669654228975
zczhm2kpHy4MKKW9fmSdFQ,10,7.889753839680204e-05
zd0xpBo1pKRUs_LbX0YtLw,5,
zdQlfwvFjy2Lto5ZEe_H2Q,10,9.028646605873785e-05
zdXlwpwhJ4vXJUOJ5yY4ag,13,-0.0005115312197298682
zdvUHIeAQrDcTWNT7GWsmA,32,0.0004913829938755162
zeG4Jb_ORGiqnGmcww_a4w,14,-0.03431372549019606
zeounyPVXFZEz1c9KtptLA,48,0.00016771019677996348
zeph20t-1wXKmVejMvT3Wg,7,-0.0008710801393728226
zf10JmXNZFljGl3IgWW-Lg,82,-0.0026074584302733872
zfGDoYNklqZeaS2nYZpmOw,6,0.021428571428571422
zfn7V7FVH5_J5A9dInfbnA,66,-0.08563957705080734
zgHUDODsovqKr1eh3UquQQ,16,-0.008180621646248859
zgX8sYCRGVJ9M5LETpJ60A,73,0.006015965117312174
zgc7Ctq8cRe8o3VS1Vfy5A,21,0.0001482388579162773
zh3WpcN7QE95ovEtES7Ysg,43,-0.014629990262901653
zhFONN1m6MzdVcK8QjEljA,6,0.06372549019607843
zhcGL_py81FPAfUhmn56Nw,4,
ziMvN9iVXWQJrBtzcEONMg,77,-0.003090065206868077
zimB-GhmQD47YOR4JK5Bkw,9,0.0002226910454758557
ziyXteCmNmRprs10buP2iQ,105,0.004148470123497289
zjTBfbvbN2Ps6_Ar0w-fuQ,127,0.004012116915342722
zkk9mNwJS7va4l0Dp1HPEw,10,0.013013196480938417
zkrKSW5yrb0OPvhwpn-SeA,5,
zm9aNqkHHtp1f-VT3ZlOZw,25,-0.04410256410256411
zmUzj5kSZueQB-H8WxatCg,6,0.0017677974199713335
zmf3SRG73_R3IUkIIOzZtw,28,-0.009414368403132445
zmyfGGhj4SiHept2dDAsSg,7,0.03636363636363636
znIjpTrNJoL5xoYppT-hrg,11,-0.0028693076638282126
znYbdOLX_HUr8RLIAMpXqw,5,
znkvT4-S6HtMmnqLQDqDlQ,7,0.0012568735271013356
znr5iGWOnCxgmZ8DJ-hEqQ,9,0.0035522273425499244
znx1v_c2IPKOXlYAbqFYvg,66,-0.11733735747820244
zo1GorIE0bek0ZvQzLzqUg,16,0.005403187998124707
zp9OcdUq2CWtQuI9FFBOQQ,113,-0.009260430955502353
zpKTPWoW56wF6d9qNnxM3Q,127,-0.0272375412739717
zpouVLawHf98VGOugPKcbA,19,-0.007699637888317132
zps-kGBEwz4M4KYTnJXLJA,5,
zqWQ7ghq_qRnVOogdYXp6A,13,-0.1176470588235294
zqZx70_E5Y_W4rjhahpJag,20,-0.0052157420578473205
zqisPpgCURrgLf4TVnI8RQ,20,-0.006417112299465243
zql7T79U3psN2Jz8A6XERw,19,-0.09622434017595308
zr-b0_ARdeb5eTLHemB5yQ,22,0.00249844495127514
zrQAj03aHI7kpmAiyKcKhA,49,-0.01755102040816326
zropQGh2fc7PMpzd32vneQ,11,-1.0909090909090908
zsHuf8OY7TDKqZ2e307Hzw,10,0.0004801920768307323
zsTObJbtOgEgbSRTvyWleg,7,0.023076923076923075
zsZXZvnQKG3oXw4h7UA_og,16,-0.0014314616177424906
zsaDvomuMLe_-Ibtk9sA-A,10,-0.007279562542720437
zsdUQOWWOY8IKQPCmZtG3Q,6,0.0003344481605351171
zshJGJPip5oKjocYXhLofw,5,
zspnOaAN4jpseR3X7YtX5Q,45,0.00025853016557633593
zssISv4ZdplRT_Zcw8drPQ,33,-0.06011275546159267
zuEdIZKAYBDfPjyFg6B34Q,44,0.002871205906480722
zuKnCtZQKZqnvEaKVnwVVQ,9,0.0019657724329324696
zuNEmJXTIAMRwRY5v-oSCg,87,-0.002397062745365575
zucC7rHpXPYBu7aEqj0NUw,31,-0.12001409443269909
zujdPV3HT-Y-CKE1GgkMHQ,83,-0.01913458490366666
zvixukO8M4PCmMMaZOldPg,5,
zvvl3c1FO3O3BZdhusficA,4,
zwTmOj4B_OVPMTMYijQiKg,50,-0.002602369450195537
zwWgOoaLY-RnFgNVuMc7GA,6,0.0005187963923697023
zwd4dyQ5ovnjVojWfAuhMw,114,-0.015859707132735004
zwgBxmrmPBF6N2uRTUYXrQ,70,0.006885984995244972
zwl7iLwHBTdkb5-0gNgGFg,46,0.0036443316803136893
zxRmQ_FWVowh8rlzLCSURQ,22,0.0027800945232137894
zxWeLWsv6Ebrkb-MDMbD-g,23,-0.0064158037659276055
zxY4DgtXsVHihSUpsmwamg,6,-0.0004938881343375725
zxYD-C8GDnwuWDYxfD0spg,22,0.0014809329877823033
zxtDh0mCBrYiT9UksuK4hQ,7,0.010447214076246334
zxzDDlXdi1PmEudzemifRA,13,-0.001700180512992737
zy0GWJhzZCQ-mTPPHr_Ujg,4,
zy2p8yfx_fgXMCCUo8nWsA,36,-0.004185687729991528
zy7uNOvpykrq-XlmDY_wHA,6,-0.010319917440660475
zyMkbavgHASQtqVwaock9A,18,0.0023070534313574705
zyPABnfcXJagJGwReCsT1A,8,-0.00020901665701974405
zy_g2wKTNIB7EQdG73_Xaw,36,0.0027236595425571795
zyge4T5eSiPHq1-IaJb_Qg,9,0.0014681231032178186
zyghhZzPgb1bRAIYB-oi1w,10,0.0011764000659383474
zz-fcqurtm77bZ_rVvo2Lw,15,0.014822134387351776
zz3E7kmJI2r2JseE6LAnrw,81,-0.0003787157424559831
zzyx5x0Z7xXWWvWnZFuxlQ,5,
